time,vehicle_id,co2,fuel,nox
0.00,veh0,2298.06,733.06,0.96
1.00,veh0,2304.91,735.25,0.95
2.00,veh0,2407.39,767.95,0.99
3.00,veh0,2386.59,761.33,0.98
4.00,veh0,2495.65,796.13,1.02
5.00,veh0,2812.03,897.08,1.16
5.00,veh1,2298.06,733.06,0.96
6.00,veh0,2629.13,838.74,1.06
6.00,veh1,2334.39,744.66,0.97
7.00,veh0,2761.81,881.08,1.11
7.00,veh1,2495.24,795.99,1.03
7.00,veh7,2298.06,733.06,0.96
8.00,veh0,2905.06,926.79,1.17
8.00,veh1,2526.23,805.88,1.04
8.00,veh7,2329.71,743.16,0.96
9.00,veh0,3029.46,966.49,1.22
9.00,veh1,2406.98,767.85,0.97
9.00,veh2,2298.06,733.06,0.96
9.00,veh7,2443.84,779.59,1.01
10.00,veh0,2708.36,864.06,1.06
10.00,veh1,2778.38,886.35,1.14
10.00,veh2,2286.02,729.22,0.95
10.00,veh7,2368.00,755.40,0.97
11.00,veh0,3345.11,1067.21,1.35
11.00,veh1,2516.60,802.84,1.01
11.00,veh2,2390.29,762.50,0.99
11.00,veh7,2388.43,761.93,0.97
12.00,veh0,3228.38,1029.98,1.28
12.00,veh1,2801.19,893.65,1.13
12.00,veh2,2400.38,765.73,0.99
12.00,veh7,2822.16,900.31,1.16
12.00,veh8,2298.06,733.06,0.96
13.00,veh0,3364.04,1073.27,1.34
13.00,veh1,2985.69,952.52,1.21
13.00,veh2,2504.85,799.06,1.03
13.00,veh7,2974.84,949.03,1.22
13.00,veh8,2310.41,737.01,0.96
14.00,veh0,4172.68,1331.26,1.71
14.00,veh1,2903.45,926.29,1.16
14.00,veh2,2608.45,832.13,1.07
14.00,veh3,2298.06,733.06,0.96
14.00,veh7,2684.03,856.27,1.08
14.00,veh8,2433.23,776.20,1.01
15.00,veh0,4089.10,1304.60,1.65
15.00,veh1,3581.29,1142.55,1.47
15.00,veh2,2872.51,916.38,1.18
15.00,veh3,2314.57,738.33,0.96
15.00,veh7,2810.83,896.73,1.13
15.00,veh8,2365.60,754.64,0.97
16.00,veh0,3401.70,1085.32,1.31
16.00,veh1,3864.51,1232.92,1.59
16.00,veh2,3102.43,989.75,1.28
16.00,veh3,2415.16,770.43,1.00
16.00,veh7,3259.51,1039.88,1.33
16.00,veh8,2683.15,855.95,1.11
17.00,veh0,4263.37,1360.22,1.71
17.00,veh1,3836.00,1223.84,1.56
17.00,veh2,2564.54,818.16,1.01
17.00,veh3,2587.19,825.33,1.07
17.00,veh7,3549.47,1132.40,1.45
17.00,veh8,2795.49,891.81,1.15
17.00,veh9,2298.06,733.06,0.96
18.00,veh0,4351.01,1388.19,1.74
18.00,veh1,3908.70,1247.04,1.58
18.00,veh2,2904.37,926.58,1.16
18.00,veh3,2747.35,876.44,1.13
18.00,veh4,2298.06,733.06,0.96
18.00,veh7,3726.05,1188.75,1.52
18.00,veh8,2629.81,838.96,1.06
18.00,veh9,2340.06,746.47,0.97
19.00,veh0,5260.59,1678.38,2.15
19.00,veh1,3671.58,1171.41,1.45
19.00,veh2,2948.07,940.53,1.17
19.00,veh3,2925.53,933.30,1.20
19.00,veh4,2294.75,732.00,0.95
19.00,veh7,3645.76,1163.15,1.47
19.00,veh8,2508.44,800.25,0.99
19.00,veh9,2359.94,752.82,0.97
20.00,veh0,2797.42,892.59,0.97
20.00,veh1,4700.36,1499.62,1.93
20.00,veh2,3266.22,1042.04,1.31
20.00,veh3,2610.68,832.87,1.04
20.00,veh4,2327.63,742.50,0.96
20.00,veh7,3992.94,1273.92,1.62
20.00,veh8,2616.35,834.68,1.04
20.00,veh9,2423.71,773.17,0.99
21.00,veh0,3484.99,1111.95,1.30
21.00,veh1,3865.26,1233.22,1.52
21.00,veh2,3445.48,1099.24,1.39
21.00,veh3,2811.41,896.91,1.13
21.00,veh4,2363.71,754.02,0.97
21.00,veh7,3147.09,1004.08,1.21
21.00,veh8,2749.36,877.13,1.09
21.00,veh9,2494.86,795.88,1.02
22.00,veh0,0.00,0.00,0.00
22.00,veh1,1951.64,622.75,0.60
22.00,veh17,2298.06,733.06,0.96
22.00,veh2,3428.53,1093.84,1.37
22.00,veh3,3399.23,1084.45,1.40
22.00,veh4,2376.73,758.18,0.97
22.00,veh7,0.00,0.00,0.00
22.00,veh8,3485.77,1112.07,1.43
22.00,veh9,2619.85,835.77,1.07
23.00,veh0,0.00,0.00,0.00
23.00,veh1,2166.83,691.40,0.71
23.00,veh17,2320.22,740.14,0.96
23.00,veh2,3402.89,1085.68,1.34
23.00,veh3,3264.57,1041.51,1.32
23.00,veh4,2373.54,757.18,0.96
23.00,veh7,2717.10,866.85,1.07
23.00,veh8,3139.76,1001.70,1.25
23.00,veh9,2538.57,809.85,1.02
24.00,veh0,0.00,0.00,0.00
24.00,veh1,2585.41,824.93,0.90
24.00,veh17,2421.38,772.42,1.00
24.00,veh2,4452.82,1420.64,1.83
24.00,veh3,3009.50,960.15,1.19
24.00,veh4,2482.40,791.91,1.01
24.00,veh5,2298.06,733.06,0.96
24.00,veh7,1969.25,628.27,0.71
24.00,veh8,2976.24,949.54,1.17
24.00,veh9,2846.16,907.99,1.16
25.00,veh0,0.00,0.00,0.00
25.00,veh1,1278.22,407.92,0.28
25.00,veh17,2545.01,811.87,1.05
25.00,veh2,0.00,0.00,0.00
25.00,veh3,3089.81,985.78,1.22
25.00,veh4,2525.71,805.74,1.02
25.00,veh5,2404.77,767.11,1.00
25.00,veh7,3003.33,958.17,1.19
25.00,veh8,3098.52,988.56,1.21
25.00,veh9,3206.11,1022.83,1.31
26.00,veh0,2912.98,929.30,1.19
26.00,veh1,3415.30,1089.68,1.29
26.00,veh17,2455.53,783.34,1.00
26.00,veh2,0.00,0.00,0.00
26.00,veh3,3612.20,1152.44,1.45
26.00,veh4,2554.73,815.01,1.03
26.00,veh5,2428.65,774.75,1.00
26.00,veh7,3681.45,1174.52,1.50
26.00,veh8,4099.04,1307.76,1.68
26.00,veh9,3288.12,1049.01,1.34
27.00,veh0,3146.38,1003.77,1.29
27.00,veh1,0.00,0.00,0.00
27.00,veh17,2842.84,906.91,1.17
27.00,veh18,2298.06,733.06,0.96
27.00,veh2,3286.18,1048.40,1.33
27.00,veh3,3593.83,1146.59,1.43
27.00,veh4,2608.01,832.02,1.04
27.00,veh5,2494.59,795.79,1.02
27.00,veh7,4092.42,1305.64,1.68
27.00,veh8,0.00,0.00,0.00
27.00,veh9,2799.79,893.23,1.10
28.00,veh0,2855.83,911.09,1.14
28.00,veh1,0.00,0.00,0.00
28.00,veh17,2914.16,929.68,1.19
28.00,veh18,2341.81,747.02,0.97
28.00,veh2,3300.39,1052.94,1.33
28.00,veh3,3851.65,1228.85,1.54
28.00,veh4,3222.72,1028.13,1.32
28.00,veh5,2767.33,882.81,1.14
28.00,veh6,2298.06,733.06,0.96
28.00,veh7,4196.55,1338.87,1.71
28.00,veh8,0.00,0.00,0.00
28.00,veh9,3769.67,1202.66,1.55
29.00,veh0,2992.19,954.61,1.20
29.00,veh1,0.00,0.00,0.00
29.00,veh17,3099.49,988.82,1.27
29.00,veh18,2470.17,787.99,1.02
29.00,veh2,3953.43,1261.29,1.62
29.00,veh3,0.00,0.00,0.00
29.00,veh4,3178.54,1014.05,1.29
29.00,veh5,2631.88,839.62,1.07
29.00,veh6,2312.39,737.64,0.96
29.00,veh7,4473.84,1427.35,1.83
29.00,veh8,3167.39,1010.48,1.30
29.00,veh9,2996.83,956.12,1.17
30.00,veh0,3018.06,962.87,1.20
30.00,veh1,2856.92,911.41,1.17
30.00,veh17,2930.19,934.82,1.18
30.00,veh18,2510.77,800.95,1.03
30.00,veh2,3800.00,1212.36,1.54
30.00,veh3,0.00,0.00,0.00
30.00,veh4,2916.84,930.58,1.15
30.00,veh5,2797.92,892.60,1.13
30.00,veh6,2439.71,778.27,1.01
30.00,veh7,3104.73,990.59,1.17
30.00,veh8,2619.52,835.71,1.03
30.00,veh9,3212.77,1025.02,1.26
31.00,veh0,2953.16,942.18,1.16
31.00,veh1,2969.32,947.28,1.21
31.00,veh17,3046.72,972.01,1.22
31.00,veh18,2741.30,874.51,1.13
31.00,veh19,2298.06,733.06,0.96
31.00,veh2,3741.39,1193.67,1.49
31.00,veh3,3413.85,1089.13,1.39
31.00,veh4,3378.84,1077.97,1.36
31.00,veh5,3131.66,999.08,1.28
31.00,veh6,2536.25,809.08,1.04
31.00,veh7,3021.99,964.20,1.12
31.00,veh8,3475.08,1108.66,1.42
31.00,veh9,3518.50,1122.56,1.40
32.00,veh0,3036.22,968.68,1.19
32.00,veh1,3100.60,989.18,1.26
32.00,veh17,3699.44,1180.25,1.52
32.00,veh18,2857.68,911.65,1.17
32.00,veh19,2288.29,729.95,0.95
32.00,veh2,3455.17,1102.37,1.35
32.00,veh3,3154.41,1006.38,1.25
32.00,veh4,3448.43,1100.19,1.38
32.00,veh5,3017.89,962.80,1.21
32.00,veh6,2632.34,839.75,1.08
32.00,veh7,0.00,0.00,0.00
32.00,veh8,3520.28,1123.09,1.43
32.00,veh9,0.00,0.00,0.00
33.00,veh0,4083.41,1302.77,1.67
33.00,veh1,2975.94,949.42,1.19
33.00,veh10,2298.06,733.06,0.96
33.00,veh17,3720.64,1187.03,1.51
33.00,veh18,2706.52,863.44,1.09
33.00,veh19,2399.36,765.39,0.99
33.00,veh2,4208.52,1342.72,1.69
33.00,veh3,4008.86,1278.98,1.65
33.00,veh4,3485.26,1111.95,1.39
33.00,veh5,2840.23,906.13,1.12
33.00,veh6,2573.44,820.97,1.04
33.00,veh7,0.00,0.00,0.00
33.00,veh8,3696.19,1179.22,1.50
33.00,veh9,0.00,0.00,0.00
34.00,veh0,3361.65,1072.53,1.32
34.00,veh1,2834.78,904.40,1.11
34.00,veh10,2311.24,737.27,0.96
34.00,veh17,3200.02,1020.95,1.25
34.00,veh18,2668.23,851.24,1.06
34.00,veh19,2344.36,747.85,0.96
34.00,veh2,0.00,0.00,0.00
34.00,veh3,3391.85,1082.15,1.34
34.00,veh4,4338.71,1384.23,1.78
34.00,veh5,3354.23,1070.12,1.35
34.00,veh6,2510.89,801.02,1.00
34.00,veh7,2966.20,946.31,1.19
34.00,veh8,3265.91,1041.97,1.29
34.00,veh9,1770.44,564.84,0.62
35.00,veh0,4504.78,1437.22,1.85
35.00,veh1,3123.17,996.41,1.24
35.00,veh10,2350.85,749.92,0.97
35.00,veh17,3402.00,1085.39,1.34
35.00,veh18,2926.99,933.79,1.18
35.00,veh19,2372.90,756.97,0.97
35.00,veh2,0.00,0.00,0.00
35.00,veh3,3204.41,1022.36,1.24
35.00,veh4,0.00,0.00,0.00
35.00,veh5,3374.89,1076.72,1.35
35.00,veh6,2564.36,818.09,1.02
35.00,veh7,2337.98,745.90,0.89
35.00,veh8,4238.72,1352.33,1.73
35.00,veh9,2049.88,653.99,0.75
36.00,veh0,0.00,0.00,0.00
36.00,veh1,3261.83,1040.66,1.30
36.00,veh10,2340.19,746.52,0.96
36.00,veh17,1403.13,447.72,0.39
36.00,veh18,3395.15,1083.16,1.39
36.00,veh19,2692.19,858.84,1.11
36.00,veh2,2856.76,911.38,1.15
36.00,veh27,2298.06,733.06,0.96
36.00,veh3,4268.62,1361.88,1.73
36.00,veh4,2280.88,727.68,0.86
36.00,veh5,4052.57,1292.93,1.66
36.00,veh6,3077.05,981.66,1.25
36.00,veh7,3498.96,1116.28,1.43
36.00,veh8,4265.52,1360.89,1.73
36.00,veh9,3430.50,1094.45,1.40
37.00,veh0,1601.09,510.82,0.54
37.00,veh1,3168.30,1010.83,1.24
37.00,veh10,2462.81,785.65,1.01
37.00,veh17,0.00,0.00,0.00
37.00,veh18,3378.42,1077.84,1.36
37.00,veh19,2749.47,877.13,1.12
37.00,veh2,2839.34,905.83,1.13
37.00,veh27,2348.46,749.15,0.97
37.00,veh3,3595.82,1147.25,1.40
37.00,veh4,0.00,0.00,0.00
37.00,veh5,4126.15,1316.42,1.68
37.00,veh6,3107.74,991.46,1.26
37.00,veh7,2918.69,931.18,1.14
37.00,veh8,3788.13,1208.60,1.49
37.00,veh9,3141.84,1002.37,1.25
38.00,veh0,1653.10,527.41,0.56
38.00,veh1,3676.12,1172.84,1.47
38.00,veh10,2582.41,823.82,1.05
38.00,veh11,2298.06,733.06,0.96
38.00,veh17,3243.46,1034.76,1.32
38.00,veh18,3466.80,1106.04,1.39
38.00,veh19,2770.39,883.81,1.12
38.00,veh2,3504.54,1118.06,1.44
38.00,veh27,2473.46,789.04,1.02
38.00,veh3,0.00,0.00,0.00
38.00,veh4,3094.00,987.09,1.24
38.00,veh5,0.00,0.00,0.00
38.00,veh6,2945.04,939.57,1.17
38.00,veh7,3844.03,1226.39,1.57
38.00,veh8,4830.36,1541.11,1.97
38.00,veh9,3463.77,1105.08,1.39
39.00,veh0,3012.07,960.95,1.20
39.00,veh1,3153.81,1006.23,1.21
39.00,veh10,2786.06,888.80,1.14
39.00,veh11,2305.49,735.44,0.95
39.00,veh17,2827.70,902.14,1.12
39.00,veh18,3287.94,1049.00,1.30
39.00,veh19,2771.66,884.23,1.11
39.00,veh2,3008.67,959.88,1.19
39.00,veh27,2667.73,851.03,1.10
39.00,veh3,0.00,0.00,0.00
39.00,veh4,3316.34,1058.03,1.34
39.00,veh5,0.00,0.00,0.00
39.00,veh6,3105.62,990.81,1.24
39.00,veh7,3767.68,1202.05,1.52
39.00,veh8,1896.89,605.29,0.57
39.00,veh9,3811.36,1215.98,1.54
40.00,veh0,3689.13,1176.96,1.51
40.00,veh1,4660.24,1486.82,1.91
40.00,veh10,2609.36,832.44,1.05
40.00,veh11,2314.59,738.35,0.95
40.00,veh17,3401.91,1085.33,1.38
40.00,veh18,3202.64,1021.79,1.25
40.00,veh19,2866.46,914.48,1.15
40.00,veh2,3037.66,969.14,1.19
40.00,veh27,2562.30,817.41,1.04
40.00,veh28,2298.06,733.06,0.96
40.00,veh3,1999.75,637.90,0.81
40.00,veh4,2967.00,946.59,1.16
40.00,veh5,0.00,0.00,0.00
40.00,veh6,2940.33,938.09,1.15
40.00,veh7,3603.55,1149.70,1.43
40.00,veh8,2348.76,749.44,0.79
40.00,veh9,3275.27,1044.97,1.28
41.00,veh0,3442.21,1098.20,1.38
41.00,veh1,4476.42,1428.19,1.81
41.00,veh10,3049.59,972.89,1.24
41.00,veh11,2393.11,763.41,0.98
41.00,veh17,3645.38,1163.02,1.48
41.00,veh18,1504.91,480.19,0.44
41.00,veh19,3205.28,1022.58,1.30
41.00,veh2,4018.75,1282.14,1.65
41.00,veh27,2814.69,897.94,1.15
41.00,veh28,2316.69,739.01,0.96
41.00,veh3,2294.22,731.83,0.95
41.00,veh4,3636.35,1160.14,1.47
41.00,veh5,3022.96,964.40,1.23
41.00,veh6,2971.66,948.09,1.15
41.00,veh7,4601.12,1467.95,1.89
41.00,veh8,1811.71,578.11,0.53
41.00,veh9,3648.52,1164.05,1.44
42.00,veh0,4052.06,1292.77,1.65
42.00,veh1,3368.39,1074.72,1.27
42.00,veh10,2654.78,846.95,1.05
42.00,veh11,2497.17,796.61,1.02
42.00,veh17,3722.26,1187.55,1.50
42.00,veh18,0.00,0.00,0.00
42.00,veh19,3145.35,1003.48,1.26
42.00,veh2,3344.35,1067.00,1.31
42.00,veh27,2849.00,908.89,1.16
42.00,veh28,2503.43,798.60,1.04
42.00,veh3,2297.65,732.93,0.96
42.00,veh4,3646.89,1163.52,1.46
42.00,veh5,3155.20,1006.60,1.28
42.00,veh6,4205.30,1341.66,1.73
42.00,veh7,3409.59,1087.85,1.31
42.00,veh8,2074.83,662.05,0.66
42.00,veh9,3889.51,1240.95,1.54
43.00,veh0,3233.32,1031.59,1.25
43.00,veh1,1656.51,528.60,0.46
43.00,veh10,2722.17,868.46,1.07
43.00,veh11,2459.44,784.59,1.00
43.00,veh12,2298.06,733.06,0.96
43.00,veh17,4294.10,1370.00,1.76
43.00,veh18,2600.22,829.54,1.03
43.00,veh19,3269.03,1042.95,1.31
43.00,veh2,3733.89,1191.28,1.49
43.00,veh27,2605.02,831.07,1.03
43.00,veh28,2357.43,752.03,0.96
43.00,veh3,2297.95,733.02,0.96
43.00,veh4,4279.02,1365.19,1.75
43.00,veh5,3459.85,1103.81,1.41
43.00,veh6,0.00,0.00,0.00
43.00,veh7,0.00,0.00,0.00
43.00,veh8,1414.18,451.29,0.34
43.00,veh9,2120.13,676.48,0.70
44.00,veh0,3318.68,1058.83,1.29
44.00,veh1,1364.33,435.39,0.32
44.00,veh10,2759.80,880.48,1.08
44.00,veh11,2825.64,901.43,1.16
44.00,veh12,2325.23,741.73,0.96
44.00,veh17,4209.50,1343.02,1.70
44.00,veh18,3432.88,1095.19,1.41
44.00,veh19,3565.12,1137.41,1.43
44.00,veh2,3874.81,1236.25,1.54
44.00,veh27,3075.94,981.31,1.25
44.00,veh28,2597.81,828.73,1.06
44.00,veh3,2297.97,733.03,0.96
44.00,veh4,1483.31,473.31,0.41
44.00,veh5,3147.96,1004.32,1.25
44.00,veh6,0.00,0.00,0.00
44.00,veh7,0.00,0.00,0.00
44.00,veh8,1924.09,613.96,0.59
44.00,veh9,0.00,0.00,0.00
45.00,veh0,3506.68,1118.81,1.36
45.00,veh1,3191.45,1018.27,1.19
45.00,veh10,3508.16,1119.23,1.43
45.00,veh11,2959.74,944.22,1.21
45.00,veh12,2317.21,739.18,0.95
45.00,veh17,3464.75,1105.44,1.34
45.00,veh18,2945.77,939.81,1.17
45.00,veh19,3979.91,1269.75,1.62
45.00,veh2,0.00,0.00,0.00
45.00,veh27,2861.39,912.88,1.13
45.00,veh28,2757.03,879.54,1.13
45.00,veh29,2298.06,733.06,0.96
45.00,veh3,2298.06,733.06,0.96
45.00,veh4,0.00,0.00,0.00
45.00,veh5,4019.18,1282.27,1.65
45.00,veh6,0.00,0.00,0.00
45.00,veh7,2428.29,774.69,0.95
45.00,veh8,1579.64,504.07,0.43
45.00,veh9,1894.04,604.36,0.60
46.00,veh0,4783.22,1526.07,1.96
46.00,veh1,1520.60,485.24,0.39
46.00,veh10,3301.82,1053.41,1.32
46.00,veh11,2915.09,929.99,1.18
46.00,veh12,2526.19,805.87,1.04
46.00,veh17,3693.90,1178.55,1.44
46.00,veh18,3480.61,1110.44,1.41
46.00,veh19,2035.38,649.42,0.69
46.00,veh2,0.00,0.00,0.00
46.00,veh27,3245.97,1035.58,1.31
46.00,veh28,2573.20,820.90,1.03
46.00,veh29,2342.32,747.19,0.97
46.00,veh3,2298.06,733.06,0.96
46.00,veh4,0.00,0.00,0.00
46.00,veh5,3515.12,1121.48,1.40
46.00,veh6,3523.52,1124.12,1.44
46.00,veh7,2002.51,638.86,0.74
46.00,veh8,0.00,0.00,0.00
46.00,veh9,2716.65,866.78,0.98
47.00,veh1,2377.99,758.77,0.80
47.00,veh10,3820.44,1218.88,1.55
47.00,veh11,2809.65,896.36,1.12
47.00,veh12,2484.95,792.72,1.01
47.00,veh17,0.00,0.00,0.00
47.00,veh18,3015.39,962.04,1.18
47.00,veh19,0.00,0.00,0.00
47.00,veh2,0.00,0.00,0.00
47.00,veh27,3591.57,1145.85,1.46
47.00,veh28,2642.03,842.87,1.06
47.00,veh29,2441.51,778.84,1.01
47.00,veh3,2298.06,733.06,0.96
47.00,veh4,2242.70,715.40,0.93
47.00,veh5,3460.76,1104.15,1.36
47.00,veh6,2850.96,909.57,1.11
47.00,veh7,2884.65,920.29,1.15
47.00,veh8,0.00,0.00,0.00
47.00,veh9,1758.31,561.06,0.53
48.00,veh1,1294.98,413.26,0.29
48.00,veh10,3477.12,1109.36,1.37
48.00,veh11,2951.49,941.62,1.18
48.00,veh12,2628.22,838.44,1.07
48.00,veh13,2298.06,733.06,0.96
48.00,veh17,0.00,0.00,0.00
48.00,veh18,3525.85,1124.89,1.41
48.00,veh19,2792.75,890.97,1.11
48.00,veh2,2270.24,724.18,0.94
48.00,veh27,3425.40,1092.85,1.37
48.00,veh28,2693.61,859.33,1.07
48.00,veh29,2634.76,840.51,1.09
48.00,veh3,2298.06,733.06,0.96
48.00,veh4,2296.09,732.43,0.96
48.00,veh5,0.00,0.00,0.00
48.00,veh6,3941.60,1257.52,1.62
48.00,veh7,3003.68,958.28,1.20
48.00,veh8,2769.70,883.61,1.11
48.00,veh9,1646.85,525.50,0.48
49.00,veh10,3692.14,1177.97,1.46
49.00,veh11,2882.84,919.73,1.13
49.00,veh12,2530.98,807.43,1.02
49.00,veh13,2307.77,736.16,0.96
49.00,veh17,2754.18,878.66,1.10
49.00,veh18,3240.42,1033.85,1.26
49.00,veh19,2661.66,849.16,1.04
49.00,veh2,2297.14,732.76,0.96
49.00,veh27,3547.00,1131.65,1.41
49.00,veh28,3195.21,1019.37,1.30
49.00,veh29,2767.98,883.02,1.14
49.00,veh3,2298.06,733.06,0.96
49.00,veh37,2298.06,733.06,0.96
49.00,veh4,2297.89,733.00,0.96
49.00,veh5,0.00,0.00,0.00
49.00,veh6,3949.56,1260.07,1.61
49.00,veh7,3380.85,1078.61,1.37
49.00,veh8,3077.93,981.95,1.25
49.00,veh9,2795.21,891.85,1.02
50.00,veh10,4240.46,1352.90,1.71
50.00,veh11,3643.24,1162.33,1.48
50.00,veh12,2595.51,828.02,1.04
50.00,veh13,2499.66,797.39,1.04
50.00,veh17,2603.16,830.48,1.02
50.00,veh18,4366.07,1392.96,1.78
50.00,veh19,2860.31,912.54,1.13
50.00,veh2,2297.76,732.96,0.96
50.00,veh27,0.00,0.00,0.00
50.00,veh28,3364.06,1073.25,1.37
50.00,veh29,2813.53,897.57,1.15
50.00,veh3,2298.06,733.06,0.96
50.00,veh37,2326.51,742.14,0.96
50.00,veh4,2298.00,733.04,0.96
50.00,veh5,2071.93,660.92,0.85
50.00,veh6,3299.05,1052.56,1.29
50.00,veh7,3720.94,1187.12,1.51
50.00,veh8,2878.90,918.47,1.14
50.00,veh9,1539.46,491.24,0.42
51.00,veh10,4372.69,1395.10,1.76
51.00,veh11,2937.18,937.09,1.14
51.00,veh12,2845.40,907.75,1.15
51.00,veh13,2494.98,795.92,1.02
51.00,veh17,3339.76,1065.49,1.36
51.00,veh18,3592.61,1146.23,1.40
51.00,veh19,3367.71,1074.42,1.36
51.00,veh2,2297.99,733.03,0.96
51.00,veh27,0.00,0.00,0.00
51.00,veh28,3356.62,1070.88,1.35
51.00,veh29,2670.72,852.02,1.07
51.00,veh3,2298.06,733.06,0.96
51.00,veh37,2344.26,747.82,0.96
51.00,veh4,2298.04,733.05,0.96
51.00,veh5,2294.35,731.87,0.95
51.00,veh6,0.00,0.00,0.00
51.00,veh7,3431.62,1094.83,1.36
51.00,veh8,3616.78,1153.88,1.48
51.00,veh9,0.00,0.00,0.00
52.00,veh10,0.00,0.00,0.00
52.00,veh11,3318.14,1058.63,1.31
52.00,veh12,2885.28,920.49,1.16
52.00,veh13,2641.55,842.68,1.08
52.00,veh14,2298.06,733.06,0.96
52.00,veh17,3235.22,1032.15,1.30
52.00,veh18,4337.70,1383.94,1.74
52.00,veh19,3088.50,985.36,1.21
52.00,veh2,2298.02,733.04,0.96
52.00,veh27,2930.62,934.95,1.18
52.00,veh28,3709.91,1183.60,1.51
52.00,veh29,2817.23,898.77,1.13
52.00,veh3,2298.06,733.06,0.96
52.00,veh37,2340.60,746.66,0.96
52.00,veh4,2298.06,733.06,0.96
52.00,veh5,2297.17,732.77,0.96
52.00,veh6,0.00,0.00,0.00
52.00,veh7,4253.11,1356.92,1.74
52.00,veh8,3335.49,1064.15,1.33
52.00,veh9,0.00,0.00,0.00
53.00,veh10,2428.35,774.81,0.84
53.00,veh11,3383.88,1079.62,1.33
53.00,veh12,3522.01,1123.63,1.45
53.00,veh13,2674.80,853.31,1.09
53.00,veh14,2297.35,732.83,0.96
53.00,veh17,2936.92,937.00,1.15
53.00,veh18,2154.61,687.50,0.70
53.00,veh19,4152.51,1324.81,1.71
53.00,veh2,2298.06,733.06,0.96
53.00,veh27,3212.93,1025.03,1.30
53.00,veh28,4198.39,1339.45,1.72
53.00,veh29,3059.68,976.13,1.24
53.00,veh3,2298.06,733.06,0.96
53.00,veh37,2434.44,776.60,0.99
53.00,veh4,2298.06,733.06,0.96
53.00,veh5,2297.50,732.88,0.96
53.00,veh6,1844.23,588.28,0.74
53.00,veh7,3380.17,1078.44,1.31
53.00,veh8,3312.90,1056.96,1.31
53.00,veh9,0.00,0.00,0.00
54.00,veh10,2291.58,731.18,0.78
54.00,veh11,4040.08,1288.97,1.63
54.00,veh12,3509.67,1119.71,1.43
54.00,veh13,2682.23,855.69,1.08
54.00,veh14,2380.38,759.33,0.99
54.00,veh17,3917.33,1249.78,1.60
54.00,veh18,2797.02,892.44,1.00
54.00,veh19,4158.01,1326.58,1.69
54.00,veh2,2298.06,733.06,0.96
54.00,veh27,3482.49,1111.03,1.42
54.00,veh28,3965.68,1265.23,1.60
54.00,veh29,3434.84,1095.83,1.40
54.00,veh3,2298.06,733.06,0.96
54.00,veh37,2391.96,763.06,0.97
54.00,veh38,2298.06,733.06,0.96
54.00,veh4,2298.06,733.06,0.96
54.00,veh5,2297.95,733.02,0.96
54.00,veh6,2285.32,728.99,0.95
54.00,veh7,3671.79,1171.49,1.44
54.00,veh8,3707.65,1182.90,1.49
54.00,veh9,1727.51,551.13,0.62
55.00,veh10,3863.90,1232.79,1.52
55.00,veh11,4532.27,1446.00,1.85
55.00,veh12,3303.74,1054.02,1.32
55.00,veh13,2942.28,938.66,1.20
55.00,veh14,2439.69,778.27,1.01
55.00,veh17,4231.04,1349.87,1.73
55.00,veh18,2145.17,684.49,0.69
55.00,veh19,3484.54,1111.75,1.36
55.00,veh2,2298.06,733.06,0.96
55.00,veh27,3200.56,1021.10,1.27
55.00,veh28,0.00,0.00,0.00
55.00,veh29,3589.86,1145.29,1.46
55.00,veh3,2298.06,733.06,0.96
55.00,veh37,2705.20,863.00,1.11
55.00,veh38,2303.83,734.90,0.95
55.00,veh4,2298.06,733.06,0.96
55.00,veh5,2298.06,733.06,0.96
55.00,veh6,2296.38,732.52,0.96
55.00,veh7,3362.48,1072.82,1.28
55.00,veh8,3284.23,1047.83,1.27
55.00,veh9,2010.10,641.28,0.75
56.00,veh10,1969.49,628.44,0.61
56.00,veh11,3625.88,1156.85,1.40
56.00,veh12,3887.62,1240.31,1.58
56.00,veh13,2626.13,837.81,1.04
56.00,veh14,2503.62,798.67,1.03
56.00,veh17,3479.65,1110.18,1.37
56.00,veh18,0.00,0.00,0.00
56.00,veh19,4845.10,1545.80,1.99
56.00,veh2,2298.06,733.06,0.96
56.00,veh27,3271.55,1043.76,1.30
56.00,veh28,3363.39,1073.04,1.35
56.00,veh29,3565.53,1137.55,1.44
56.00,veh3,2298.06,733.06,0.96
56.00,veh37,2796.70,892.20,1.14
56.00,veh38,2329.94,743.24,0.96
56.00,veh4,2298.06,733.06,0.96
56.00,veh5,2298.06,733.06,0.96
56.00,veh6,2297.61,732.91,0.96
56.00,veh8,4646.71,1482.50,1.91
56.00,veh9,2923.04,932.53,1.18
57.00,veh10,0.00,0.00,0.00
57.00,veh11,4971.66,1586.19,2.03
57.00,veh12,4102.82,1308.97,1.67
57.00,veh13,2674.74,853.33,1.05
57.00,veh14,2417.75,771.29,0.98
57.00,veh15,2298.06,733.06,0.96
57.00,veh17,4098.35,1307.57,1.65
57.00,veh18,2372.43,756.99,0.80
57.00,veh19,4844.49,1545.62,1.97
57.00,veh2,2298.06,733.06,0.96
57.00,veh27,4058.37,1294.78,1.66
57.00,veh28,3082.01,983.29,1.21
57.00,veh29,3744.57,1194.67,1.51
57.00,veh3,2298.06,733.06,0.96
57.00,veh37,3138.13,1001.14,1.29
57.00,veh38,2440.59,778.55,1.00
57.00,veh4,2298.06,733.06,0.96
57.00,veh5,2298.06,733.06,0.96
57.00,veh6,2298.03,733.05,0.96
57.00,veh8,4212.32,1343.94,1.69
57.00,veh9,2818.75,899.27,1.12
58.00,veh10,0.00,0.00,0.00
58.00,veh11,3632.13,1158.87,1.38
58.00,veh12,0.00,0.00,0.00
58.00,veh13,3359.69,1071.85,1.37
58.00,veh14,2701.53,861.83,1.10
58.00,veh15,2286.53,729.39,0.95
58.00,veh17,0.00,0.00,0.00
58.00,veh18,1762.02,562.26,0.51
58.00,veh19,4524.12,1443.43,1.81
58.00,veh2,2298.06,733.06,0.96
58.00,veh27,3414.07,1089.25,1.34
58.00,veh28,4121.60,1314.95,1.69
58.00,veh29,3454.37,1102.11,1.36
58.00,veh3,2298.06,733.06,0.96
58.00,veh37,3261.85,1040.62,1.33
58.00,veh38,2580.50,823.20,1.06
58.00,veh4,2298.06,733.06,0.96
58.00,veh5,2298.06,733.06,0.96
58.00,veh6,2298.04,733.05,0.96
58.00,veh8,3877.31,1237.07,1.51
58.00,veh9,3322.54,1060.00,1.35
59.00,veh10,1955.77,623.93,0.74
59.00,veh11,2501.31,798.12,0.84
59.00,veh12,0.00,0.00,0.00
59.00,veh13,3254.21,1038.21,1.30
59.00,veh14,2538.08,809.70,1.02
59.00,veh15,2315.29,738.57,0.96
59.00,veh17,0.00,0.00,0.00
59.00,veh18,2770.27,883.91,0.99
59.00,veh19,4747.32,1514.65,1.90
59.00,veh2,2298.06,733.06,0.96
59.00,veh27,4197.71,1339.26,1.70
59.00,veh28,4227.13,1348.63,1.72
59.00,veh29,0.00,0.00,0.00
59.00,veh3,2298.06,733.06,0.96
59.00,veh37,3487.59,1112.65,1.43
59.00,veh38,2571.82,820.44,1.05
59.00,veh39,2298.06,733.06,0.96
59.00,veh4,2298.06,733.06,0.96
59.00,veh5,2298.04,733.05,0.96
59.00,veh6,2298.06,733.06,0.96
59.00,veh9,3595.22,1147.01,1.46
60.00,veh10,2697.84,860.67,1.09
60.00,veh11,0.00,0.00,0.00
60.00,veh12,2215.46,706.81,0.83
60.00,veh13,3970.76,1266.82,1.63
60.00,veh14,2943.18,938.94,1.20
60.00,veh15,2433.38,776.25,1.00
60.00,veh17,0.00,0.00,0.00
60.00,veh18,0.00,0.00,0.00
60.00,veh19,5841.71,1863.79,2.40
60.00,veh2,2298.06,733.06,0.96
60.00,veh27,3376.84,1077.40,1.29
60.00,veh28,4239.48,1352.59,1.71
60.00,veh29,0.00,0.00,0.00
60.00,veh3,2298.06,733.06,0.96
60.00,veh37,3399.70,1084.63,1.37
60.00,veh38,2855.47,910.95,1.17
60.00,veh39,2329.59,743.12,0.96
60.00,veh4,2298.06,733.06,0.96
60.00,veh5,2298.06,733.06,0.96
60.00,veh6,2298.04,733.05,0.96
60.00,veh9,3904.66,1245.74,1.59
61.00,veh10,2980.92,950.99,1.21
61.00,veh11,0.00,0.00,0.00
61.00,veh12,2951.88,941.75,1.17
61.00,veh13,3585.79,1144.02,1.43
61.00,veh14,2792.23,890.80,1.12
61.00,veh15,2346.01,748.39,0.95
61.00,veh17,1764.15,562.82,0.63
61.00,veh18,0.00,0.00,0.00
61.00,veh19,2251.71,718.53,0.69
61.00,veh2,2298.06,733.06,0.96
61.00,veh27,0.00,0.00,0.00
61.00,veh28,4019.61,1282.46,1.60
61.00,veh29,2888.83,921.60,1.17
61.00,veh3,2298.06,733.06,0.96
61.00,veh37,2985.21,952.41,1.16
61.00,veh38,2557.17,815.80,1.02
61.00,veh39,2375.91,757.91,0.98
61.00,veh4,2298.06,733.06,0.96
61.00,veh5,2298.06,733.06,0.96
61.00,veh6,2298.06,733.06,0.96
61.00,veh9,3107.12,991.32,1.20
62.00,veh10,2859.59,912.30,1.14
62.00,veh11,0.00,0.00,0.00
62.00,veh12,3793.77,1210.35,1.56
62.00,veh13,4443.81,1417.76,1.83
62.00,veh14,3255.87,1038.72,1.33
62.00,veh15,2575.28,821.54,1.05
62.00,veh16,2298.06,733.06,0.96
62.00,veh17,3012.57,961.10,1.21
62.00,veh18,2612.90,833.59,1.03
62.00,veh19,2378.76,759.05,0.75
62.00,veh2,2298.06,733.06,0.96
62.00,veh27,0.00,0.00,0.00
62.00,veh28,4387.84,1399.94,1.76
62.00,veh29,3284.65,1047.90,1.35
62.00,veh3,2298.06,733.06,0.96
62.00,veh37,3245.37,1035.41,1.28
62.00,veh38,3108.24,991.61,1.27
62.00,veh39,2340.23,746.54,0.96
62.00,veh4,2298.06,733.06,0.96
62.00,veh5,2298.06,733.06,0.96
62.00,veh6,2298.06,733.06,0.96
62.00,veh9,4148.21,1323.46,1.69
63.00,veh10,2860.13,912.48,1.13
63.00,veh11,0.00,0.00,0.00
63.00,veh12,2919.15,931.34,1.13
63.00,veh13,0.00,0.00,0.00
63.00,veh14,3285.25,1048.11,1.33
63.00,veh15,2802.95,894.18,1.15
63.00,veh16,2285.22,728.97,0.95
63.00,veh17,3477.68,1109.50,1.42
63.00,veh18,3334.02,1063.66,1.36
63.00,veh19,0.00,0.00,0.00
63.00,veh2,2298.06,733.06,0.96
63.00,veh27,3125.89,997.26,1.26
63.00,veh28,0.00,0.00,0.00
63.00,veh29,3122.63,996.22,1.26
63.00,veh3,2298.06,733.06,0.96
63.00,veh37,3129.52,998.47,1.21
63.00,veh38,2698.06,860.76,1.07
63.00,veh39,2428.76,774.79,0.99
63.00,veh4,2298.06,733.06,0.96
63.00,veh5,2298.06,733.06,0.96
63.00,veh6,2298.06,733.06,0.96
63.00,veh9,3635.83,1160.01,1.43
64.00,veh10,3449.32,1100.45,1.40
64.00,veh11,2536.86,809.31,1.01
64.00,veh12,3924.65,1252.12,1.60
64.00,veh13,2049.12,653.76,0.74
64.00,veh14,3270.65,1043.46,1.31
64.00,veh15,2922.31,932.28,1.20
64.00,veh16,2430.20,775.23,1.01
64.00,veh17,3292.31,1050.37,1.32
64.00,veh18,2566.48,818.81,0.99
64.00,veh19,0.00,0.00,0.00
64.00,veh2,2298.06,733.06,0.96
64.00,veh27,2089.94,666.78,0.76
64.00,veh28,0.00,0.00,0.00
64.00,veh29,2938.92,937.62,1.16
64.00,veh3,2298.06,733.06,0.96
64.00,veh37,0.00,0.00,0.00
64.00,veh38,3347.23,1067.87,1.36
64.00,veh39,2728.16,870.32,1.12
64.00,veh4,2298.06,733.06,0.96
64.00,veh47,2298.06,733.06,0.96
64.00,veh5,2298.06,733.06,0.96
64.00,veh6,2298.06,733.06,0.96
64.00,veh9,2199.45,701.79,0.74
65.00,veh10,2979.26,950.50,1.17
65.00,veh11,2983.45,951.79,1.22
65.00,veh12,2498.90,797.29,0.91
65.00,veh13,1793.02,572.06,0.62
65.00,veh14,3038.19,969.31,1.19
65.00,veh15,2639.97,842.22,1.05
65.00,veh16,2385.32,760.92,0.98
65.00,veh17,3622.66,1155.77,1.46
65.00,veh18,3317.48,1058.40,1.33
65.00,veh19,0.00,0.00,0.00
65.00,veh2,2298.06,733.06,0.96
65.00,veh27,3300.66,1053.03,1.33
65.00,veh28,4003.85,1277.41,1.61
65.00,veh29,2863.34,913.52,1.12
65.00,veh3,2298.06,733.06,0.96
65.00,veh37,0.00,0.00,0.00
65.00,veh38,3304.12,1054.14,1.33
65.00,veh39,2856.67,911.33,1.17
65.00,veh4,2298.06,733.06,0.96
65.00,veh47,2343.86,747.68,0.97
65.00,veh5,2298.06,733.06,0.96
65.00,veh6,2298.06,733.06,0.96
66.00,veh10,3298.24,1052.28,1.31
66.00,veh11,2583.83,824.32,1.02
66.00,veh12,0.00,0.00,0.00
66.00,veh13,2943.75,939.17,1.16
66.00,veh14,3009.35,960.12,1.17
66.00,veh15,3135.33,1000.26,1.28
66.00,veh16,2454.41,782.97,1.00
66.00,veh17,3454.60,1102.17,1.37
66.00,veh18,3709.83,1183.58,1.51
66.00,veh19,3056.87,975.22,1.25
66.00,veh2,2298.06,733.06,0.96
66.00,veh27,3258.52,1039.60,1.30
66.00,veh28,4119.14,1314.20,1.65
66.00,veh29,3329.09,1062.11,1.33
66.00,veh3,2298.06,733.06,0.96
66.00,veh37,3180.88,1014.79,1.30
66.00,veh38,2976.91,949.76,1.16
66.00,veh39,2650.38,845.53,1.06
66.00,veh4,2298.06,733.06,0.96
66.00,veh47,2493.48,795.42,1.03
66.00,veh5,2298.06,733.06,0.96
66.00,veh6,2298.06,733.06,0.96
67.00,veh10,4124.83,1315.99,1.69
67.00,veh11,3008.67,959.86,1.21
67.00,veh12,0.00,0.00,0.00
67.00,veh13,3252.83,1037.78,1.30
67.00,veh14,3726.70,1188.98,1.49
67.00,veh15,2806.07,895.23,1.11
67.00,veh16,2452.56,782.39,0.99
67.00,veh17,3237.46,1032.91,1.26
67.00,veh18,4084.84,1303.23,1.67
67.00,veh19,2937.73,937.22,1.18
67.00,veh2,2298.06,733.06,0.96
67.00,veh20,2298.06,733.06,0.96
67.00,veh27,2980.58,950.94,1.16
67.00,veh28,4051.86,1292.75,1.61
67.00,veh29,3306.38,1054.88,1.31
67.00,veh3,2298.06,733.06,0.96
67.00,veh37,3360.43,1072.08,1.37
67.00,veh38,3310.52,1056.20,1.31
67.00,veh39,2861.25,912.81,1.15
67.00,veh4,2298.06,733.06,0.96
67.00,veh47,2383.08,760.22,0.97
67.00,veh5,2298.06,733.06,0.96
67.00,veh6,2298.06,733.06,0.96
68.00,veh10,3738.56,1192.77,1.49
68.00,veh11,2850.91,909.54,1.12
68.00,veh12,2240.30,714.63,0.93
68.00,veh13,3993.66,1274.13,1.63
68.00,veh14,0.00,0.00,0.00
68.00,veh15,3325.10,1060.82,1.34
68.00,veh16,2797.82,892.55,1.15
68.00,veh17,4012.33,1280.11,1.61
68.00,veh18,3890.69,1241.30,1.56
68.00,veh19,3202.86,1021.82,1.29
68.00,veh2,2298.06,733.06,0.96
68.00,veh20,2353.97,750.90,0.97
68.00,veh27,3478.65,1109.84,1.38
68.00,veh28,4823.70,1538.99,1.96
68.00,veh29,3671.79,1171.46,1.47
68.00,veh3,2298.06,733.06,0.96
68.00,veh37,2797.32,892.45,1.10
68.00,veh38,3202.33,1021.69,1.25
68.00,veh39,3091.59,986.31,1.25
68.00,veh4,2298.06,733.06,0.96
68.00,veh47,2455.04,783.18,1.00
68.00,veh5,2298.06,733.06,0.96
68.00,veh6,2298.06,733.06,0.96
69.00,veh10,3815.28,1217.26,1.51
69.00,veh11,3155.92,1006.85,1.26
69.00,veh12,2291.45,730.95,0.95
69.00,veh13,2108.59,672.77,0.73
69.00,veh14,2346.31,748.55,0.90
69.00,veh15,3785.68,1207.77,1.55
69.00,veh16,2971.11,947.85,1.22
69.00,veh17,4762.98,1519.60,1.95
69.00,veh18,3519.84,1123.01,1.37
69.00,veh19,3467.45,1106.24,1.41
69.00,veh2,2298.06,733.06,0.96
69.00,veh20,2518.55,803.43,1.04
69.00,veh27,4260.77,1359.36,1.74
69.00,veh28,5323.18,1698.35,2.18
69.00,veh29,4293.40,1369.78,1.75
69.00,veh3,2298.06,733.06,0.96
69.00,veh37,2820.85,899.96,1.10
69.00,veh38,0.00,0.00,0.00
69.00,veh39,3029.63,966.55,1.21
69.00,veh4,2298.06,733.06,0.96
69.00,veh47,2544.02,811.58,1.03
69.00,veh48,2298.06,733.06,0.96
69.00,veh5,2298.06,733.06,0.96
69.00,veh6,2298.06,733.06,0.96
70.00,veh10,0.00,0.00,0.00
70.00,veh11,3226.02,1029.23,1.28
70.00,veh12,2297.83,732.98,0.96
70.00,veh13,0.00,0.00,0.00
70.00,veh14,1867.29,595.74,0.67
70.00,veh15,3265.67,1041.89,1.29
70.00,veh16,2874.72,917.11,1.16
70.00,veh17,4292.66,1369.57,1.72
70.00,veh18,4094.41,1306.32,1.64
70.00,veh19,3542.31,1130.13,1.43
70.00,veh2,2298.06,733.06,0.96
70.00,veh20,2361.46,753.32,0.96
70.00,veh27,3903.44,1245.38,1.56
70.00,veh28,4039.89,1288.97,1.56
70.00,veh29,4335.85,1383.34,1.75
70.00,veh3,2298.06,733.06,0.96
70.00,veh37,3361.36,1072.41,1.34
70.00,veh38,0.00,0.00,0.00
70.00,veh39,3513.26,1120.85,1.43
70.00,veh4,2298.06,733.06,0.96
70.00,veh47,2941.55,938.41,1.21
70.00,veh48,2307.58,736.10,0.96
70.00,veh5,2298.06,733.06,0.96
70.00,veh6,2298.06,733.06,0.96
71.00,veh10,0.00,0.00,0.00
71.00,veh11,3309.79,1055.96,1.31
71.00,veh12,2297.99,733.04,0.96
71.00,veh13,0.00,0.00,0.00
71.00,veh14,3056.18,975.02,1.22
71.00,veh15,3042.39,970.67,1.18
71.00,veh16,3013.96,961.54,1.22
71.00,veh18,3284.66,1048.00,1.24
71.00,veh19,3679.52,1173.92,1.48
71.00,veh2,2298.06,733.06,0.96
71.00,veh20,2441.44,778.84,0.99
71.00,veh21,2298.06,733.06,0.96
71.00,veh27,3395.56,1083.37,1.30
71.00,veh28,0.00,0.00,0.00
71.00,veh29,4907.53,1565.73,2.01
71.00,veh3,2298.06,733.06,0.96
71.00,veh37,3219.70,1027.22,1.27
71.00,veh38,2591.80,826.85,1.03
71.00,veh39,3905.53,1246.01,1.60
71.00,veh4,2298.06,733.06,0.96
71.00,veh47,2773.76,884.89,1.12
71.00,veh48,2498.81,797.12,1.03
71.00,veh5,2298.06,733.06,0.96
71.00,veh6,2298.06,733.06,0.96
72.00,veh10,2104.88,671.54,0.77
72.00,veh11,3941.74,1257.58,1.60
72.00,veh12,2298.06,733.06,0.96
72.00,veh13,2250.50,717.89,0.93
72.00,veh14,2906.65,927.33,1.14
72.00,veh15,3553.98,1133.88,1.41
72.00,veh16,2959.47,944.17,1.18
72.00,veh19,3767.22,1201.91,1.51
72.00,veh2,2298.06,733.06,0.96
72.00,veh20,2575.73,821.70,1.05
72.00,veh21,2288.73,730.08,0.95
72.00,veh27,0.00,0.00,0.00
72.00,veh28,0.00,0.00,0.00
72.00,veh29,0.00,0.00,0.00
72.00,veh3,2298.06,733.06,0.96
72.00,veh37,3099.47,988.88,1.20
72.00,veh38,2751.53,877.82,1.09
72.00,veh39,3484.22,1111.62,1.39
72.00,veh4,2298.06,733.06,0.96
72.00,veh47,3256.45,1038.90,1.33
72.00,veh48,2368.09,755.43,0.97
72.00,veh5,2298.06,733.06,0.96
72.00,veh6,2298.06,733.06,0.96
73.00,veh10,3727.38,1189.16,1.53
73.00,veh11,3985.82,1271.65,1.60
73.00,veh12,2298.06,733.06,0.96
73.00,veh13,2293.75,731.68,0.95
73.00,veh14,3491.64,1113.96,1.41
73.00,veh15,0.00,0.00,0.00
73.00,veh16,3663.44,1168.76,1.50
73.00,veh19,4184.31,1334.98,1.69
73.00,veh2,2298.06,733.06,0.96
73.00,veh20,2485.55,792.93,1.00
73.00,veh21,2340.28,746.54,0.97
73.00,veh27,0.00,0.00,0.00
73.00,veh28,0.00,0.00,0.00
73.00,veh29,2243.31,715.80,0.74
73.00,veh3,2298.06,733.06,0.96
73.00,veh37,3427.23,1093.45,1.35
73.00,veh38,3491.02,1113.75,1.43
73.00,veh39,3391.39,1082.01,1.33
73.00,veh4,2298.06,733.06,0.96
73.00,veh47,3413.47,1089.00,1.40
73.00,veh48,2453.44,782.67,1.00
73.00,veh5,2298.06,733.06,0.96
73.00,veh6,2298.06,733.06,0.96
74.00,veh10,3606.56,1150.63,1.46
74.00,veh11,4008.30,1278.84,1.60
74.00,veh12,2298.06,733.06,0.96
74.00,veh13,2296.67,732.61,0.96
74.00,veh14,2165.73,690.98,0.77
74.00,veh15,0.00,0.00,0.00
74.00,veh16,3181.68,1015.09,1.26
74.00,veh19,4212.09,1343.86,1.69
74.00,veh2,2298.06,733.06,0.96
74.00,veh20,2961.31,944.72,1.21
74.00,veh21,2419.98,771.98,1.00
74.00,veh27,2759.84,880.46,1.11
74.00,veh28,2177.31,694.54,0.90
74.00,veh29,2431.41,775.81,0.83
74.00,veh3,2298.06,733.06,0.96
74.00,veh37,3763.60,1200.77,1.49
74.00,veh38,3163.05,1009.13,1.26
74.00,veh39,0.00,0.00,0.00
74.00,veh4,2298.06,733.06,0.96
74.00,veh47,2845.64,907.87,1.12
74.00,veh48,2780.53,887.03,1.14
74.00,veh49,2298.06,733.06,0.96
74.00,veh5,2298.06,733.06,0.96
74.00,veh6,2298.06,733.06,0.96
75.00,veh10,3230.30,1030.61,1.27
75.00,veh11,4586.06,1463.17,1.86
75.00,veh12,2298.06,733.06,0.96
75.00,veh13,2297.48,732.87,0.96
75.00,veh14,0.00,0.00,0.00
75.00,veh15,2263.49,722.13,0.86
75.00,veh16,3736.00,1191.93,1.51
75.00,veh19,4010.89,1279.68,1.58
75.00,veh2,2298.06,733.06,0.96
75.00,veh20,2684.09,856.30,1.07
75.00,veh21,2404.04,766.90,0.98
75.00,veh27,3067.64,978.67,1.24
75.00,veh28,2295.14,732.13,0.96
75.00,veh29,1263.00,403.06,0.27
75.00,veh3,2298.06,733.06,0.96
75.00,veh37,3948.10,1259.64,1.57
75.00,veh38,3865.30,1233.17,1.58
75.00,veh39,0.00,0.00,0.00
75.00,veh4,2298.06,733.06,0.96
75.00,veh47,3472.78,1107.95,1.40
75.00,veh48,2576.11,821.83,1.04
75.00,veh49,2332.98,744.21,0.97
75.00,veh5,2298.06,733.06,0.96
75.00,veh6,2298.06,733.06,0.96
76.00,veh10,3355.50,1070.56,1.32
76.00,veh11,4979.14,1588.58,2.03
76.00,veh12,2298.06,733.06,0.96
76.00,veh13,2297.66,732.93,0.96
76.00,veh14,1891.79,603.46,0.76
76.00,veh15,3374.20,1076.47,1.38
76.00,veh16,3967.90,1265.93,1.61
76.00,veh2,2298.06,733.06,0.96
76.00,veh20,2995.29,955.58,1.21
76.00,veh21,2512.53,801.52,1.02
76.00,veh27,3104.25,990.35,1.25
76.00,veh28,2391.70,762.94,0.99
76.00,veh29,2705.18,863.14,0.96
76.00,veh3,2298.06,733.06,0.96
76.00,veh37,0.00,0.00,0.00
76.00,veh38,3206.88,1023.14,1.26
76.00,veh39,2631.42,839.48,1.05
76.00,veh4,2298.06,733.06,0.96
76.00,veh47,3444.93,1099.07,1.38
76.00,veh48,2511.42,801.20,1.00
76.00,veh49,2404.79,767.13,0.99
76.00,veh5,2298.06,733.06,0.96
76.00,veh6,2298.06,733.06,0.96
77.00,veh10,3559.02,1135.50,1.40
77.00,veh11,4043.47,1290.10,1.57
77.00,veh12,2298.06,733.06,0.96
77.00,veh13,2298.02,733.05,0.96
77.00,veh14,2282.48,728.09,0.95
77.00,veh15,3041.29,970.28,1.21
77.00,veh16,0.00,0.00,0.00
77.00,veh2,2298.06,733.06,0.96
77.00,veh20,3094.92,987.38,1.24
77.00,veh21,2635.08,840.63,1.07
77.00,veh22,2298.06,733.06,0.96
77.00,veh27,2998.70,956.69,1.19
77.00,veh28,2402.43,766.38,0.99
77.00,veh29,2347.35,748.99,0.79
77.00,veh3,2298.06,733.06,0.96
77.00,veh37,3736.41,1192.05,1.53
77.00,veh38,3714.12,1184.97,1.49
77.00,veh39,2649.51,845.26,1.05
77.00,veh4,2298.06,733.06,0.96
77.00,veh47,3248.41,1036.39,1.27
77.00,veh48,3086.64,984.72,1.26
77.00,veh49,2587.87,825.55,1.07
77.00,veh5,2298.06,733.06,0.96
77.00,veh6,2298.06,733.06,0.96
78.00,veh10,4304.81,1373.43,1.74
78.00,veh11,2195.73,700.64,0.69
78.00,veh12,2298.06,733.06,0.96
78.00,veh13,2298.04,733.05,0.96
78.00,veh14,2297.35,732.83,0.96
78.00,veh15,2966.09,946.30,1.17
78.00,veh16,0.00,0.00,0.00
78.00,veh2,2298.06,733.06,0.96
78.00,veh20,3001.57,957.61,1.19
78.00,veh21,2974.91,949.06,1.22
78.00,veh22,2308.20,736.30,0.96
78.00,veh27,3770.21,1202.83,1.54
78.00,veh28,2636.32,841.01,1.09
78.00,veh29,0.00,0.00,0.00
78.00,veh3,2298.06,733.06,0.96
78.00,veh37,3812.33,1216.29,1.55
78.00,veh38,3319.16,1058.98,1.29
78.00,veh39,3013.00,961.24,1.22
78.00,veh4,2298.06,733.06,0.96
78.00,veh47,4085.18,1303.35,1.66
78.00,veh48,3194.62,1019.18,1.30
78.00,veh49,2550.07,813.50,1.04
78.00,veh5,2298.06,733.06,0.96
78.00,veh6,2298.06,733.06,0.96
79.00,veh10,3467.41,1106.29,1.34
79.00,veh11,2557.52,816.06,0.86
79.00,veh12,2298.06,733.06,0.96
79.00,veh13,2298.06,733.06,0.96
79.00,veh14,2297.85,732.99,0.96
79.00,veh15,0.00,0.00,0.00
79.00,veh16,0.00,0.00,0.00
79.00,veh2,2298.06,733.06,0.96
79.00,veh20,3649.69,1164.39,1.48
79.00,veh21,2669.29,851.57,1.07
79.00,veh22,2360.20,752.90,0.97
79.00,veh27,3415.80,1089.78,1.36
79.00,veh28,2420.21,772.07,0.98
79.00,veh29,0.00,0.00,0.00
79.00,veh3,2298.06,733.06,0.96
79.00,veh37,3738.93,1192.88,1.50
79.00,veh38,4371.67,1394.76,1.78
79.00,veh39,2696.43,860.25,1.06
79.00,veh4,2298.06,733.06,0.96
79.00,veh47,0.00,0.00,0.00
79.00,veh48,3347.69,1068.02,1.36
79.00,veh49,2844.98,907.60,1.17
79.00,veh5,2298.06,733.06,0.96
79.00,veh6,2298.06,733.06,0.96
80.00,veh11,0.00,0.00,0.00
80.00,veh12,2298.06,733.06,0.96
80.00,veh13,2298.06,733.06,0.96
80.00,veh14,2297.97,733.03,0.96
80.00,veh15,0.00,0.00,0.00
80.00,veh16,3141.20,1002.13,1.28
80.00,veh2,2298.06,733.06,0.96
80.00,veh20,3441.45,1097.97,1.37
80.00,veh21,2750.28,877.42,1.10
80.00,veh22,2401.86,766.20,0.98
80.00,veh27,3533.35,1127.29,1.41
80.00,veh28,2748.40,876.79,1.12
80.00,veh29,0.00,0.00,0.00
80.00,veh3,2298.06,733.06,0.96
80.00,veh37,3730.71,1190.27,1.48
80.00,veh38,4949.77,1579.20,2.03
80.00,veh39,3472.30,1107.78,1.41
80.00,veh4,2298.06,733.06,0.96
80.00,veh47,2742.39,874.92,1.07
80.00,veh48,3703.76,1181.63,1.51
80.00,veh49,2743.87,875.35,1.11
80.00,veh5,2298.06,733.06,0.96
80.00,veh6,2298.06,733.06,0.96
81.00,veh11,2846.25,908.17,1.00
81.00,veh12,2298.06,733.06,0.96
81.00,veh13,2298.06,733.06,0.96
81.00,veh14,2298.02,733.04,0.96
81.00,veh15,2294.13,731.80,0.95
81.00,veh16,3001.67,957.63,1.20
81.00,veh2,2298.06,733.06,0.96
81.00,veh20,3145.88,1003.68,1.22
81.00,veh21,2729.47,870.79,1.08
81.00,veh22,2564.24,818.02,1.05
81.00,veh27,4262.54,1359.93,1.74
81.00,veh28,2696.80,860.34,1.09
81.00,veh29,2620.75,836.08,1.04
81.00,veh3,2298.06,733.06,0.96
81.00,veh37,4470.64,1426.34,1.82
81.00,veh38,3671.26,1171.34,1.41
81.00,veh39,2917.97,930.95,1.14
81.00,veh4,2298.06,733.06,0.96
81.00,veh47,1989.52,634.74,0.71
81.00,veh48,3557.52,1134.99,1.43
81.00,veh49,3230.54,1030.62,1.33
81.00,veh5,2298.06,733.06,0.96
81.00,veh6,2298.06,733.06,0.96
82.00,veh12,2298.06,733.06,0.96
82.00,veh13,2298.06,733.06,0.96
82.00,veh14,2298.04,733.05,0.96
82.00,veh15,2296.92,732.69,0.96
82.00,veh16,2876.26,917.63,1.13
82.00,veh2,2298.06,733.06,0.96
82.00,veh20,3236.03,1032.45,1.26
82.00,veh21,3320.10,1059.22,1.35
82.00,veh22,2589.90,826.21,1.05
82.00,veh23,2298.06,733.06,0.96
82.00,veh27,4703.47,1500.61,1.93
82.00,veh28,3129.47,998.38,1.28
82.00,veh29,2466.02,786.73,0.96
82.00,veh3,2298.06,733.06,0.96
82.00,veh37,4814.07,1535.91,1.97
82.00,veh38,4965.29,1584.17,2.01
82.00,veh39,3100.49,989.19,1.22
82.00,veh4,2298.06,733.06,0.96
82.00,veh47,3685.66,1175.85,1.51
82.00,veh48,4101.37,1308.50,1.67
82.00,veh49,3248.90,1036.50,1.32
82.00,veh5,2298.06,733.06,0.96
82.00,veh6,2298.06,733.06,0.96
83.00,veh12,2298.06,733.06,0.96
83.00,veh13,2298.06,733.06,0.96
83.00,veh14,2298.06,733.06,0.96
83.00,veh15,2297.98,733.03,0.96
83.00,veh16,0.00,0.00,0.00
83.00,veh2,2298.06,733.06,0.96
83.00,veh20,3632.56,1158.96,1.43
83.00,veh21,2927.29,933.92,1.15
83.00,veh22,2683.50,856.08,1.09
83.00,veh23,2363.77,754.03,0.98
83.00,veh27,3941.04,1257.40,1.55
83.00,veh28,2699.71,861.29,1.07
83.00,veh29,2710.59,864.76,1.07
83.00,veh3,2298.06,733.06,0.96
83.00,veh37,3979.26,1269.60,1.56
83.00,veh38,5185.94,1654.58,2.10
83.00,veh39,3732.83,1190.93,1.51
83.00,veh4,2298.06,733.06,0.96
83.00,veh47,3862.17,1232.18,1.58
83.00,veh48,4452.98,1420.69,1.83
83.00,veh49,3398.46,1084.22,1.38
83.00,veh5,2298.06,733.06,0.96
83.00,veh6,2298.06,733.06,0.96
84.00,veh12,2298.06,733.06,0.96
84.00,veh13,2298.06,733.06,0.96
84.00,veh14,2298.06,733.06,0.96
84.00,veh15,2298.02,733.04,0.96
84.00,veh16,2034.43,648.96,0.83
84.00,veh2,2298.06,733.06,0.96
84.00,veh20,3419.65,1091.05,1.32
84.00,veh21,3562.41,1136.54,1.44
84.00,veh22,2591.74,826.82,1.04
84.00,veh23,2470.97,788.24,1.02
84.00,veh28,3384.28,1079.69,1.38
84.00,veh29,2881.03,919.14,1.14
84.00,veh3,2298.06,733.06,0.96
84.00,veh37,0.00,0.00,0.00
84.00,veh38,3460.55,1104.16,1.27
84.00,veh39,3738.68,1192.81,1.49
84.00,veh4,2298.06,733.06,0.96
84.00,veh47,3247.20,1036.00,1.27
84.00,veh48,0.00,0.00,0.00
84.00,veh49,3833.12,1222.90,1.57
84.00,veh5,2298.06,733.06,0.96
84.00,veh6,2298.06,733.06,0.96
85.00,veh12,2298.06,733.06,0.96
85.00,veh13,2298.06,733.06,0.96
85.00,veh14,2298.06,733.06,0.96
85.00,veh15,2298.06,733.06,0.96
85.00,veh16,2296.84,732.67,0.96
85.00,veh2,2298.06,733.06,0.96
85.00,veh20,4120.52,1314.65,1.64
85.00,veh21,3020.12,963.55,1.17
85.00,veh22,3225.57,1029.04,1.33
85.00,veh23,2600.10,829.45,1.07
85.00,veh28,2945.62,939.76,1.16
85.00,veh29,3077.60,981.86,1.23
85.00,veh3,2298.06,733.06,0.96
85.00,veh37,0.00,0.00,0.00
85.00,veh38,0.00,0.00,0.00
85.00,veh39,3968.86,1266.25,1.59
85.00,veh4,2298.06,733.06,0.96
85.00,veh47,3806.50,1214.44,1.53
85.00,veh48,1713.69,546.74,0.59
85.00,veh49,3510.32,1119.94,1.41
85.00,veh5,2298.06,733.06,0.96
85.00,veh6,2298.06,733.06,0.96
86.00,veh12,2298.06,733.06,0.96
86.00,veh13,2298.06,733.06,0.96
86.00,veh14,2298.06,733.06,0.96
86.00,veh15,2298.04,733.05,0.96
86.00,veh16,2297.68,732.94,0.96
86.00,veh2,2298.06,733.06,0.96
86.00,veh20,4172.79,1331.34,1.65
86.00,veh21,3283.25,1047.51,1.29
86.00,veh22,2838.11,905.44,1.13
86.00,veh23,2655.75,847.22,1.09
86.00,veh24,2298.06,733.06,0.96
86.00,veh28,3583.17,1143.16,1.45
86.00,veh29,3551.70,1133.12,1.44
86.00,veh3,2298.06,733.06,0.96
86.00,veh37,0.00,0.00,0.00
86.00,veh38,2083.11,664.73,0.62
86.00,veh39,4608.54,1470.33,1.88
86.00,veh4,2298.06,733.06,0.96
86.00,veh47,4522.72,1442.94,1.85
86.00,veh48,1743.23,556.16,0.60
86.00,veh49,3116.31,994.25,1.21
86.00,veh5,2298.06,733.06,0.96
86.00,veh6,2298.06,733.06,0.96
87.00,veh12,2298.06,733.06,0.96
87.00,veh13,2298.06,733.06,0.96
87.00,veh14,2298.06,733.06,0.96
87.00,veh15,2298.06,733.06,0.96
87.00,veh16,2297.89,733.00,0.96
87.00,veh2,2298.06,733.06,0.96
87.00,veh20,4086.45,1303.80,1.60
87.00,veh21,4359.17,1390.76,1.79
87.00,veh22,3015.97,962.20,1.21
87.00,veh23,2633.51,840.14,1.07
87.00,veh24,2312.38,737.63,0.96
87.00,veh28,3983.80,1270.99,1.63
87.00,veh29,4035.65,1287.52,1.66
87.00,veh3,2298.06,733.06,0.96
87.00,veh37,2195.97,700.49,0.91
87.00,veh38,0.00,0.00,0.00
87.00,veh39,2341.31,747.05,0.79
87.00,veh4,2298.06,733.06,0.96
87.00,veh47,3984.23,1271.17,1.58
87.00,veh48,1785.74,569.72,0.62
87.00,veh49,4112.16,1311.96,1.67
87.00,veh5,2298.06,733.06,0.96
87.00,veh6,2298.06,733.06,0.96
88.00,veh12,2298.06,733.06,0.96
88.00,veh13,2298.06,733.06,0.96
88.00,veh14,2298.06,733.06,0.96
88.00,veh15,2298.06,733.06,0.96
88.00,veh16,2298.04,733.05,0.96
88.00,veh2,2298.06,733.06,0.96
88.00,veh20,3285.11,1048.17,1.21
88.00,veh21,4619.30,1473.76,1.89
88.00,veh22,2951.85,941.75,1.17
88.00,veh23,3033.57,967.78,1.24
88.00,veh24,2400.70,765.82,0.99
88.00,veh28,3452.37,1101.46,1.36
88.00,veh29,4172.98,1331.35,1.70
88.00,veh3,2298.06,733.06,0.96
88.00,veh37,2286.09,729.24,0.95
88.00,veh38,0.00,0.00,0.00
88.00,veh39,1305.73,416.68,0.30
88.00,veh4,2298.06,733.06,0.96
88.00,veh47,2943.17,939.06,1.08
88.00,veh48,3465.94,1105.75,1.41
88.00,veh49,0.00,0.00,0.00
88.00,veh5,2298.06,733.06,0.96
88.00,veh6,2298.06,733.06,0.96
89.00,veh12,2298.06,733.06,0.96
89.00,veh13,2298.06,733.06,0.96
89.00,veh14,2298.06,733.06,0.96
89.00,veh15,2298.06,733.06,0.96
89.00,veh16,2298.06,733.06,0.96
89.00,veh2,2298.06,733.06,0.96
89.00,veh20,0.00,0.00,0.00
89.00,veh21,4924.74,1571.21,2.02
89.00,veh22,2994.82,955.47,1.18
89.00,veh23,2806.52,895.35,1.13
89.00,veh24,2545.01,811.87,1.05
89.00,veh28,3216.98,1026.38,1.24
89.00,veh29,4394.06,1401.89,1.79
89.00,veh3,2298.06,733.06,0.96
89.00,veh37,2351.69,750.18,0.97
89.00,veh38,3171.83,1011.91,1.28
89.00,veh39,2013.83,642.58,0.64
89.00,veh4,2298.06,733.06,0.96
89.00,veh47,0.00,0.00,0.00
89.00,veh48,3085.75,984.47,1.22
89.00,veh49,0.00,0.00,0.00
89.00,veh5,2298.06,733.06,0.96
89.00,veh6,2298.06,733.06,0.96
90.00,veh12,2298.06,733.06,0.96
90.00,veh13,2298.06,733.06,0.96
90.00,veh14,2298.06,733.06,0.96
90.00,veh15,2298.06,733.06,0.96
90.00,veh16,2298.06,733.06,0.96
90.00,veh2,2298.06,733.06,0.96
90.00,veh20,0.00,0.00,0.00
90.00,veh21,4941.21,1576.48,2.01
90.00,veh22,3960.01,1263.39,1.62
90.00,veh23,2825.43,901.40,1.13
90.00,veh24,2596.07,828.17,1.06
90.00,veh28,3435.98,1096.25,1.34
90.00,veh29,3530.15,1126.30,1.37
90.00,veh3,2298.06,733.06,0.96
90.00,veh37,2466.15,786.71,1.02
90.00,veh38,3500.07,1116.64,1.42
90.00,veh39,2168.06,691.78,0.71
90.00,veh4,2298.06,733.06,0.96
90.00,veh47,0.00,0.00,0.00
90.00,veh48,3570.88,1139.25,1.44
90.00,veh49,3189.70,1017.59,1.31
90.00,veh5,2298.06,733.06,0.96
90.00,veh6,2298.06,733.06,0.96
91.00,veh12,2298.06,733.06,0.96
91.00,veh13,2298.06,733.06,0.96
91.00,veh14,2298.06,733.06,0.96
91.00,veh15,2298.06,733.06,0.96
91.00,veh16,2298.06,733.06,0.96
91.00,veh2,2364.29,754.20,0.98
91.00,veh20,0.00,0.00,0.00
91.00,veh21,3081.60,983.24,1.12
91.00,veh22,3886.45,1239.94,1.57
91.00,veh23,3304.94,1054.38,1.34
91.00,veh24,2450.90,781.87,0.99
91.00,veh25,2298.06,733.06,0.96
91.00,veh29,4471.90,1426.75,1.81
91.00,veh3,2298.06,733.06,0.96
91.00,veh37,2629.44,838.81,1.08
91.00,veh38,3170.26,1011.44,1.26
91.00,veh39,2583.96,824.46,0.91
91.00,veh4,2298.06,733.06,0.96
91.00,veh47,3001.80,957.65,1.22
91.00,veh48,2990.80,954.21,1.15
91.00,veh49,3071.50,979.90,1.24
91.00,veh5,2298.06,733.06,0.96
91.00,veh6,2298.06,733.06,0.96
92.00,veh12,2298.06,733.06,0.96
92.00,veh13,2298.06,733.06,0.96
92.00,veh14,2298.06,733.06,0.96
92.00,veh15,2298.06,733.06,0.96
92.00,veh16,2298.06,733.06,0.96
92.00,veh2,2327.69,742.53,0.96
92.00,veh20,0.00,0.00,0.00
92.00,veh21,1650.35,526.65,0.44
92.00,veh22,3804.85,1213.92,1.52
92.00,veh23,2872.09,916.31,1.13
92.00,veh24,2705.13,862.99,1.10
92.00,veh25,2379.56,759.07,0.99
92.00,veh3,2298.06,733.06,0.96
92.00,veh37,2699.54,861.19,1.11
92.00,veh38,3938.30,1256.47,1.61
92.00,veh39,2327.20,742.55,0.78
92.00,veh4,2298.06,733.06,0.96
92.00,veh47,3295.07,1051.22,1.35
92.00,veh48,4088.94,1304.54,1.66
92.00,veh49,3378.56,1077.87,1.38
92.00,veh5,2298.06,733.06,0.96
92.00,veh6,2298.06,733.06,0.96
93.00,veh12,2298.06,733.06,0.96
93.00,veh13,2298.06,733.06,0.96
93.00,veh14,2298.06,733.06,0.96
93.00,veh15,2298.06,733.06,0.96
93.00,veh16,2298.06,733.06,0.96
93.00,veh2,2601.85,830.01,1.07
93.00,veh20,2457.49,783.99,0.98
93.00,veh21,2331.71,744.02,0.76
93.00,veh22,0.00,0.00,0.00
93.00,veh23,2921.05,931.94,1.14
93.00,veh24,2596.19,828.24,1.04
93.00,veh25,2532.21,807.78,1.05
93.00,veh3,2298.06,733.06,0.96
93.00,veh37,2560.74,816.92,1.03
93.00,veh38,3792.66,1210.02,1.52
93.00,veh39,1977.21,630.90,0.62
93.00,veh4,2298.06,733.06,0.96
93.00,veh47,3231.75,1031.04,1.31
93.00,veh48,4005.02,1277.79,1.61
93.00,veh49,3691.63,1177.76,1.51
93.00,veh5,2298.06,733.06,0.96
93.00,veh6,2298.06,733.06,0.96
94.00,veh12,2298.06,733.06,0.96
94.00,veh13,2298.06,733.06,0.96
94.00,veh14,2298.06,733.06,0.96
94.00,veh15,2298.06,733.06,0.96
94.00,veh16,2298.04,733.05,0.96
94.00,veh2,2692.12,858.82,1.11
94.00,veh20,2515.03,802.35,1.00
94.00,veh21,0.00,0.00,0.00
94.00,veh22,0.00,0.00,0.00
94.00,veh23,4014.31,1280.72,1.65
94.00,veh24,3162.43,1008.90,1.29
94.00,veh25,2410.48,768.96,0.98
94.00,veh3,2298.06,733.06,0.96
94.00,veh37,2732.68,871.78,1.10
94.00,veh38,3827.45,1221.13,1.53
94.00,veh39,0.00,0.00,0.00
94.00,veh4,2298.06,733.06,0.96
94.00,veh47,2773.53,884.87,1.08
94.00,veh48,3798.15,1211.80,1.50
94.00,veh49,3034.01,967.98,1.19
94.00,veh5,2298.06,733.06,0.96
94.00,veh6,2298.06,733.06,0.96
95.00,veh12,2298.06,733.06,0.96
95.00,veh13,2298.06,733.06,0.96
95.00,veh14,2298.06,733.06,0.96
95.00,veh15,2298.06,733.06,0.96
95.00,veh16,2298.06,733.06,0.96
95.00,veh2,2770.57,883.86,1.13
95.00,veh20,2593.80,827.49,1.03
95.00,veh21,0.00,0.00,0.00
95.00,veh22,2961.40,944.78,1.18
95.00,veh23,3430.05,1094.34,1.36
95.00,veh24,2810.02,896.48,1.12
95.00,veh25,2522.51,804.71,1.03
95.00,veh26,2298.06,733.06,0.96
95.00,veh3,2298.06,733.06,0.96
95.00,veh37,2669.44,851.62,1.06
95.00,veh38,4116.38,1313.32,1.65
95.00,veh39,0.00,0.00,0.00
95.00,veh4,2298.06,733.06,0.96
95.00,veh47,2838.92,905.73,1.10
95.00,veh48,2541.47,810.90,0.89
95.00,veh49,3840.55,1225.29,1.56
95.00,veh5,2298.06,733.06,0.96
95.00,veh6,2298.06,733.06,0.96
96.00,veh12,2298.06,733.06,0.96
96.00,veh13,2298.06,733.06,0.96
96.00,veh14,2298.06,733.06,0.96
96.00,veh15,2298.06,733.06,0.96
96.00,veh16,2298.06,733.06,0.96
96.00,veh2,2499.46,797.38,1.00
96.00,veh20,3162.78,1009.02,1.29
96.00,veh21,0.00,0.00,0.00
96.00,veh22,0.00,0.00,0.00
96.00,veh23,2213.10,706.11,0.77
96.00,veh24,3246.35,1035.69,1.31
96.00,veh25,2792.29,890.79,1.14
96.00,veh26,2325.28,741.75,0.96
96.00,veh3,2298.06,733.06,0.96
96.00,veh37,2962.63,945.16,1.19
96.00,veh38,3963.31,1264.50,1.57
96.00,veh39,0.00,0.00,0.00
96.00,veh4,2298.06,733.06,0.96
96.00,veh47,3820.88,1219.01,1.56
96.00,veh48,1914.34,610.84,0.60
96.00,veh49,3967.83,1265.91,1.60
96.00,veh5,2298.06,733.06,0.96
96.00,veh6,2298.06,733.06,0.96
97.00,veh12,2298.06,733.06,0.96
97.00,veh13,2298.06,733.06,0.96
97.00,veh14,2298.06,733.06,0.96
97.00,veh15,2298.06,733.06,0.96
97.00,veh16,2298.06,733.06,0.96
97.00,veh2,3149.56,1004.79,1.29
97.00,veh20,3288.63,1049.18,1.34
97.00,veh21,1964.20,626.61,0.75
97.00,veh22,0.00,0.00,0.00
97.00,veh23,0.00,0.00,0.00
97.00,veh24,3523.09,1123.99,1.43
97.00,veh25,2745.98,876.03,1.11
97.00,veh26,2482.28,791.85,1.03
97.00,veh3,2298.06,733.06,0.96
97.00,veh37,3213.87,1025.33,1.30
97.00,veh38,4707.38,1501.88,1.91
97.00,veh39,2228.75,711.04,0.85
97.00,veh4,2298.06,733.06,0.96
97.00,veh47,3978.24,1269.22,1.62
97.00,veh48,1240.52,395.88,0.28
97.00,veh49,3772.42,1203.58,1.50
97.00,veh5,2298.06,733.06,0.96
97.00,veh6,2298.06,733.06,0.96
98.00,veh12,2298.06,733.06,0.96
98.00,veh13,2298.06,733.06,0.96
98.00,veh14,2298.06,733.06,0.96
98.00,veh15,2298.06,733.06,0.96
98.00,veh16,2298.06,733.06,0.96
98.00,veh2,3087.23,984.92,1.25
98.00,veh20,3620.57,1155.09,1.48
98.00,veh21,2956.37,943.14,1.21
98.00,veh22,2287.60,729.72,0.95
98.00,veh23,1948.98,621.79,0.72
98.00,veh24,3854.52,1229.74,1.57
98.00,veh25,2698.61,860.92,1.08
98.00,veh26,2351.83,750.24,0.96
98.00,veh3,2298.06,733.06,0.96
98.00,veh37,3284.66,1047.92,1.32
98.00,veh38,3934.39,1255.30,1.53
98.00,veh39,2801.37,893.72,1.11
98.00,veh4,2298.06,733.06,0.96
98.00,veh47,4265.44,1360.86,1.74
98.00,veh48,2151.17,686.39,0.71
98.00,veh49,2523.23,805.07,0.90
98.00,veh5,2298.06,733.06,0.96
98.00,veh6,2298.06,733.06,0.96
99.00,veh12,2298.06,733.06,0.96
99.00,veh13,2298.06,733.06,0.96
99.00,veh14,2298.06,733.06,0.96
99.00,veh15,2298.06,733.06,0.96
99.00,veh16,2298.06,733.06,0.96
99.00,veh2,2692.18,858.90,1.05
99.00,veh20,3189.23,1017.49,1.26
99.00,veh21,2787.92,889.41,1.12
99.00,veh22,2297.62,732.92,0.96
99.00,veh23,2923.50,932.69,1.17
99.00,veh24,3679.79,1174.01,1.48
99.00,veh25,2889.71,921.90,1.16
99.00,veh26,2726.13,869.67,1.12
99.00,veh3,2298.06,733.06,0.96
99.00,veh37,3840.42,1225.24,1.57
99.00,veh39,3021.15,963.85,1.21
99.00,veh4,2298.06,733.06,0.96
99.00,veh47,4261.58,1359.64,1.72
99.00,veh48,2264.50,722.54,0.76
99.00,veh49,2401.83,766.35,0.84
99.00,veh5,2298.06,733.06,0.96
99.00,veh6,2298.06,733.06,0.96
100.00,veh12,2298.06,733.06,0.96
100.00,veh13,2298.06,733.06,0.96
100.00,veh14,2298.06,733.06,0.96
100.00,veh15,2298.06,733.06,0.96
100.00,veh16,2298.06,733.06,0.96
100.00,veh2,2956.18,943.13,1.17
100.00,veh20,3839.81,1225.05,1.56
100.00,veh21,3020.31,963.56,1.22
100.00,veh22,2297.90,733.01,0.96
100.00,veh23,0.00,0.00,0.00
100.00,veh24,1491.10,475.78,0.44
100.00,veh25,3481.42,1110.68,1.43
100.00,veh26,2570.20,819.93,1.04
100.00,veh3,2298.06,733.06,0.96
100.00,veh30,2298.06,733.06,0.96
100.00,veh37,3044.26,971.26,1.18
100.00,veh39,3191.19,1018.10,1.28
100.00,veh4,2298.06,733.06,0.96
100.00,veh47,0.00,0.00,0.00
100.00,veh48,2268.04,723.68,0.76
100.00,veh49,2553.46,814.72,0.91
100.00,veh5,2298.06,733.06,0.96
100.00,veh6,2298.06,733.06,0.96
101.00,veh12,2298.06,733.06,0.96
101.00,veh13,2298.06,733.06,0.96
101.00,veh14,2298.06,733.06,0.96
101.00,veh15,2298.06,733.06,0.96
101.00,veh16,2298.06,733.06,0.96
101.00,veh2,2843.64,907.24,1.11
101.00,veh20,3385.85,1080.24,1.33
101.00,veh21,2844.19,907.39,1.13
101.00,veh22,2298.06,733.06,0.96
101.00,veh23,2297.14,732.76,0.96
101.00,veh24,0.00,0.00,0.00
101.00,veh25,3066.62,978.36,1.22
101.00,veh26,2643.37,843.29,1.07
101.00,veh3,2298.06,733.06,0.96
101.00,veh30,2327.72,742.53,0.96
101.00,veh37,3272.86,1044.19,1.28
101.00,veh39,3057.60,975.50,1.20
101.00,veh4,2298.06,733.06,0.96
101.00,veh47,0.00,0.00,0.00
101.00,veh48,2194.01,700.06,0.73
101.00,veh49,1929.98,615.82,0.61
101.00,veh5,2298.06,733.06,0.96
101.00,veh6,2298.06,733.06,0.96
102.00,veh12,2298.06,733.06,0.96
102.00,veh13,2298.06,733.06,0.96
102.00,veh14,2298.06,733.06,0.96
102.00,veh15,2298.06,733.06,0.96
102.00,veh16,2298.06,733.06,0.96
102.00,veh2,3537.24,1128.52,1.43
102.00,veh20,4407.43,1406.16,1.80
102.00,veh21,3609.17,1151.45,1.48
102.00,veh22,2298.06,733.06,0.96
102.00,veh23,2298.02,733.04,0.96
102.00,veh24,0.00,0.00,0.00
102.00,veh25,3078.81,982.26,1.22
102.00,veh26,3123.11,996.35,1.28
102.00,veh3,2341.99,747.08,0.97
102.00,veh30,2415.08,770.41,1.00
102.00,veh37,3695.54,1179.05,1.47
102.00,veh39,3326.20,1061.20,1.32
102.00,veh4,2298.06,733.06,0.96
102.00,veh47,0.00,0.00,0.00
102.00,veh48,0.00,0.00,0.00
102.00,veh49,1762.74,562.47,0.53
102.00,veh5,2298.06,733.06,0.96
102.00,veh6,2298.06,733.06,0.96
103.00,veh12,2298.06,733.06,0.96
103.00,veh13,2298.06,733.06,0.96
103.00,veh14,2298.06,733.06,0.96
103.00,veh15,2298.06,733.06,0.96
103.00,veh16,2298.06,733.06,0.96
103.00,veh2,3729.07,1189.73,1.50
103.00,veh20,0.00,0.00,0.00
103.00,veh21,3584.55,1143.60,1.45
103.00,veh22,2298.06,733.06,0.96
103.00,veh23,2298.04,733.05,0.96
103.00,veh24,2167.47,691.40,0.89
103.00,veh25,3747.45,1195.58,1.52
103.00,veh26,2953.85,942.36,1.19
103.00,veh3,2370.79,756.28,0.98
103.00,veh30,2584.86,824.59,1.07
103.00,veh37,3579.29,1141.97,1.41
103.00,veh39,3527.05,1125.28,1.40
103.00,veh4,2290.99,730.81,0.95
103.00,veh47,2046.00,652.74,0.76
103.00,veh48,0.00,0.00,0.00
103.00,veh49,1812.28,578.27,0.55
103.00,veh5,2298.06,733.06,0.96
103.00,veh6,2298.06,733.06,0.96
104.00,veh12,2298.06,733.06,0.96
104.00,veh13,2298.06,733.06,0.96
104.00,veh14,2298.06,733.06,0.96
104.00,veh15,2298.06,733.06,0.96
104.00,veh16,2298.06,733.06,0.96
104.00,veh2,3115.65,994.04,1.20
104.00,veh20,0.00,0.00,0.00
104.00,veh21,3757.47,1198.78,1.52
104.00,veh22,2298.06,733.06,0.96
104.00,veh23,2298.06,733.06,0.96
104.00,veh24,2292.49,731.28,0.95
104.00,veh25,2370.76,756.40,0.86
104.00,veh26,2806.37,895.32,1.11
104.00,veh3,2609.02,832.30,1.08
104.00,veh30,2521.78,804.48,1.03
104.00,veh39,4379.75,1397.32,1.79
104.00,veh4,2311.21,737.26,0.95
104.00,veh47,3217.60,1026.51,1.31
104.00,veh48,0.00,0.00,0.00
104.00,veh49,0.00,0.00,0.00
104.00,veh5,2285.33,729.00,0.95
104.00,veh6,2298.06,733.06,0.96
105.00,veh12,2298.06,733.06,0.96
105.00,veh13,2298.06,733.06,0.96
105.00,veh14,2298.06,733.06,0.96
105.00,veh15,2298.06,733.06,0.96
105.00,veh16,2298.06,733.06,0.96
105.00,veh2,3627.08,1157.21,1.43
105.00,veh20,2209.05,704.77,0.83
105.00,veh21,3538.37,1128.90,1.40
105.00,veh22,2298.06,733.06,0.96
105.00,veh23,2298.06,733.06,0.96
105.00,veh24,2298.02,733.05,0.96
105.00,veh25,0.00,0.00,0.00
105.00,veh26,2765.52,882.30,1.08
105.00,veh3,2588.78,825.85,1.06
105.00,veh30,2614.83,834.17,1.06
105.00,veh31,2298.06,733.06,0.96
105.00,veh39,4701.00,1499.82,1.93
105.00,veh4,2511.20,801.08,1.04
105.00,veh47,2828.48,902.38,1.11
105.00,veh48,0.00,0.00,0.00
105.00,veh49,2459.46,784.73,0.87
105.00,veh5,2312.06,737.53,0.95
105.00,veh6,2286.34,729.32,0.95
106.00,veh12,2287.19,729.59,0.95
106.00,veh13,2298.06,733.06,0.96
106.00,veh14,2298.06,733.06,0.96
106.00,veh15,2298.06,733.06,0.96
106.00,veh16,2298.06,733.06,0.96
106.00,veh2,4188.36,1336.28,1.69
106.00,veh20,3244.13,1034.99,1.31
106.00,veh21,4224.80,1347.90,1.72
106.00,veh22,2298.06,733.06,0.96
106.00,veh23,2298.06,733.06,0.96
106.00,veh24,2298.06,733.06,0.96
106.00,veh25,0.00,0.00,0.00
106.00,veh26,3421.91,1091.71,1.38
106.00,veh3,2411.95,769.45,0.97
106.00,veh30,2707.67,863.80,1.10
106.00,veh31,2340.24,746.52,0.97
106.00,veh39,3725.71,1188.70,1.45
106.00,veh4,2578.85,822.68,1.06
106.00,veh47,3428.34,1093.76,1.39
106.00,veh48,2262.18,721.61,0.94
106.00,veh49,2425.02,773.75,0.85
106.00,veh5,2347.37,748.81,0.96
106.00,veh6,2293.39,731.58,0.95
107.00,veh12,2278.17,726.72,0.94
107.00,veh13,2289.45,730.31,0.95
107.00,veh14,2298.06,733.06,0.96
107.00,veh15,2298.06,733.06,0.96
107.00,veh16,2298.06,733.06,0.96
107.00,veh20,3638.06,1160.67,1.48
107.00,veh21,4392.06,1401.27,1.78
107.00,veh22,2298.06,733.06,0.96
107.00,veh23,2298.04,733.05,0.96
107.00,veh24,2298.06,733.06,0.96
107.00,veh25,2294.83,732.03,0.95
107.00,veh26,2920.86,931.88,1.14
107.00,veh3,2561.77,817.25,1.03
107.00,veh30,2909.65,928.25,1.18
107.00,veh31,2412.44,769.57,0.99
107.00,veh4,2447.86,780.90,0.99
107.00,veh47,3285.76,1048.29,1.31
107.00,veh48,2293.17,731.50,0.95
107.00,veh49,0.00,0.00,0.00
107.00,veh5,2559.66,816.55,1.05
107.00,veh6,2433.22,776.20,1.00
108.00,veh12,2394.54,763.85,0.99
108.00,veh13,2279.98,727.29,0.95
108.00,veh14,2289.57,730.35,0.95
108.00,veh15,2298.06,733.06,0.96
108.00,veh16,2298.06,733.06,0.96
108.00,veh20,3576.60,1141.08,1.44
108.00,veh21,4909.63,1566.40,2.01
108.00,veh22,2298.06,733.06,0.96
108.00,veh23,2298.06,733.06,0.96
108.00,veh24,2298.06,733.06,0.96
108.00,veh25,2297.79,732.97,0.96
108.00,veh26,0.00,0.00,0.00
108.00,veh3,2893.33,923.04,1.18
108.00,veh30,2717.24,866.88,1.08
108.00,veh31,2522.81,804.79,1.04
108.00,veh4,2429.51,775.05,0.97
108.00,veh47,3983.51,1270.90,1.62
108.00,veh48,2297.39,732.84,0.96
108.00,veh49,0.00,0.00,0.00
108.00,veh5,2692.63,858.98,1.11
108.00,veh6,2375.54,757.80,0.97
109.00,veh12,2414.24,770.15,0.99
109.00,veh13,2384.62,760.69,0.99
109.00,veh14,2284.28,728.66,0.95
109.00,veh15,2292.11,731.16,0.95
109.00,veh16,2298.06,733.06,0.96
109.00,veh20,4095.12,1306.51,1.67
109.00,veh21,4125.05,1316.12,1.62
109.00,veh22,2298.06,733.06,0.96
109.00,veh23,2298.06,733.06,0.96
109.00,veh24,2298.06,733.06,0.96
109.00,veh25,2297.96,733.02,0.96
109.00,veh26,0.00,0.00,0.00
109.00,veh3,3273.50,1044.34,1.34
109.00,veh30,3293.05,1050.58,1.34
109.00,veh31,2702.80,862.23,1.11
109.00,veh32,2298.06,733.06,0.96
109.00,veh4,2568.50,819.40,1.03
109.00,veh47,3396.70,1083.71,1.33
109.00,veh48,2339.93,746.43,0.97
109.00,veh49,0.00,0.00,0.00
109.00,veh5,2924.21,932.88,1.20
109.00,veh6,2488.86,793.97,1.02
110.00,veh12,2439.30,778.15,0.99
110.00,veh13,2474.92,789.51,1.02
110.00,veh14,2305.04,735.29,0.95
110.00,veh15,2285.56,729.07,0.95
110.00,veh16,2294.76,732.01,0.95
110.00,veh20,4019.48,1282.39,1.62
110.00,veh21,2350.94,750.15,0.77
110.00,veh22,2298.06,733.06,0.96
110.00,veh23,2298.06,733.06,0.96
110.00,veh24,2298.06,733.06,0.96
110.00,veh25,2298.04,733.05,0.96
110.00,veh26,2285.89,729.17,0.95
110.00,veh3,2913.24,929.42,1.16
110.00,veh30,3187.43,1016.90,1.28
110.00,veh31,2453.48,782.70,0.99
110.00,veh32,2286.87,729.49,0.95
110.00,veh4,2584.76,824.60,1.03
110.00,veh47,4225.79,1348.22,1.71
110.00,veh48,2438.65,777.93,1.01
110.00,veh49,2119.97,676.25,0.87
110.00,veh5,2272.40,724.94,0.89
110.00,veh6,2643.93,843.45,1.08
111.00,veh12,2562.92,817.60,1.04
111.00,veh13,2431.23,775.58,0.99
111.00,veh14,2510.84,800.96,1.04
111.00,veh15,2284.44,728.72,0.94
111.00,veh16,2287.48,729.68,0.95
111.00,veh20,4345.16,1386.30,1.76
111.00,veh21,3211.01,1024.53,1.18
111.00,veh22,2295.05,732.10,0.95
111.00,veh23,2298.06,733.06,0.96
111.00,veh24,2298.06,733.06,0.96
111.00,veh25,2298.06,733.06,0.96
111.00,veh26,2296.66,732.61,0.96
111.00,veh3,2813.50,897.61,1.11
111.00,veh30,3829.89,1221.87,1.57
111.00,veh31,2500.41,797.68,1.00
111.00,veh32,2314.03,738.16,0.96
111.00,veh4,2596.26,828.27,1.03
111.00,veh47,4274.19,1363.67,1.72
111.00,veh48,2654.25,846.73,1.10
111.00,veh49,2403.39,766.68,0.99
111.00,veh5,2509.23,800.50,0.99
111.00,veh6,2909.63,928.23,1.19
112.00,veh12,2578.08,822.45,1.04
112.00,veh13,2619.11,835.53,1.07
112.00,veh14,2566.51,818.74,1.06
112.00,veh15,2467.66,787.18,1.02
112.00,veh16,2279.21,727.05,0.94
112.00,veh20,3777.45,1205.21,1.48
112.00,veh21,1974.83,630.17,0.59
112.00,veh22,2291.36,730.92,0.95
112.00,veh23,2295.35,732.19,0.96
112.00,veh24,2298.06,733.06,0.96
112.00,veh25,2298.06,733.06,0.96
112.00,veh26,2298.00,733.04,0.96
112.00,veh3,3054.00,974.34,1.21
112.00,veh30,0.00,0.00,0.00
112.00,veh31,3049.75,972.94,1.25
112.00,veh32,2438.09,777.75,1.01
112.00,veh4,2595.72,828.11,1.02
112.00,veh47,3144.27,1003.21,1.18
112.00,veh48,2408.09,768.21,0.97
112.00,veh49,2384.78,760.75,0.98
112.00,veh5,2859.72,912.33,1.15
112.00,veh6,2901.19,925.55,1.18
113.00,veh12,3061.56,976.70,1.26
113.00,veh13,2854.06,910.50,1.17
113.00,veh14,2666.42,850.62,1.09
113.00,veh15,2568.86,819.48,1.06
113.00,veh16,2364.21,754.18,0.98
113.00,veh20,3780.00,1206.03,1.47
113.00,veh21,1635.78,522.00,0.43
113.00,veh22,2285.77,729.14,0.95
113.00,veh23,2293.53,731.61,0.95
113.00,veh24,2298.06,733.06,0.96
113.00,veh25,2298.06,733.06,0.96
113.00,veh26,2298.00,733.04,0.96
113.00,veh3,3527.76,1125.49,1.42
113.00,veh30,0.00,0.00,0.00
113.00,veh31,2713.27,865.61,1.08
113.00,veh32,2551.18,813.84,1.05
113.00,veh4,3368.31,1074.60,1.38
113.00,veh48,2579.90,823.03,1.05
113.00,veh49,2702.64,862.17,1.12
113.00,veh5,3054.75,974.56,1.23
113.00,veh6,2671.07,852.14,1.06
114.00,veh12,2987.30,953.03,1.21
114.00,veh13,2302.87,734.66,0.90
114.00,veh14,2921.63,932.05,1.20
114.00,veh15,2428.05,774.57,0.98
114.00,veh16,2416.98,771.02,0.99
114.00,veh21,1776.73,566.97,0.50
114.00,veh22,2275.59,725.90,0.94
114.00,veh23,2282.91,728.23,0.95
114.00,veh24,2298.06,733.06,0.96
114.00,veh25,2298.06,733.06,0.96
114.00,veh26,2298.06,733.06,0.96
114.00,veh3,3897.15,1243.35,1.59
114.00,veh30,2148.40,685.31,0.88
114.00,veh31,3039.41,969.66,1.22
114.00,veh32,2442.21,779.09,0.99
114.00,veh33,2298.06,733.06,0.96
114.00,veh4,3167.59,1010.57,1.27
114.00,veh48,2465.12,786.42,0.98
114.00,veh49,2611.47,833.10,1.06
114.00,veh5,3017.45,962.67,1.20
114.00,veh6,2847.54,908.45,1.13
115.00,veh12,0.00,0.00,0.00
115.00,veh13,2604.31,830.84,1.04
115.00,veh14,2013.51,642.35,0.77
115.00,veh15,2573.24,820.90,1.04
115.00,veh16,2499.59,797.39,1.02
115.00,veh22,2412.10,769.46,0.99
115.00,veh23,2307.06,735.94,0.95
115.00,veh24,2318.02,739.43,0.96
115.00,veh25,2298.06,733.06,0.96
115.00,veh26,2298.06,733.06,0.96
115.00,veh3,3216.16,1026.11,1.25
115.00,veh30,2280.22,727.37,0.95
115.00,veh31,2942.77,938.84,1.17
115.00,veh32,2454.78,783.11,0.99
115.00,veh33,2285.29,728.99,0.95
115.00,veh4,3194.45,1019.15,1.27
115.00,veh48,3077.31,981.73,1.26
115.00,veh49,2686.49,857.04,1.09
115.00,veh5,3266.23,1042.04,1.31
115.00,veh6,3372.11,1075.81,1.37
116.00,veh12,3334.32,1063.74,1.37
116.00,veh13,2354.30,751.09,0.91
116.00,veh14,2700.91,861.65,1.09
116.00,veh15,2510.63,800.94,1.01
116.00,veh16,2771.85,884.26,1.14
116.00,veh22,2504.68,799.01,1.03
116.00,veh23,2404.49,767.03,0.99
116.00,veh24,2421.43,772.44,1.00
116.00,veh25,2300.23,733.76,0.95
116.00,veh26,2298.06,733.06,0.96
116.00,veh3,3274.57,1044.75,1.27
116.00,veh30,2297.69,732.94,0.96
116.00,veh31,3040.13,969.92,1.20
116.00,veh32,2488.76,793.96,1.00
116.00,veh33,2315.27,738.56,0.96
116.00,veh4,3343.70,1066.78,1.33
116.00,veh48,3050.29,973.13,1.24
116.00,veh49,3144.17,1003.06,1.29
116.00,veh5,3194.70,1019.24,1.27
116.00,veh6,3230.77,1030.74,1.29
117.00,veh12,2356.19,751.71,0.90
117.00,veh13,2861.62,912.94,1.15
117.00,veh14,2535.16,808.78,1.00
117.00,veh15,2823.99,900.92,1.15
117.00,veh16,2529.82,807.06,1.02
117.00,veh22,2532.64,807.94,1.03
117.00,veh23,2328.53,742.81,0.95
117.00,veh24,2338.84,746.10,0.95
117.00,veh25,2372.56,756.84,0.98
117.00,veh26,2285.36,729.01,0.95
117.00,veh3,0.00,0.00,0.00
117.00,veh30,2297.99,733.03,0.96
117.00,veh31,0.00,0.00,0.00
117.00,veh32,2874.20,916.93,1.17
117.00,veh33,2342.58,747.28,0.96
117.00,veh4,3598.16,1147.97,1.44
117.00,veh48,3101.27,989.40,1.25
117.00,veh49,3028.52,966.18,1.23
117.00,veh5,3726.25,1188.83,1.51
117.00,veh6,3848.65,1227.86,1.57
118.00,veh12,3607.61,1150.95,1.48
118.00,veh13,2825.36,901.38,1.12
118.00,veh14,3131.74,999.11,1.27
118.00,veh15,2969.28,947.28,1.20
118.00,veh16,2775.48,885.44,1.12
118.00,veh22,2693.65,859.32,1.10
118.00,veh23,2683.56,856.09,1.11
118.00,veh24,2398.05,764.99,0.98
118.00,veh25,2331.85,743.86,0.95
118.00,veh26,2348.97,749.31,0.97
118.00,veh3,1810.15,577.54,0.61
118.00,veh30,2286.83,729.48,0.95
118.00,veh31,2056.84,656.11,0.84
118.00,veh32,2654.87,846.97,1.06
118.00,veh33,2367.08,755.10,0.97
118.00,veh4,3510.95,1120.16,1.39
118.00,veh48,3487.53,1112.64,1.42
118.00,veh49,3027.08,965.73,1.21
118.00,veh5,3317.60,1058.47,1.30
118.00,veh6,3403.70,1085.93,1.35
119.00,veh12,3392.25,1082.26,1.36
119.00,veh13,2738.21,873.59,1.07
119.00,veh14,2195.58,700.47,0.82
119.00,veh15,3445.10,1099.09,1.42
119.00,veh16,3032.56,967.46,1.23
119.00,veh22,2992.29,954.60,1.23
119.00,veh23,2506.70,799.67,1.01
119.00,veh24,2804.18,894.57,1.16
119.00,veh25,2435.59,776.97,0.99
119.00,veh26,2518.08,803.28,1.04
119.00,veh3,1982.49,632.52,0.69
119.00,veh30,2397.12,764.67,0.99
119.00,veh31,2279.50,727.14,0.95
119.00,veh32,2993.59,955.04,1.21
119.00,veh33,2406.12,767.57,0.98
119.00,veh4,3734.77,1191.57,1.48
119.00,veh48,3490.22,1113.51,1.41
119.00,veh49,2888.09,921.41,1.14
119.00,veh5,4082.37,1302.46,1.65
119.00,veh6,2003.08,639.11,0.68
120.00,veh12,3399.59,1084.61,1.36
120.00,veh13,3698.15,1179.84,1.51
120.00,veh14,0.00,0.00,0.00
120.00,veh15,2739.86,874.11,1.07
120.00,veh16,2990.47,954.05,1.20
120.00,veh22,2991.48,954.36,1.22
120.00,veh23,2565.07,818.30,1.03
120.00,veh24,2642.03,842.86,1.07
120.00,veh25,2490.52,794.50,1.01
120.00,veh26,2436.66,777.31,0.99
120.00,veh3,1811.50,577.97,0.61
120.00,veh30,2439.29,778.14,1.00
120.00,veh31,2419.07,771.68,1.00
120.00,veh32,3555.70,1134.38,1.46
120.00,veh33,2737.78,873.39,1.13
120.00,veh34,2298.06,733.06,0.96
120.00,veh4,0.00,0.00,0.00
120.00,veh48,2976.84,949.74,1.16
120.00,veh49,3187.06,1016.79,1.27
120.00,veh5,2867.06,914.76,1.06
120.00,veh6,4078.91,1301.35,1.65
121.00,veh12,3878.68,1237.46,1.57
121.00,veh13,3322.06,1059.87,1.32
121.00,veh14,2726.03,869.67,1.10
121.00,veh15,0.00,0.00,0.00
121.00,veh16,3010.10,960.32,1.20
121.00,veh22,2752.86,878.24,1.09
121.00,veh23,2691.10,858.52,1.08
121.00,veh24,2806.42,895.31,1.14
121.00,veh25,2893.65,923.12,1.19
121.00,veh26,2316.78,739.08,0.93
121.00,veh3,3629.23,1157.87,1.47
121.00,veh30,2348.83,749.29,0.95
121.00,veh31,2317.83,739.39,0.95
121.00,veh32,0.00,0.00,0.00
121.00,veh33,2819.68,899.53,1.15
121.00,veh34,2314.64,738.36,0.96
121.00,veh4,0.00,0.00,0.00
121.00,veh48,3575.24,1140.66,1.43
121.00,veh49,3742.27,1193.93,1.52
121.00,veh5,0.00,0.00,0.00
121.00,veh6,4193.13,1337.80,1.69
122.00,veh12,4224.73,1347.87,1.72
122.00,veh13,3200.96,1021.25,1.25
122.00,veh14,3108.64,991.74,1.27
122.00,veh15,2531.80,807.71,1.00
122.00,veh16,0.00,0.00,0.00
122.00,veh22,3170.98,1011.64,1.28
122.00,veh23,2659.26,848.37,1.06
122.00,veh24,2696.41,860.23,1.08
122.00,veh25,2696.97,860.39,1.09
122.00,veh26,2511.56,801.22,1.02
122.00,veh3,3725.61,1188.63,1.50
122.00,veh30,2499.08,797.23,1.02
122.00,veh31,2322.05,740.74,0.94
122.00,veh32,0.00,0.00,0.00
122.00,veh33,3008.94,959.92,1.23
122.00,veh34,2352.23,750.36,0.97
122.00,veh4,1852.47,591.01,0.66
122.00,veh48,3517.14,1122.13,1.39
122.00,veh49,3031.03,967.04,1.17
122.00,veh5,0.00,0.00,0.00
122.00,veh6,0.00,0.00,0.00
123.00,veh12,4161.62,1327.75,1.68
123.00,veh13,3588.84,1145.00,1.43
123.00,veh14,2722.97,868.71,1.07
123.00,veh15,2830.06,902.87,1.13
123.00,veh16,1750.41,558.44,0.62
123.00,veh22,1647.69,525.69,0.56
123.00,veh23,2844.05,907.34,1.14
123.00,veh24,3215.52,1025.84,1.31
123.00,veh25,2984.38,952.09,1.21
123.00,veh26,2646.98,844.44,1.07
123.00,veh3,3420.32,1091.25,1.34
123.00,veh30,2675.53,853.54,1.09
123.00,veh31,2507.69,799.98,1.02
123.00,veh32,0.00,0.00,0.00
123.00,veh33,2686.14,856.95,1.07
123.00,veh34,2551.51,813.94,1.05
123.00,veh4,3239.28,1033.44,1.31
123.00,veh48,4493.91,1433.75,1.84
123.00,veh49,3278.84,1046.10,1.28
123.00,veh5,1750.25,558.38,0.63
123.00,veh6,0.00,0.00,0.00
124.00,veh12,4521.18,1442.47,1.83
124.00,veh13,4115.53,1313.04,1.66
124.00,veh14,3591.73,1145.88,1.47
124.00,veh15,3183.26,1015.56,1.29
124.00,veh16,2194.24,700.03,0.83
124.00,veh22,0.00,0.00,0.00
124.00,veh23,2902.56,926.01,1.16
124.00,veh24,2894.27,923.37,1.15
124.00,veh25,2810.64,896.68,1.12
124.00,veh26,2902.21,925.87,1.18
124.00,veh3,3237.50,1032.93,1.25
124.00,veh30,2168.29,691.72,0.85
124.00,veh31,2632.80,839.90,1.07
124.00,veh32,2452.80,782.46,1.00
124.00,veh33,2834.55,904.31,1.13
124.00,veh34,2507.09,799.79,1.02
124.00,veh4,3784.72,1207.46,1.55
124.00,veh48,4126.68,1316.61,1.65
124.00,veh49,3212.01,1024.79,1.24
124.00,veh5,2077.63,662.82,0.78
124.00,veh6,1758.54,561.03,0.63
125.00,veh12,0.00,0.00,0.00
125.00,veh13,4263.02,1360.10,1.72
125.00,veh14,3843.69,1226.27,1.58
125.00,veh15,3577.14,1141.23,1.46
125.00,veh16,0.00,0.00,0.00
125.00,veh22,1984.24,633.04,0.73
125.00,veh23,2978.28,950.18,1.18
125.00,veh24,3607.38,1150.88,1.47
125.00,veh25,3198.42,1020.40,1.29
125.00,veh26,2778.42,886.39,1.11
125.00,veh3,4333.57,1382.61,1.75
125.00,veh30,2685.39,856.70,1.08
125.00,veh31,2903.60,926.31,1.19
125.00,veh32,2459.29,784.54,1.00
125.00,veh33,3064.40,977.65,1.23
125.00,veh34,2492.78,795.23,1.01
125.00,veh35,2298.06,733.06,0.96
125.00,veh4,3758.82,1199.21,1.52
125.00,veh49,3249.02,1036.61,1.25
125.00,veh5,2685.53,856.76,1.07
125.00,veh6,1955.44,623.84,0.73
126.00,veh12,1629.59,519.94,0.53
126.00,veh13,4940.98,1576.40,2.03
126.00,veh14,3989.48,1272.80,1.63
126.00,veh15,2961.89,944.96,1.16
126.00,veh16,2884.87,920.34,1.17
126.00,veh22,0.00,0.00,0.00
126.00,veh23,0.00,0.00,0.00
126.00,veh24,3009.97,960.31,1.18
126.00,veh25,2867.63,914.88,1.13
126.00,veh26,3023.82,964.69,1.22
126.00,veh3,3774.56,1204.29,1.48
126.00,veh30,2619.96,835.83,1.04
126.00,veh31,2341.05,746.85,0.92
126.00,veh32,2559.08,816.38,1.04
126.00,veh33,0.00,0.00,0.00
126.00,veh34,2754.44,878.72,1.12
126.00,veh35,2409.37,768.58,1.00
126.00,veh4,4210.94,1343.46,1.72
126.00,veh5,3183.09,1015.50,1.29
126.00,veh6,3038.68,969.42,1.23
127.00,veh12,1908.78,609.00,0.66
127.00,veh13,0.00,0.00,0.00
127.00,veh14,4334.51,1382.89,1.78
127.00,veh15,3793.71,1210.34,1.54
127.00,veh16,2806.72,895.42,1.12
127.00,veh22,3171.39,1011.75,1.30
127.00,veh23,0.00,0.00,0.00
127.00,veh24,1947.88,621.48,0.67
127.00,veh25,3064.35,977.65,1.21
127.00,veh26,2857.20,911.55,1.13
127.00,veh3,4180.21,1333.70,1.66
127.00,veh30,3124.12,996.68,1.27
127.00,veh31,2357.40,752.07,0.92
127.00,veh32,2925.84,933.40,1.20
127.00,veh33,0.00,0.00,0.00
127.00,veh34,2891.75,922.54,1.18
127.00,veh35,2509.96,800.69,1.04
127.00,veh4,4018.10,1281.96,1.62
127.00,veh5,3543.89,1130.62,1.45
127.00,veh6,3395.64,1083.31,1.39
128.00,veh12,0.00,0.00,0.00
128.00,veh13,0.00,0.00,0.00
128.00,veh14,4079.03,1301.39,1.64
128.00,veh15,3949.68,1260.11,1.60
128.00,veh16,3200.34,1021.01,1.30
128.00,veh22,2226.00,710.16,0.85
128.00,veh23,3174.83,1012.85,1.30
128.00,veh24,0.00,0.00,0.00
128.00,veh25,3973.54,1267.71,1.63
128.00,veh26,3475.61,1108.84,1.41
128.00,veh30,3281.86,1047.02,1.33
128.00,veh31,2659.08,848.32,1.06
128.00,veh32,2795.20,891.74,1.13
128.00,veh33,0.00,0.00,0.00
128.00,veh34,3301.42,1053.24,1.36
128.00,veh35,2614.36,834.01,1.08
128.00,veh4,3772.50,1203.62,1.49
128.00,veh5,3347.52,1067.99,1.34
128.00,veh6,3396.13,1083.48,1.38
129.00,veh12,3060.22,976.34,1.20
129.00,veh13,3032.77,967.54,1.23
129.00,veh14,3577.81,1141.51,1.39
129.00,veh15,3620.10,1154.98,1.43
129.00,veh16,2911.28,928.80,1.15
129.00,veh22,2092.81,667.67,0.78
129.00,veh23,1895.69,604.79,0.69
129.00,veh24,2881.61,919.32,1.15
129.00,veh25,0.00,0.00,0.00
129.00,veh26,3677.56,1173.28,1.49
129.00,veh30,2962.90,945.27,1.17
129.00,veh31,3038.36,969.33,1.22
129.00,veh32,2933.16,935.76,1.18
129.00,veh33,3078.80,982.22,1.26
129.00,veh34,2962.60,945.17,1.19
129.00,veh35,2508.36,800.20,1.02
129.00,veh36,2298.06,733.06,0.96
129.00,veh4,4719.52,1505.74,1.92
129.00,veh5,3276.36,1045.30,1.30
129.00,veh6,3790.06,1209.17,1.55
130.00,veh12,3065.46,978.02,1.20
130.00,veh13,2761.70,881.07,1.09
130.00,veh14,0.00,0.00,0.00
130.00,veh15,4611.45,1471.25,1.89
130.00,veh16,3213.20,1025.13,1.28
130.00,veh22,2366.24,754.91,0.91
130.00,veh23,0.00,0.00,0.00
130.00,veh24,1786.05,569.82,0.63
130.00,veh25,3112.46,992.98,1.25
130.00,veh26,0.00,0.00,0.00
130.00,veh30,2965.68,946.17,1.16
130.00,veh31,2964.33,945.72,1.18
130.00,veh32,2992.76,954.79,1.20
130.00,veh33,2184.34,696.87,0.83
130.00,veh34,2779.18,886.66,1.09
130.00,veh35,2540.71,810.53,1.02
130.00,veh36,2305.86,735.55,0.95
130.00,veh4,5134.81,1638.24,2.10
130.00,veh5,3122.03,996.07,1.22
130.00,veh6,3757.52,1198.80,1.52
131.00,veh12,3442.01,1098.15,1.36
131.00,veh13,3229.07,1030.18,1.30
131.00,veh14,0.00,0.00,0.00
131.00,veh15,4866.65,1552.68,1.99
131.00,veh16,3453.74,1101.88,1.39
131.00,veh22,3160.51,1008.31,1.28
131.00,veh23,2641.86,842.82,1.05
131.00,veh24,0.00,0.00,0.00
131.00,veh25,0.00,0.00,0.00
131.00,veh26,2942.85,938.89,1.15
131.00,veh30,3043.93,971.14,1.19
131.00,veh31,3397.10,1083.80,1.37
131.00,veh32,0.00,0.00,0.00
131.00,veh33,3226.66,1029.40,1.31
131.00,veh34,3763.47,1200.68,1.54
131.00,veh35,2636.71,841.17,1.06
131.00,veh36,2461.77,785.31,1.02
131.00,veh5,3762.04,1200.26,1.51
131.00,veh6,3162.86,1009.11,1.23
132.00,veh12,3801.61,1212.88,1.52
132.00,veh13,3417.80,1090.40,1.38
132.00,veh14,0.00,0.00,0.00
132.00,veh15,0.00,0.00,0.00
132.00,veh16,3664.73,1169.20,1.47
132.00,veh22,3056.72,975.21,1.22
132.00,veh23,3100.56,989.17,1.26
132.00,veh24,2094.16,668.09,0.79
132.00,veh25,0.00,0.00,0.00
132.00,veh26,0.00,0.00,0.00
132.00,veh30,3162.66,1009.03,1.24
132.00,veh31,3089.42,985.65,1.22
132.00,veh32,2507.17,799.87,0.97
132.00,veh33,0.00,0.00,0.00
132.00,veh34,3136.07,1000.54,1.23
132.00,veh35,2590.25,826.35,1.03
132.00,veh36,2596.42,828.28,1.07
132.00,veh5,4190.94,1337.10,1.70
132.00,veh6,3247.80,1036.21,1.26
133.00,veh12,4657.32,1485.88,1.91
133.00,veh13,3175.45,1013.10,1.25
133.00,veh14,1613.39,514.74,0.55
133.00,veh15,0.00,0.00,0.00
133.00,veh16,3559.08,1135.51,1.41
133.00,veh22,3010.35,960.42,1.18
133.00,veh23,3049.30,972.83,1.22
133.00,veh24,3300.38,1052.91,1.35
133.00,veh25,2120.98,676.65,0.81
133.00,veh26,0.00,0.00,0.00
133.00,veh30,3563.44,1136.89,1.42
133.00,veh31,3292.60,1050.48,1.30
133.00,veh32,3385.32,1080.03,1.38
133.00,veh33,2036.64,649.76,0.75
133.00,veh34,3111.16,992.60,1.21
133.00,veh35,3330.05,1062.38,1.37
133.00,veh36,2780.08,886.88,1.15
133.00,veh40,2298.06,733.06,0.96
133.00,veh5,1924.44,614.05,0.61
133.00,veh6,4053.93,1293.39,1.63
134.00,veh12,3933.48,1254.98,1.55
134.00,veh13,3739.53,1193.06,1.51
134.00,veh14,2179.19,695.23,0.82
134.00,veh15,0.00,0.00,0.00
134.00,veh16,4530.37,1445.38,1.86
134.00,veh22,3253.65,1038.05,1.29
134.00,veh23,3542.16,1130.07,1.44
134.00,veh24,2384.45,760.72,0.91
134.00,veh25,2720.83,868.02,1.08
134.00,veh26,1859.94,593.38,0.68
134.00,veh30,3351.93,1069.43,1.31
134.00,veh31,4031.51,1286.22,1.64
134.00,veh32,3049.81,973.01,1.21
134.00,veh33,3294.10,1050.92,1.34
134.00,veh34,1859.77,593.39,0.62
134.00,veh35,3524.42,1124.40,1.45
134.00,veh36,2811.70,896.98,1.15
134.00,veh40,2286.51,729.37,0.95
134.00,veh6,4422.54,1411.00,1.79
135.00,veh12,4620.56,1474.18,1.87
135.00,veh13,3808.81,1215.18,1.53
135.00,veh14,2815.98,898.39,1.11
135.00,veh15,2187.43,697.86,0.83
135.00,veh16,3842.53,1225.96,1.52
135.00,veh22,3358.75,1071.59,1.33
135.00,veh23,3932.12,1254.49,1.61
135.00,veh24,0.00,0.00,0.00
135.00,veh25,0.00,0.00,0.00
135.00,veh26,2197.18,700.96,0.84
135.00,veh30,4041.98,1289.58,1.62
135.00,veh31,4516.20,1440.86,1.85
135.00,veh32,3080.45,982.79,1.21
135.00,veh33,2794.83,891.66,1.09
135.00,veh34,0.00,0.00,0.00
135.00,veh35,2805.05,894.92,1.10
135.00,veh36,2869.09,915.30,1.17
135.00,veh40,2320.58,740.25,0.96
135.00,veh6,4524.39,1443.50,1.82
136.00,veh13,4379.07,1397.12,1.78
136.00,veh14,2931.73,935.33,1.16
136.00,veh15,2979.77,950.64,1.19
136.00,veh16,0.00,0.00,0.00
136.00,veh22,3464.95,1105.48,1.37
136.00,veh23,3541.74,1129.97,1.41
136.00,veh24,3262.51,1040.84,1.32
136.00,veh25,2938.55,937.47,1.19
136.00,veh26,0.00,0.00,0.00
136.00,veh30,4540.43,1448.61,1.84
136.00,veh31,2995.42,955.71,1.12
136.00,veh32,3303.73,1054.03,1.31
136.00,veh33,3141.20,1002.17,1.24
136.00,veh34,0.00,0.00,0.00
136.00,veh35,3075.84,981.31,1.21
136.00,veh36,2579.51,822.93,1.02
136.00,veh40,2527.63,806.32,1.05
137.00,veh13,3623.68,1156.14,1.41
137.00,veh14,3782.95,1206.90,1.55
137.00,veh15,3595.95,1147.23,1.47
137.00,veh16,0.00,0.00,0.00
137.00,veh22,4232.16,1350.24,1.72
137.00,veh23,3733.48,1191.14,1.49
137.00,veh24,3336.81,1064.56,1.35
137.00,veh25,3214.88,1025.64,1.31
137.00,veh26,2902.94,926.11,1.17
137.00,veh30,0.00,0.00,0.00
137.00,veh31,4324.18,1379.62,1.74
137.00,veh32,3134.32,999.99,1.22
137.00,veh33,3788.49,1208.68,1.54
137.00,veh34,1946.54,621.01,0.71
137.00,veh35,3015.53,962.09,1.18
137.00,veh36,3366.31,1073.95,1.38
137.00,veh40,2626.70,837.94,1.08
138.00,veh13,4981.69,1589.39,2.04
138.00,veh14,3056.94,975.30,1.19
138.00,veh15,3540.52,1129.56,1.43
138.00,veh16,3158.93,1007.78,1.29
138.00,veh22,0.00,0.00,0.00
138.00,veh23,4199.02,1339.67,1.70
138.00,veh24,3534.71,1127.71,1.43
138.00,veh25,3536.68,1128.32,1.45
138.00,veh26,2657.45,847.80,1.05
138.00,veh30,0.00,0.00,0.00
138.00,veh31,0.00,0.00,0.00
138.00,veh32,3844.57,1226.59,1.54
138.00,veh33,2952.84,942.10,1.13
138.00,veh34,3244.25,1035.02,1.32
138.00,veh35,4185.28,1335.27,1.72
138.00,veh36,3447.54,1099.88,1.41
138.00,veh40,2448.51,781.10,0.99
138.00,veh41,2298.06,733.06,0.96
139.00,veh14,4179.41,1333.40,1.71
139.00,veh15,3799.03,1212.04,1.54
139.00,veh16,2945.92,939.84,1.18
139.00,veh22,0.00,0.00,0.00
139.00,veh23,3430.16,1094.40,1.32
139.00,veh24,3590.51,1145.52,1.44
139.00,veh25,2836.48,904.95,1.11
139.00,veh26,3506.08,1118.55,1.44
139.00,veh30,2578.47,822.59,1.03
139.00,veh31,0.00,0.00,0.00
139.00,veh32,4391.38,1401.04,1.79
139.00,veh33,3860.66,1231.72,1.55
139.00,veh34,2930.05,934.79,1.16
139.00,veh35,3222.80,1028.23,1.25
139.00,veh36,3215.25,1025.79,1.28
139.00,veh40,2860.19,912.45,1.17
139.00,veh41,2365.27,754.51,0.98
140.00,veh14,3541.46,1129.89,1.40
140.00,veh15,4062.76,1296.19,1.65
140.00,veh16,2338.92,746.20,0.89
140.00,veh22,3275.22,1044.89,1.34
140.00,veh23,0.00,0.00,0.00
140.00,veh24,3084.54,984.12,1.19
140.00,veh25,3723.81,1188.03,1.51
140.00,veh26,3063.07,977.23,1.22
140.00,veh30,3200.44,1021.03,1.31
140.00,veh31,1864.20,594.73,0.69
140.00,veh32,0.00,0.00,0.00
140.00,veh33,3602.98,1149.53,1.42
140.00,veh34,3710.38,1183.75,1.51
140.00,veh35,0.00,0.00,0.00
140.00,veh36,3400.30,1084.83,1.36
140.00,veh40,2489.24,794.12,0.99
140.00,veh41,2422.74,772.86,1.00
141.00,veh14,4156.64,1326.16,1.68
141.00,veh15,3453.33,1101.78,1.35
141.00,veh16,2918.89,931.23,1.15
141.00,veh22,3196.45,1019.78,1.29
141.00,veh23,0.00,0.00,0.00
141.00,veh24,3169.10,1011.10,1.22
141.00,veh25,3316.55,1058.12,1.31
141.00,veh26,3035.01,968.29,1.19
141.00,veh30,3080.76,982.86,1.24
141.00,veh31,0.00,0.00,0.00
141.00,veh32,0.00,0.00,0.00
141.00,veh33,0.00,0.00,0.00
141.00,veh34,3372.39,1075.93,1.34
141.00,veh35,2237.75,713.92,0.84
141.00,veh36,3381.82,1078.95,1.34
141.00,veh40,2870.51,915.76,1.16
141.00,veh41,2619.56,835.66,1.08
142.00,veh14,3871.00,1235.05,1.53
142.00,veh15,3459.05,1103.62,1.34
142.00,veh16,3440.20,1097.55,1.39
142.00,veh22,1940.39,619.07,0.69
142.00,veh23,0.00,0.00,0.00
142.00,veh24,4460.80,1423.19,1.82
142.00,veh25,3670.98,1171.21,1.47
142.00,veh26,3608.03,1151.11,1.45
142.00,veh30,3300.86,1053.09,1.33
142.00,veh31,3025.35,965.16,1.24
142.00,veh32,0.00,0.00,0.00
142.00,veh33,0.00,0.00,0.00
142.00,veh34,4180.07,1333.61,1.71
142.00,veh35,2811.63,897.01,1.11
142.00,veh36,3768.79,1202.41,1.51
142.00,veh40,3093.55,986.93,1.26
142.00,veh41,2655.50,847.14,1.09
142.00,veh42,2298.06,733.06,0.96
143.00,veh15,4170.63,1330.63,1.67
143.00,veh16,3202.57,1021.75,1.27
143.00,veh22,3386.05,1080.27,1.36
143.00,veh23,2350.59,749.93,0.89
143.00,veh24,0.00,0.00,0.00
143.00,veh25,4086.49,1303.77,1.65
143.00,veh26,3638.65,1160.89,1.46
143.00,veh30,2962.76,945.24,1.16
143.00,veh31,3024.50,964.90,1.22
143.00,veh32,1898.22,605.60,0.69
143.00,veh33,0.00,0.00,0.00
143.00,veh34,3299.24,1052.62,1.28
143.00,veh35,3595.33,1147.03,1.47
143.00,veh36,2639.89,842.28,0.97
143.00,veh40,3180.87,1014.80,1.28
143.00,veh41,2776.55,885.77,1.13
143.00,veh42,2323.58,741.21,0.96
144.00,veh16,3536.30,1128.23,1.41
144.00,veh22,3111.95,992.84,1.22
144.00,veh23,1727.60,551.18,0.59
144.00,veh24,0.00,0.00,0.00
144.00,veh25,4445.70,1418.38,1.81
144.00,veh26,4231.94,1350.17,1.72
144.00,veh30,3707.50,1182.84,1.50
144.00,veh31,2731.36,871.39,1.08
144.00,veh32,3059.83,976.18,1.23
144.00,veh33,1897.08,605.23,0.69
144.00,veh34,1945.10,620.63,0.63
144.00,veh35,3187.07,1016.80,1.26
144.00,veh36,0.00,0.00,0.00
144.00,veh40,3414.57,1089.37,1.38
144.00,veh41,2610.12,832.68,1.05
144.00,veh42,2391.38,762.85,0.99
145.00,veh16,3183.76,1015.77,1.23
145.00,veh22,3994.95,1274.55,1.63
145.00,veh23,2779.86,886.88,1.09
145.00,veh24,0.00,0.00,0.00
145.00,veh25,0.00,0.00,0.00
145.00,veh26,4500.28,1435.79,1.84
145.00,veh30,3977.95,1269.13,1.62
145.00,veh31,3614.49,1153.14,1.48
145.00,veh32,3520.73,1123.23,1.44
145.00,veh33,3036.12,968.62,1.22
145.00,veh34,0.00,0.00,0.00
145.00,veh35,3943.51,1258.13,1.61
145.00,veh36,0.00,0.00,0.00
145.00,veh40,3697.47,1179.63,1.50
145.00,veh41,3203.02,1021.85,1.31
145.00,veh42,2586.50,825.11,1.07
146.00,veh16,3440.91,1097.82,1.35
146.00,veh22,3540.81,1129.68,1.40
146.00,veh23,3475.13,1108.70,1.40
146.00,veh24,0.00,0.00,0.00
146.00,veh25,0.00,0.00,0.00
146.00,veh26,4369.26,1394.01,1.76
146.00,veh30,3785.26,1207.67,1.51
146.00,veh31,3805.34,1214.04,1.56
146.00,veh32,3839.24,1224.86,1.57
146.00,veh33,2821.09,900.03,1.11
146.00,veh34,0.00,0.00,0.00
146.00,veh35,4029.48,1285.58,1.64
146.00,veh36,3165.22,1009.80,1.28
146.00,veh40,3922.66,1251.49,1.60
146.00,veh41,3178.05,1013.89,1.29
146.00,veh42,2737.66,873.35,1.13
146.00,veh43,2298.06,733.06,0.96
147.00,veh16,4161.24,1327.63,1.68
147.00,veh22,3862.31,1232.26,1.54
147.00,veh23,3566.21,1137.76,1.44
147.00,veh24,1863.56,594.52,0.69
147.00,veh25,0.00,0.00,0.00
147.00,veh26,0.00,0.00,0.00
147.00,veh30,4161.20,1327.61,1.68
147.00,veh31,3377.53,1077.58,1.34
147.00,veh32,3085.22,984.32,1.20
147.00,veh33,3348.05,1068.15,1.35
147.00,veh34,3168.12,1010.74,1.27
147.00,veh35,3969.27,1266.38,1.59
147.00,veh36,3039.24,969.62,1.21
147.00,veh40,3252.74,1037.78,1.27
147.00,veh41,2741.77,874.72,1.07
147.00,veh42,2707.35,863.69,1.10
147.00,veh43,2295.69,732.30,0.96
148.00,veh16,2386.08,761.33,0.83
148.00,veh22,4526.17,1444.05,1.84
148.00,veh23,3426.55,1093.22,1.36
148.00,veh24,2659.80,848.55,1.06
148.00,veh25,0.00,0.00,0.00
148.00,veh26,0.00,0.00,0.00
148.00,veh30,3139.85,1001.80,1.18
148.00,veh31,3295.86,1051.53,1.29
148.00,veh32,3472.64,1107.93,1.38
148.00,veh33,3733.81,1191.23,1.52
148.00,veh34,1937.45,618.14,0.68
148.00,veh35,4669.17,1489.67,1.91
148.00,veh36,3014.13,961.62,1.19
148.00,veh40,3780.81,1206.25,1.51
148.00,veh41,3408.86,1087.55,1.38
148.00,veh42,2546.53,812.40,1.02
148.00,veh43,2379.24,758.97,0.99
149.00,veh22,3964.26,1264.81,1.56
149.00,veh23,3492.38,1114.23,1.38
149.00,veh24,2648.68,845.01,1.04
149.00,veh25,1959.18,625.03,0.73
149.00,veh26,0.00,0.00,0.00
149.00,veh30,0.00,0.00,0.00
149.00,veh31,3129.24,998.39,1.20
149.00,veh32,4456.13,1421.69,1.83
149.00,veh33,3603.51,1149.67,1.44
149.00,veh34,2303.10,734.79,0.85
149.00,veh35,0.00,0.00,0.00
149.00,veh36,3860.88,1231.76,1.58
149.00,veh40,3952.22,1260.95,1.57
149.00,veh41,3914.99,1249.03,1.60
149.00,veh42,2665.90,850.49,1.07
149.00,veh43,2347.18,748.75,0.96
150.00,veh23,4383.03,1398.38,1.79
150.00,veh24,3494.30,1114.79,1.43
150.00,veh25,3227.31,1029.60,1.32
150.00,veh26,3161.92,1008.74,1.29
150.00,veh30,1704.64,543.87,0.58
150.00,veh31,3987.86,1272.31,1.60
150.00,veh32,3378.24,1077.84,1.30
150.00,veh33,3117.20,994.54,1.20
150.00,veh34,3148.02,1004.34,1.25
150.00,veh35,0.00,0.00,0.00
150.00,veh36,3655.23,1166.17,1.47
150.00,veh40,3841.47,1225.63,1.51
150.00,veh41,4073.68,1299.67,1.66
150.00,veh42,3122.11,996.04,1.27
150.00,veh43,2563.58,817.80,1.06
151.00,veh23,3864.37,1232.93,1.53
151.00,veh24,3519.23,1122.76,1.43
151.00,veh25,3164.01,1009.42,1.28
151.00,veh26,3441.17,1097.84,1.41
151.00,veh30,2853.46,910.36,1.12
151.00,veh31,3411.70,1088.51,1.32
151.00,veh32,0.00,0.00,0.00
151.00,veh33,4164.46,1328.65,1.69
151.00,veh34,3197.44,1020.12,1.26
151.00,veh35,2979.11,950.43,1.19
151.00,veh36,3704.28,1181.83,1.48
151.00,veh40,4743.55,1513.42,1.92
151.00,veh41,3798.87,1212.01,1.52
151.00,veh42,3499.48,1116.44,1.44
151.00,veh43,2539.86,810.25,1.04
151.00,veh44,2298.06,733.06,0.96
152.00,veh23,1572.69,501.85,0.43
152.00,veh24,2866.02,914.38,1.11
152.00,veh25,2868.47,915.15,1.13
152.00,veh26,2211.19,705.46,0.82
152.00,veh30,3229.95,1030.48,1.28
152.00,veh31,3574.81,1140.56,1.38
152.00,veh32,0.00,0.00,0.00
152.00,veh33,3481.62,1110.82,1.35
152.00,veh34,3884.54,1239.33,1.57
152.00,veh35,3083.23,983.66,1.23
152.00,veh36,4473.01,1427.08,1.83
152.00,veh40,4854.18,1548.73,1.96
152.00,veh41,4322.58,1379.10,1.75
152.00,veh42,3175.40,1013.07,1.27
152.00,veh43,2503.21,798.56,1.01
152.00,veh44,2285.50,729.05,0.95
153.00,veh24,3019.36,963.31,1.17
153.00,veh25,3385.82,1080.20,1.36
153.00,veh26,3130.14,998.63,1.25
153.00,veh30,3760.57,1199.77,1.52
153.00,veh31,4030.84,1286.05,1.59
153.00,veh32,3409.08,1087.61,1.39
153.00,veh33,2954.87,942.79,1.09
153.00,veh34,4309.60,1374.94,1.76
153.00,veh35,2939.92,937.95,1.15
153.00,veh36,0.00,0.00,0.00
153.00,veh40,2823.92,901.05,0.99
153.00,veh41,3561.13,1136.19,1.38
153.00,veh42,3715.08,1185.25,1.51
153.00,veh43,2852.27,909.93,1.16
153.00,veh44,2384.35,760.60,0.99
154.00,veh24,3787.34,1208.32,1.53
154.00,veh25,2941.76,938.55,1.14
154.00,veh26,3806.79,1214.51,1.55
154.00,veh30,3714.90,1185.21,1.49
154.00,veh31,3884.10,1239.25,1.51
154.00,veh32,3152.95,1005.91,1.26
154.00,veh33,0.00,0.00,0.00
154.00,veh34,3544.33,1130.82,1.38
154.00,veh35,3611.15,1152.10,1.46
154.00,veh36,0.00,0.00,0.00
154.00,veh40,0.00,0.00,0.00
154.00,veh41,4261.19,1359.53,1.70
154.00,veh42,3362.15,1072.67,1.33
154.00,veh43,2780.59,887.08,1.12
154.00,veh44,2471.70,788.48,1.02
155.00,veh24,3840.67,1225.35,1.54
155.00,veh25,3340.40,1065.73,1.32
155.00,veh26,2983.74,951.95,1.15
155.00,veh30,3736.91,1192.25,1.49
155.00,veh31,5218.92,1665.09,2.13
155.00,veh32,1611.76,514.24,0.52
155.00,veh33,3664.91,1169.24,1.49
155.00,veh34,2821.89,900.36,1.03
155.00,veh35,4083.52,1302.81,1.67
155.00,veh36,2910.53,928.56,1.15
155.00,veh40,0.00,0.00,0.00
155.00,veh41,2748.17,876.86,0.97
155.00,veh42,3259.96,1040.08,1.27
155.00,veh43,3170.67,1011.53,1.29
155.00,veh44,2626.75,837.96,1.08
156.00,veh24,3197.19,1020.07,1.22
156.00,veh25,3575.45,1140.73,1.42
156.00,veh26,3416.40,1089.99,1.35
156.00,veh30,4090.61,1305.10,1.64
156.00,veh31,0.00,0.00,0.00
156.00,veh32,2955.74,943.00,1.16
156.00,veh33,3041.57,970.39,1.19
156.00,veh34,0.00,0.00,0.00
156.00,veh35,3613.89,1153.00,1.43
156.00,veh36,3064.37,977.65,1.22
156.00,veh40,0.00,0.00,0.00
156.00,veh41,1516.82,484.04,0.39
156.00,veh42,3503.77,1117.87,1.38
156.00,veh43,2916.15,930.35,1.16
156.00,veh44,2700.69,861.56,1.11
156.00,veh45,2298.06,733.06,0.96
157.00,veh25,4206.63,1342.10,1.71
157.00,veh26,3383.76,1079.58,1.32
157.00,veh30,3571.56,1139.52,1.38
157.00,veh31,1880.36,600.03,0.54
157.00,veh32,3530.93,1126.51,1.42
157.00,veh33,2258.11,720.46,0.81
157.00,veh34,0.00,0.00,0.00
157.00,veh35,3801.12,1212.74,1.51
157.00,veh36,3122.07,996.06,1.23
157.00,veh40,0.00,0.00,0.00
157.00,veh41,3075.45,981.27,1.13
157.00,veh42,0.00,0.00,0.00
157.00,veh43,3361.51,1072.44,1.36
157.00,veh44,2545.14,811.95,1.02
157.00,veh45,2404.56,767.05,1.00
158.00,veh25,3691.22,1177.69,1.45
158.00,veh26,3713.57,1184.81,1.47
158.00,veh31,5056.33,1613.23,2.04
158.00,veh32,3840.26,1225.20,1.55
158.00,veh33,3277.96,1045.82,1.29
158.00,veh34,2124.30,677.73,0.79
158.00,veh35,4518.78,1441.70,1.84
158.00,veh36,3274.64,1044.75,1.30
158.00,veh40,0.00,0.00,0.00
158.00,veh41,0.00,0.00,0.00
158.00,veh42,2475.39,789.74,0.95
158.00,veh43,3202.55,1021.74,1.28
158.00,veh44,2733.72,872.12,1.10
158.00,veh45,2414.95,770.37,0.99
159.00,veh26,4812.50,1535.40,1.97
159.00,veh32,3616.66,1153.88,1.43
159.00,veh33,4364.95,1392.60,1.79
159.00,veh34,1943.11,619.92,0.70
159.00,veh35,4103.14,1309.12,1.62
159.00,veh36,3914.28,1248.82,1.59
159.00,veh40,2682.54,855.78,1.08
159.00,veh41,0.00,0.00,0.00
159.00,veh42,3113.24,993.24,1.24
159.00,veh43,2945.23,939.66,1.14
159.00,veh44,2941.82,938.52,1.19
159.00,veh45,2632.19,839.69,1.09
160.00,veh26,2930.33,934.96,1.07
160.00,veh32,3614.24,1153.12,1.42
160.00,veh33,4696.59,1498.42,1.93
160.00,veh34,3163.80,1009.36,1.27
160.00,veh35,0.00,0.00,0.00
160.00,veh36,3702.26,1181.19,1.47
160.00,veh40,2529.23,806.88,1.00
160.00,veh41,0.00,0.00,0.00
160.00,veh42,3580.73,1142.39,1.45
160.00,veh43,3688.43,1176.76,1.48
160.00,veh44,3412.41,1088.66,1.40
160.00,veh45,2429.78,775.13,0.98
160.00,veh46,2298.06,733.06,0.96
161.00,veh32,3884.96,1239.50,1.54
161.00,veh33,4455.22,1421.43,1.80
161.00,veh34,3125.45,997.13,1.25
161.00,veh35,0.00,0.00,0.00
161.00,veh36,3831.53,1222.44,1.52
161.00,veh40,2673.86,853.03,1.06
161.00,veh41,0.00,0.00,0.00
161.00,veh42,3606.44,1150.60,1.45
161.00,veh43,3691.74,1177.83,1.47
161.00,veh44,2987.81,953.21,1.19
161.00,veh45,2901.09,925.50,1.19
161.00,veh46,2373.06,756.99,0.98
162.00,veh32,3770.82,1203.09,1.47
162.00,veh33,3645.97,1163.27,1.40
162.00,veh34,3891.01,1241.37,1.60
162.00,veh35,2875.85,917.47,1.17
162.00,veh36,3466.77,1106.09,1.34
162.00,veh40,3040.37,969.97,1.23
162.00,veh41,0.00,0.00,0.00
162.00,veh42,3954.37,1261.61,1.60
162.00,veh43,0.00,0.00,0.00
162.00,veh44,3221.48,1027.77,1.29
162.00,veh45,2674.36,853.18,1.08
162.00,veh46,2389.01,762.10,0.98
163.00,veh33,3694.62,1178.80,1.42
163.00,veh34,3558.19,1135.21,1.42
163.00,veh35,2810.11,896.50,1.12
163.00,veh36,3946.15,1259.03,1.56
163.00,veh40,2860.03,912.45,1.13
163.00,veh41,2683.26,856.01,1.09
163.00,veh42,4505.93,1437.58,1.85
163.00,veh43,1843.88,588.27,0.65
163.00,veh44,3716.49,1185.70,1.51
163.00,veh45,3153.12,1005.93,1.29
163.00,veh46,2485.02,792.74,1.02
164.00,veh34,3847.97,1227.67,1.55
164.00,veh35,3147.14,1004.03,1.27
164.00,veh36,0.00,0.00,0.00
164.00,veh40,3331.41,1062.84,1.35
164.00,veh41,2595.14,827.91,1.04
164.00,veh42,4062.76,1296.22,1.62
164.00,veh43,0.00,0.00,0.00
164.00,veh44,3873.74,1235.88,1.57
164.00,veh45,3328.48,1061.88,1.36
164.00,veh46,2597.14,828.52,1.06
165.00,veh34,3725.76,1188.69,1.48
165.00,veh35,2996.48,955.98,1.19
165.00,veh36,0.00,0.00,0.00
165.00,veh40,3909.20,1247.18,1.60
165.00,veh41,2606.90,831.67,1.04
165.00,veh42,4045.03,1290.57,1.60
165.00,veh43,3348.84,1068.39,1.36
165.00,veh44,4019.38,1282.36,1.63
165.00,veh45,3177.35,1013.68,1.28
165.00,veh46,2897.36,924.31,1.19
166.00,veh34,3400.59,1084.97,1.31
166.00,veh35,3812.38,1216.28,1.57
166.00,veh36,3101.92,989.59,1.27
166.00,veh40,3278.35,1045.94,1.29
166.00,veh41,3124.95,996.95,1.27
166.00,veh42,0.00,0.00,0.00
166.00,veh43,3654.57,1165.94,1.49
166.00,veh44,0.00,0.00,0.00
166.00,veh45,3749.10,1196.10,1.53
166.00,veh46,2943.65,939.09,1.20
167.00,veh34,3512.37,1120.64,1.36
167.00,veh35,4033.00,1286.68,1.65
167.00,veh36,2852.09,909.90,1.14
167.00,veh40,3130.11,998.65,1.21
167.00,veh41,3369.73,1075.05,1.37
167.00,veh42,0.00,0.00,0.00
167.00,veh43,3646.61,1163.41,1.47
167.00,veh44,0.00,0.00,0.00
167.00,veh45,3560.83,1136.05,1.43
167.00,veh46,3259.87,1039.98,1.34
168.00,veh35,3689.48,1177.10,1.48
168.00,veh36,3469.81,1106.98,1.42
168.00,veh40,3327.37,1061.59,1.30
168.00,veh41,2909.49,928.24,1.15
168.00,veh42,2067.13,659.50,0.76
168.00,veh43,3419.73,1091.04,1.36
168.00,veh44,2026.59,646.56,0.74
168.00,veh45,4002.86,1277.08,1.63
168.00,veh46,3355.64,1070.55,1.37
169.00,veh35,3289.45,1049.50,1.28
169.00,veh36,3064.57,977.71,1.22
169.00,veh40,3201.89,1021.57,1.23
169.00,veh41,3301.64,1053.35,1.32
169.00,veh42,2989.59,953.79,1.19
169.00,veh43,3695.00,1178.87,1.47
169.00,veh44,3412.88,1088.82,1.39
169.00,veh45,3425.27,1092.83,1.34
169.00,veh46,3008.98,959.97,1.20
170.00,veh35,3837.15,1224.23,1.53
170.00,veh36,3767.68,1202.03,1.54
170.00,veh40,0.00,0.00,0.00
170.00,veh41,3157.88,1007.50,1.24
170.00,veh42,3293.25,1050.67,1.32
170.00,veh43,3213.76,1025.36,1.24
170.00,veh44,3309.07,1055.72,1.33
170.00,veh45,0.00,0.00,0.00
170.00,veh46,3251.82,1037.45,1.30
171.00,veh35,4506.47,1437.77,1.83
171.00,veh36,3936.96,1256.05,1.60
171.00,veh40,1901.46,606.64,0.68
171.00,veh41,3416.92,1090.15,1.35
171.00,veh42,3793.35,1210.23,1.54
171.00,veh43,3430.50,1094.51,1.33
171.00,veh44,3860.69,1231.71,1.58
171.00,veh45,0.00,0.00,0.00
171.00,veh46,3412.16,1088.62,1.36
172.00,veh36,3403.89,1086.00,1.34
172.00,veh40,2882.28,919.55,1.14
172.00,veh41,4277.70,1364.76,1.75
172.00,veh42,3859.08,1231.21,1.56
172.00,veh43,0.00,0.00,0.00
172.00,veh44,3353.47,1069.91,1.32
172.00,veh45,2234.03,712.74,0.83
172.00,veh46,4017.09,1281.61,1.64
173.00,veh36,3353.92,1070.07,1.30
173.00,veh40,3068.80,979.06,1.22
173.00,veh41,3999.32,1275.97,1.60
173.00,veh42,3625.39,1156.67,1.44
173.00,veh43,0.00,0.00,0.00
173.00,veh44,4080.78,1301.94,1.65
173.00,veh45,3212.60,1024.93,1.29
173.00,veh46,4159.64,1327.10,1.69
174.00,veh36,4063.61,1296.48,1.63
174.00,veh40,3580.77,1142.40,1.45
174.00,veh41,4813.45,1535.71,1.97
174.00,veh42,3678.33,1173.57,1.45
174.00,veh43,2702.45,862.14,1.09
174.00,veh44,3705.49,1182.23,1.46
174.00,veh45,3062.38,977.02,1.21
174.00,veh46,0.00,0.00,0.00
175.00,veh36,4308.55,1374.64,1.73
175.00,veh40,3499.45,1116.47,1.40
175.00,veh41,3784.38,1207.43,1.47
175.00,veh42,3624.12,1156.28,1.41
175.00,veh43,3257.50,1039.23,1.34
175.00,veh44,2570.16,820.05,0.92
175.00,veh45,3252.27,1037.61,1.29
175.00,veh46,0.00,0.00,0.00
176.00,veh36,3619.92,1154.96,1.39
176.00,veh40,3304.04,1054.14,1.30
176.00,veh41,1540.94,491.73,0.40
176.00,veh42,0.00,0.00,0.00
176.00,veh43,2920.85,931.84,1.17
176.00,veh44,0.00,0.00,0.00
176.00,veh45,3103.90,990.28,1.21
176.00,veh46,2283.22,728.43,0.87
177.00,veh40,4165.81,1329.07,1.69
177.00,veh41,2610.61,832.97,0.91
177.00,veh42,0.00,0.00,0.00
177.00,veh43,2869.96,915.62,1.13
177.00,veh44,0.00,0.00,0.00
177.00,veh45,3193.80,1018.97,1.24
177.00,veh46,3329.62,1062.26,1.35
178.00,veh40,4412.51,1407.79,1.79
178.00,veh41,2017.71,643.83,0.63
178.00,veh42,2842.04,906.69,1.14
178.00,veh43,3496.25,1115.43,1.42
178.00,veh44,2967.63,946.74,1.21
178.00,veh45,3597.25,1147.69,1.42
178.00,veh46,3312.19,1056.71,1.33
179.00,veh40,4341.37,1385.11,1.74
179.00,veh41,2166.09,691.17,0.70
179.00,veh42,2984.70,952.21,1.20
179.00,veh43,3627.07,1157.18,1.47
179.00,veh44,2792.66,890.94,1.12
179.00,veh45,3931.21,1254.24,1.57
179.00,veh46,2872.64,916.49,1.11
180.00,veh41,2704.58,862.96,0.95
180.00,veh42,2967.51,946.74,1.18
180.00,veh43,3133.38,999.69,1.22
180.00,veh44,2862.67,913.28,1.14
180.00,veh45,0.00,0.00,0.00
180.00,veh46,3146.12,1003.75,1.23
181.00,veh41,1982.29,632.54,0.61
181.00,veh42,3246.39,1035.72,1.30
181.00,veh43,3714.57,1185.11,1.49
181.00,veh44,2678.44,854.52,1.05
181.00,veh45,0.00,0.00,0.00
181.00,veh46,4201.53,1340.46,1.72
182.00,veh42,3702.13,1181.12,1.51
182.00,veh43,3461.33,1104.33,1.36
182.00,veh44,3113.31,993.26,1.24
182.00,veh45,3033.53,967.77,1.24
182.00,veh46,3419.39,1090.95,1.34
183.00,veh42,3715.96,1185.55,1.50
183.00,veh43,4719.99,1505.88,1.94
183.00,veh44,3180.94,1014.84,1.26
183.00,veh45,2736.47,873.01,1.09
183.00,veh46,3583.24,1143.23,1.41
184.00,veh42,3112.22,992.95,1.20
184.00,veh43,0.00,0.00,0.00
184.00,veh44,3105.47,990.78,1.22
184.00,veh45,3269.85,1043.19,1.33
184.00,veh46,0.00,0.00,0.00
185.00,veh42,3327.14,1061.52,1.29
185.00,veh43,0.00,0.00,0.00
185.00,veh44,3980.81,1270.04,1.62
185.00,veh45,3347.76,1068.05,1.35
185.00,veh46,0.00,0.00,0.00
186.00,veh42,4235.63,1351.36,1.71
186.00,veh43,2647.98,844.78,1.05
186.00,veh44,3218.18,1026.76,1.25
186.00,veh45,3267.63,1042.50,1.30
186.00,veh46,3108.12,991.58,1.26
187.00,veh42,3452.95,1101.68,1.33
187.00,veh43,2769.77,883.64,1.10
187.00,veh44,4082.79,1302.60,1.65
187.00,veh45,3714.18,1184.97,1.50
187.00,veh46,2940.56,938.14,1.17
188.00,veh42,4251.62,1356.48,1.70
188.00,veh43,3101.50,989.48,1.25
188.00,veh44,0.00,0.00,0.00
188.00,veh45,3575.18,1140.64,1.42
188.00,veh46,3354.03,1070.06,1.35
189.00,veh43,3444.72,1098.99,1.40
189.00,veh44,0.00,0.00,0.00
189.00,veh45,3633.56,1159.27,1.44
189.00,veh46,2919.83,931.55,1.14
190.00,veh43,3114.38,993.62,1.23
190.00,veh44,2568.09,819.31,1.00
190.00,veh45,3375.61,1076.99,1.31
190.00,veh46,3811.93,1216.16,1.55
191.00,veh43,3103.78,990.24,1.21
191.00,veh44,0.00,0.00,0.00
191.00,veh45,4423.41,1411.27,1.79
191.00,veh46,3732.86,1190.94,1.50
192.00,veh43,3487.55,1112.68,1.39
192.00,veh44,3254.89,1038.42,1.32
192.00,veh45,0.00,0.00,0.00
192.00,veh46,4456.01,1421.65,1.83
193.00,veh43,4378.78,1397.01,1.79
193.00,veh44,3695.18,1178.89,1.51
193.00,veh45,0.00,0.00,0.00
193.00,veh46,3999.34,1275.98,1.59
194.00,veh43,4146.08,1322.79,1.67
194.00,veh44,3381.23,1078.75,1.35
194.00,veh45,0.00,0.00,0.00
194.00,veh46,4411.76,1407.56,1.78
195.00,veh43,4054.17,1293.48,1.61
195.00,veh44,4014.45,1280.77,1.64
195.00,veh45,3390.14,1081.57,1.38
195.00,veh46,0.00,0.00,0.00
196.00,veh43,3805.47,1214.15,1.48
196.00,veh44,3352.58,1069.63,1.31
196.00,veh45,3129.69,998.49,1.24
196.00,veh46,0.00,0.00,0.00
197.00,veh44,4266.09,1361.07,1.73
197.00,veh45,3669.92,1170.85,1.48
197.00,veh46,2860.53,912.59,1.15
198.00,veh44,4705.20,1501.17,1.92
198.00,veh45,3925.40,1252.36,1.59
198.00,veh46,2999.73,957.01,1.20
199.00,veh44,3789.27,1208.98,1.48
199.00,veh45,3830.81,1222.20,1.53
199.00,veh46,3553.84,1133.80,1.45
200.00,veh45,4246.34,1354.78,1.72
200.00,veh46,2882.51,919.64,1.12
201.00,veh45,4057.31,1294.48,1.61
201.00,veh46,3291.53,1050.13,1.31
202.00,veh45,4846.03,1546.11,1.97
202.00,veh46,4036.91,1287.94,1.65
203.00,veh46,3980.00,1269.80,1.61
204.00,veh46,4339.32,1384.44,1.76
205.00,veh46,4156.59,1326.16,1.66
206.00,veh46,4644.48,1481.82,1.88
