timestamp,speed,vehicle_count,road_length,traffic_density,congestion_level,source
2022-01-01T00:00:00,50.23029856408026,50590,1.0,1007.16,high,historical_dataset
2022-01-01T00:00:00,29.377124707590273,30825,1.0,1049.29,high,historical_dataset
2022-01-01T00:00:00,54.47439821046639,7399,1.0,135.83,low,historical_dataset
2022-01-01T00:00:00,43.817610389486106,60874,1.0,1389.26,high,historical_dataset
2022-01-01T00:00:00,41.11676288840868,57292,1.0,1393.4,high,historical_dataset
2022-01-01T00:00:00,34.241962549718146,47848,1.0,1397.35,high,historical_dataset
2022-01-01T00:00:00,29.982429564154636,36574,1.0,1219.85,high,historical_dataset
2022-01-01T00:00:00,38.45517943888766,25379,1.0,659.96,medium,historical_dataset
2022-01-01T00:00:00,35.039373044314026,25022,1.0,714.11,medium,historical_dataset
2022-01-01T00:00:00,56.90455625809979,31760,1.0,558.13,medium,historical_dataset
2022-01-01T00:00:00,26.144876261711513,38446,1.0,1470.5,high,historical_dataset
2022-01-01T00:00:00,47.96984673233186,15043,1.0,313.59,low,historical_dataset
2022-01-02T00:00:00,52.87084603742452,22050,1.0,417.05,low,historical_dataset
2022-01-02T00:00:00,26.428424435837172,37877,1.0,1433.19,high,historical_dataset
2022-01-02T00:00:00,43.56398794323472,29106,1.0,668.12,medium,historical_dataset
2022-01-02T00:00:00,37.57207490980107,53217,1.0,1416.4,high,historical_dataset
2022-01-02T00:00:00,45.889505969673664,37584,1.0,819.01,medium,historical_dataset
2022-01-02T00:00:00,53.52433334796224,16676,1.0,311.56,low,historical_dataset
2022-01-02T00:00:00,51.5135098647949,37509,1.0,728.14,medium,historical_dataset
2022-01-02T00:00:00,34.756123586657104,6758,1.0,194.44,low,historical_dataset
2022-01-02T00:00:00,31.1468640313824,30209,1.0,969.89,medium,historical_dataset
2022-01-02T00:00:00,40.06999065341167,20375,1.0,508.49,medium,historical_dataset
2022-01-02T00:00:00,32.794298957181454,15636,1.0,476.79,low,historical_dataset
2022-01-03T00:00:00,38.86905317091622,23457,1.0,603.49,medium,historical_dataset
2022-01-03T00:00:00,33.52942618497861,38925,1.0,1160.92,high,historical_dataset
2022-01-03T00:00:00,40.226182694246795,9154,1.0,227.56,low,historical_dataset
2022-01-03T00:00:00,36.727690564476774,24968,1.0,679.81,medium,historical_dataset
2022-01-03T00:00:00,27.326524371119504,51459,1.0,1883.12,high,historical_dataset
2022-01-03T00:00:00,36.50393786476208,28481,1.0,780.22,medium,historical_dataset
2022-01-03T00:00:00,40.30824347895295,10179,1.0,252.53,low,historical_dataset
2022-01-04T00:00:00,41.228499323474985,46199,1.0,1120.56,high,historical_dataset
2022-01-04T00:00:00,52.55340842443204,56242,1.0,1070.19,high,historical_dataset
2022-01-04T00:00:00,24.607678222398995,20450,1.0,831.04,medium,historical_dataset
2022-01-04T00:00:00,51.69672548830039,13391,1.0,259.03,low,historical_dataset
2022-01-04T00:00:00,29.409745067661433,28369,1.0,964.61,medium,historical_dataset
2022-01-04T00:00:00,42.57507710047305,31228,1.0,733.48,medium,historical_dataset
2022-01-04T00:00:00,37.03463635867223,34180,1.0,922.92,medium,historical_dataset
2022-01-04T00:00:00,40.38910043684659,43569,1.0,1078.73,high,historical_dataset
2022-01-04T00:00:00,39.54830800668156,16342,1.0,413.22,low,historical_dataset
2022-01-04T00:00:00,34.979532763712655,19306,1.0,551.92,medium,historical_dataset
2022-01-04T00:00:00,39.23108130476851,16012,1.0,408.15,low,historical_dataset
2022-01-05T00:00:00,50.80134095075202,49952,1.0,983.28,medium,historical_dataset
2022-01-05T00:00:00,20.0,33970,1.0,1698.5,high,historical_dataset
2022-01-05T00:00:00,57.473270552317246,17018,1.0,296.1,low,historical_dataset
2022-01-05T00:00:00,25.212362842176926,58920,1.0,2336.95,high,historical_dataset
2022-01-05T00:00:00,34.44415329089545,46963,1.0,1363.45,high,historical_dataset
2022-01-05T00:00:00,55.94191518470949,18111,1.0,323.75,low,historical_dataset
2022-01-05T00:00:00,42.39264835108181,22491,1.0,530.54,medium,historical_dataset
2022-01-05T00:00:00,23.934740912583298,38924,1.0,1626.26,high,historical_dataset
2022-01-05T00:00:00,20.0,25165,1.0,1258.25,high,historical_dataset
2022-01-05T00:00:00,57.71555094994159,15871,1.0,274.99,low,historical_dataset
2022-01-06T00:00:00,46.59329803364248,46556,1.0,999.2,medium,historical_dataset
2022-01-06T00:00:00,30.915387036364404,22591,1.0,730.74,medium,historical_dataset
2022-01-06T00:00:00,51.72257284413772,20310,1.0,392.67,low,historical_dataset
2022-01-06T00:00:00,44.82690983945514,61024,1.0,1361.33,high,historical_dataset
2022-01-06T00:00:00,21.483153943836662,28153,1.0,1310.47,high,historical_dataset
2022-01-06T00:00:00,62.7080063563551,12965,1.0,206.75,low,historical_dataset
2022-01-06T00:00:00,45.62209850913712,57145,1.0,1252.57,high,historical_dataset
2022-01-06T00:00:00,34.19584226291008,40516,1.0,1184.82,high,historical_dataset
2022-01-06T00:00:00,46.965547765115744,22893,1.0,487.44,low,historical_dataset
2022-01-06T00:00:00,20.0,28470,1.0,1423.5,high,historical_dataset
2022-01-06T00:00:00,47.342147325365204,6965,1.0,147.12,low,historical_dataset
2022-01-06T00:00:00,51.21108557787716,32668,1.0,637.91,medium,historical_dataset
2022-01-07T00:00:00,29.84255885002768,24405,1.0,817.79,medium,historical_dataset
2022-01-07T00:00:00,25.49316208594673,25768,1.0,1010.78,high,historical_dataset
2022-01-07T00:00:00,46.087035805829075,34362,1.0,745.59,medium,historical_dataset
2022-01-07T00:00:00,45.46436548156149,12382,1.0,272.35,low,historical_dataset
2022-01-07T00:00:00,36.94089992898308,50214,1.0,1359.31,high,historical_dataset
2022-01-07T00:00:00,44.34249738927012,21131,1.0,476.54,low,historical_dataset
2022-01-07T00:00:00,23.530413712665606,39110,1.0,1662.1,high,historical_dataset
2022-01-07T00:00:00,34.7107511582513,42022,1.0,1210.63,high,historical_dataset
2022-01-08T00:00:00,28.18948342525119,36384,1.0,1290.69,high,historical_dataset
2022-01-08T00:00:00,44.5228864385802,11033,1.0,247.81,low,historical_dataset
2022-01-08T00:00:00,34.37367222583899,16390,1.0,476.82,low,historical_dataset
2022-01-08T00:00:00,36.975996046923996,65269,1.0,1765.17,high,historical_dataset
2022-01-08T00:00:00,66.42270358611864,17926,1.0,269.88,low,historical_dataset
2022-01-08T00:00:00,65.01737102530136,22876,1.0,351.84,low,historical_dataset
2022-01-08T00:00:00,28.283766320619485,49798,1.0,1760.66,high,historical_dataset
2022-01-08T00:00:00,27.919211338058588,30323,1.0,1086.1,high,historical_dataset
2022-01-08T00:00:00,65.76747983560841,13356,1.0,203.08,low,historical_dataset
2022-01-09T00:00:00,38.46488475897993,38748,1.0,1007.36,high,historical_dataset
2022-01-09T00:00:00,25.82840194803964,34188,1.0,1323.66,high,historical_dataset
2022-01-09T00:00:00,32.4761995653555,32010,1.0,985.64,medium,historical_dataset
2022-01-09T00:00:00,30.599491174057057,13903,1.0,454.35,low,historical_dataset
2022-01-09T00:00:00,20.0,34831,1.0,1741.55,high,historical_dataset
2022-01-09T00:00:00,44.0166037320525,14614,1.0,332.01,low,historical_dataset
2022-01-09T00:00:00,38.19781934142537,28195,1.0,738.13,medium,historical_dataset
2022-01-10T00:00:00,28.070948022040927,43024,1.0,1532.69,high,historical_dataset
2022-01-10T00:00:00,61.23396562299045,13224,1.0,215.96,low,historical_dataset
2022-01-10T00:00:00,51.283966231285376,31137,1.0,607.15,medium,historical_dataset
2022-01-10T00:00:00,20.0,60935,1.0,3046.75,high,historical_dataset
2022-01-10T00:00:00,20.8628550309502,39508,1.0,1893.7,high,historical_dataset
2022-01-10T00:00:00,33.47530163619456,39400,1.0,1176.99,high,historical_dataset
2022-01-10T00:00:00,59.92999517432791,28165,1.0,469.96,low,historical_dataset
2022-01-10T00:00:00,26.015320182089628,28609,1.0,1099.7,high,historical_dataset
2022-01-10T00:00:00,43.13028697014554,18780,1.0,435.42,low,historical_dataset
2022-01-10T00:00:00,39.17190464382564,27100,1.0,691.82,medium,historical_dataset
2022-01-10T00:00:00,54.12435249259166,16397,1.0,302.95,low,historical_dataset
2022-01-11T00:00:00,20.0,11423,1.0,571.15,medium,historical_dataset
2022-01-11T00:00:00,44.599114873434466,10806,1.0,242.29,low,historical_dataset
2022-01-11T00:00:00,28.942850769966615,40629,1.0,1403.77,high,historical_dataset
2022-01-11T00:00:00,57.98811324847052,14197,1.0,244.83,low,historical_dataset
2022-01-11T00:00:00,60.01333651955487,13734,1.0,228.85,low,historical_dataset
2022-01-11T00:00:00,38.592094004578406,48585,1.0,1258.94,high,historical_dataset
2022-01-11T00:00:00,37.825799504882994,35331,1.0,934.05,medium,historical_dataset
2022-01-11T00:00:00,42.236136191777796,31483,1.0,745.4,medium,historical_dataset
2022-01-11T00:00:00,40.77188038914457,24863,1.0,609.81,medium,historical_dataset
2022-01-12T00:00:00,38.38720502869636,37767,1.0,983.84,medium,historical_dataset
2022-01-12T00:00:00,53.8661464608941,29583,1.0,549.19,medium,historical_dataset
2022-01-12T00:00:00,26.3346338292694,14566,1.0,553.11,medium,historical_dataset
2022-01-12T00:00:00,23.803825667109887,43533,1.0,1828.82,high,historical_dataset
2022-01-12T00:00:00,20.0,19320,1.0,966.0,medium,historical_dataset
2022-01-12T00:00:00,26.075441606430964,48094,1.0,1844.42,high,historical_dataset
2022-01-12T00:00:00,34.73359265264269,21711,1.0,625.07,medium,historical_dataset
2022-01-12T00:00:00,34.643585177025166,31399,1.0,906.34,medium,historical_dataset
2022-01-12T00:00:00,45.86143883046375,18517,1.0,403.76,low,historical_dataset
2022-01-13T00:00:00,51.02477209439482,11371,1.0,222.85,low,historical_dataset
2022-01-13T00:00:00,37.64141550677165,11938,1.0,317.15,low,historical_dataset
2022-01-13T00:00:00,36.1772121738091,55123,1.0,1523.69,high,historical_dataset
2022-01-13T00:00:00,49.12220555415429,52096,1.0,1060.54,high,historical_dataset
2022-01-13T00:00:00,38.041929195534216,26541,1.0,697.68,medium,historical_dataset
2022-01-13T00:00:00,35.77589815501497,17216,1.0,481.22,low,historical_dataset
2022-01-13T00:00:00,50.24264677643169,19195,1.0,382.05,low,historical_dataset
2022-01-14T00:00:00,51.50381788721268,24545,1.0,476.57,low,historical_dataset
2022-01-14T00:00:00,45.85982116175032,56258,1.0,1226.74,high,historical_dataset
2022-01-14T00:00:00,26.36048778579194,32100,1.0,1217.73,high,historical_dataset
2022-01-14T00:00:00,51.41930534961551,6265,1.0,121.84,low,historical_dataset
2022-01-14T00:00:00,42.82870243581346,35956,1.0,839.53,medium,historical_dataset
2022-01-14T00:00:00,20.0,38339,1.0,1916.95,high,historical_dataset
2022-01-14T00:00:00,33.19510211068366,28132,1.0,847.47,medium,historical_dataset
2022-01-14T00:00:00,29.158640569945103,16393,1.0,562.2,medium,historical_dataset
2022-01-14T00:00:00,37.8084668075758,9696,1.0,256.45,low,historical_dataset
2022-01-14T00:00:00,52.58938600121948,21620,1.0,411.11,low,historical_dataset
2022-01-15T00:00:00,52.32649360729083,20081,1.0,383.76,low,historical_dataset
2022-01-15T00:00:00,28.06813172763581,40722,1.0,1450.83,high,historical_dataset
2022-01-15T00:00:00,36.94129933503811,13316,1.0,360.46,low,historical_dataset
2022-01-15T00:00:00,41.381886607674325,4901,1.0,118.43,low,historical_dataset
2022-01-15T00:00:00,20.13722970049706,45841,1.0,2276.43,high,historical_dataset
2022-01-15T00:00:00,52.47910256117534,14041,1.0,267.55,low,historical_dataset
2022-01-15T00:00:00,29.970296716048466,11644,1.0,388.52,low,historical_dataset
2022-01-15T00:00:00,38.90522897565001,29959,1.0,770.05,medium,historical_dataset
2022-01-16T00:00:00,35.895806812552486,37666,1.0,1049.31,high,historical_dataset
2022-01-16T00:00:00,39.07052287124535,33681,1.0,862.06,medium,historical_dataset
2022-01-16T00:00:00,46.82453826605304,47091,1.0,1005.69,high,historical_dataset
2022-01-16T00:00:00,37.13293707372939,44425,1.0,1196.38,high,historical_dataset
2022-01-16T00:00:00,20.0,50941,1.0,2547.05,high,historical_dataset
2022-01-16T00:00:00,40.054701591666266,28429,1.0,709.75,medium,historical_dataset
2022-01-16T00:00:00,45.153789813721055,8373,1.0,185.43,low,historical_dataset
2022-01-16T00:00:00,44.449716653887315,29521,1.0,664.14,medium,historical_dataset
2022-01-17T00:00:00,45.58484543530325,43778,1.0,960.36,medium,historical_dataset
2022-01-17T00:00:00,59.524675344707454,11546,1.0,193.97,low,historical_dataset
2022-01-17T00:00:00,27.38592456715195,28643,1.0,1045.9,high,historical_dataset
2022-01-17T00:00:00,35.056506253914876,14771,1.0,421.35,low,historical_dataset
2022-01-17T00:00:00,50.91814133741378,13672,1.0,268.51,low,historical_dataset
2022-01-17T00:00:00,41.76966387339537,38680,1.0,926.03,medium,historical_dataset
2022-01-18T00:00:00,39.021916135146405,22675,1.0,581.08,medium,historical_dataset
2022-01-18T00:00:00,51.19926332395805,24990,1.0,488.09,low,historical_dataset
2022-01-18T00:00:00,34.16966396507227,43308,1.0,1267.44,high,historical_dataset
2022-01-18T00:00:00,21.368259954071895,30048,1.0,1406.2,high,historical_dataset
2022-01-18T00:00:00,50.62255131950422,29980,1.0,592.23,medium,historical_dataset
2022-01-18T00:00:00,38.389936853092465,27611,1.0,719.22,medium,historical_dataset
2022-01-18T00:00:00,22.55168761781843,25136,1.0,1114.6,high,historical_dataset
2022-01-19T00:00:00,61.34222043649959,37647,1.0,613.72,medium,historical_dataset
2022-01-19T00:00:00,52.096412905058074,24022,1.0,461.11,low,historical_dataset
2022-01-19T00:00:00,45.34152417488025,21972,1.0,484.59,low,historical_dataset
2022-01-19T00:00:00,25.188344688603184,32388,1.0,1285.83,high,historical_dataset
2022-01-19T00:00:00,52.92934853493107,22823,1.0,431.2,low,historical_dataset
2022-01-19T00:00:00,28.82746813453077,55355,1.0,1920.22,high,historical_dataset
2022-01-19T00:00:00,39.54795169642381,35758,1.0,904.17,medium,historical_dataset
2022-01-19T00:00:00,26.372242359568794,34084,1.0,1292.42,high,historical_dataset
2022-01-19T00:00:00,29.849046570443498,22499,1.0,753.76,medium,historical_dataset
2022-01-20T00:00:00,21.739523139179617,34920,1.0,1606.29,high,historical_dataset
2022-01-20T00:00:00,52.01521070420735,34071,1.0,655.02,medium,historical_dataset
2022-01-20T00:00:00,58.40461051790348,9673,1.0,165.62,low,historical_dataset
2022-01-20T00:00:00,37.76793449325288,29570,1.0,782.94,medium,historical_dataset
2022-01-20T00:00:00,33.5907208572238,56542,1.0,1683.26,high,historical_dataset
2022-01-20T00:00:00,50.679417430751315,12718,1.0,250.95,low,historical_dataset
2022-01-20T00:00:00,53.872908372667425,23607,1.0,438.2,low,historical_dataset
2022-01-21T00:00:00,36.842479139441025,37614,1.0,1020.94,high,historical_dataset
2022-01-21T00:00:00,43.132051867479774,32230,1.0,747.24,medium,historical_dataset
2022-01-21T00:00:00,57.44679580736786,21898,1.0,381.19,low,historical_dataset
2022-01-21T00:00:00,39.826878872092124,63687,1.0,1599.1,high,historical_dataset
2022-01-21T00:00:00,49.249661162475455,12718,1.0,258.24,low,historical_dataset
2022-01-21T00:00:00,20.0,34242,1.0,1712.1,high,historical_dataset
2022-01-21T00:00:00,36.93932441250195,18866,1.0,510.73,medium,historical_dataset
2022-01-21T00:00:00,62.586204841951336,10280,1.0,164.25,low,historical_dataset
2022-01-21T00:00:00,54.40696143822682,13448,1.0,247.17,low,historical_dataset
2022-01-21T00:00:00,42.17153453822207,17523,1.0,415.52,low,historical_dataset
2022-01-22T00:00:00,42.89056687375519,38113,1.0,888.61,medium,historical_dataset
2022-01-22T00:00:00,38.10591258872703,38352,1.0,1006.46,high,historical_dataset
2022-01-22T00:00:00,60.19283923641769,14092,1.0,234.11,low,historical_dataset
2022-01-22T00:00:00,41.17874800464568,26948,1.0,654.42,medium,historical_dataset
2022-01-22T00:00:00,42.36551783917751,18286,1.0,431.62,low,historical_dataset
2022-01-22T00:00:00,26.887428808628076,56645,1.0,2106.75,high,historical_dataset
2022-01-22T00:00:00,41.29749878398674,28669,1.0,694.21,medium,historical_dataset
2022-01-22T00:00:00,40.60481398804936,35174,1.0,866.25,medium,historical_dataset
2022-01-22T00:00:00,61.85014278708509,16461,1.0,266.14,low,historical_dataset
2022-01-23T00:00:00,31.874572628998354,32690,1.0,1025.58,high,historical_dataset
2022-01-23T00:00:00,26.956842403400074,25259,1.0,937.02,medium,historical_dataset
2022-01-23T00:00:00,38.084501083315146,33372,1.0,876.26,medium,historical_dataset
2022-01-23T00:00:00,34.57955587756897,14390,1.0,416.14,low,historical_dataset
2022-01-23T00:00:00,43.49895778414495,11081,1.0,254.74,low,historical_dataset
2022-01-23T00:00:00,28.644421585955968,51532,1.0,1799.02,high,historical_dataset
2022-01-23T00:00:00,45.358252384175685,25726,1.0,567.17,medium,historical_dataset
2022-01-23T00:00:00,23.32220448732065,34430,1.0,1476.28,high,historical_dataset
2022-01-23T00:00:00,49.68315584939138,22204,1.0,446.91,low,historical_dataset
2022-01-24T00:00:00,44.72668065893907,12829,1.0,286.83,low,historical_dataset
2022-01-24T00:00:00,48.88337778208448,45895,1.0,938.87,medium,historical_dataset
2022-01-24T00:00:00,62.24696649761108,5915,1.0,95.02,low,historical_dataset
2022-01-24T00:00:00,28.850495618516643,37716,1.0,1307.29,high,historical_dataset
2022-01-24T00:00:00,36.958452470106856,62021,1.0,1678.13,high,historical_dataset
2022-01-24T00:00:00,41.07528893939127,13360,1.0,325.26,low,historical_dataset
2022-01-24T00:00:00,31.277275157144008,30151,1.0,963.99,medium,historical_dataset
2022-01-24T00:00:00,38.914102767603,24526,1.0,630.26,medium,historical_dataset
2022-01-24T00:00:00,46.05753791271481,19822,1.0,430.37,low,historical_dataset
2022-01-24T00:00:00,41.021183203924835,46065,1.0,1122.96,high,historical_dataset
2022-01-24T00:00:00,41.983661164647394,7129,1.0,169.8,low,historical_dataset
2022-01-25T00:00:00,20.0,20961,1.0,1048.05,high,historical_dataset
2022-01-25T00:00:00,45.5330742059876,24321,1.0,534.14,medium,historical_dataset
2022-01-25T00:00:00,32.112046973005135,29069,1.0,905.24,medium,historical_dataset
2022-01-25T00:00:00,42.440694383302464,19060,1.0,449.1,low,historical_dataset
2022-01-25T00:00:00,38.09998983165555,25628,1.0,672.65,medium,historical_dataset
2022-01-25T00:00:00,31.63621336889596,30220,1.0,955.23,medium,historical_dataset
2022-01-25T00:00:00,40.24011397613632,16992,1.0,422.27,low,historical_dataset
2022-01-26T00:00:00,43.93778506157989,22812,1.0,519.19,medium,historical_dataset
2022-01-26T00:00:00,32.32358909101207,25420,1.0,786.42,medium,historical_dataset
2022-01-26T00:00:00,31.30792799552554,47525,1.0,1517.99,high,historical_dataset
2022-01-26T00:00:00,31.54416599895034,10387,1.0,329.28,low,historical_dataset
2022-01-26T00:00:00,39.98597853114363,23066,1.0,576.85,medium,historical_dataset
2022-01-26T00:00:00,62.666554892914355,17057,1.0,272.19,low,historical_dataset
2022-01-27T00:00:00,27.757534679416594,50653,1.0,1824.84,high,historical_dataset
2022-01-27T00:00:00,53.27680982949696,30838,1.0,578.83,medium,historical_dataset
2022-01-27T00:00:00,23.851337049830093,23141,1.0,970.22,medium,historical_dataset
2022-01-27T00:00:00,54.37915537510655,24554,1.0,451.53,low,historical_dataset
2022-01-27T00:00:00,36.52434766874186,45333,1.0,1241.17,high,historical_dataset
2022-01-27T00:00:00,42.087186735179316,39089,1.0,928.76,medium,historical_dataset
2022-01-27T00:00:00,46.34296497247793,7170,1.0,154.72,low,historical_dataset
2022-01-27T00:00:00,47.74741902746345,11936,1.0,249.98,low,historical_dataset
2022-01-27T00:00:00,24.742473163597225,39649,1.0,1602.47,high,historical_dataset
2022-01-27T00:00:00,58.20040722017259,30365,1.0,521.73,medium,historical_dataset
2022-01-27T00:00:00,47.38829386186414,21672,1.0,457.33,low,historical_dataset
2022-01-27T00:00:00,47.300005727191504,26920,1.0,569.13,medium,historical_dataset
2022-01-28T00:00:00,42.60623148491085,22144,1.0,519.74,medium,historical_dataset
2022-01-28T00:00:00,31.38411419424407,33499,1.0,1067.39,high,historical_dataset
2022-01-28T00:00:00,53.03919330880721,23387,1.0,440.94,low,historical_dataset
2022-01-28T00:00:00,20.0,61743,1.0,3087.15,high,historical_dataset
2022-01-28T00:00:00,53.07444718008352,17296,1.0,325.88,low,historical_dataset
2022-01-28T00:00:00,43.89037122279892,61089,1.0,1391.85,high,historical_dataset
2022-01-28T00:00:00,39.518336440307536,24965,1.0,631.73,medium,historical_dataset
2022-01-28T00:00:00,40.963970691176534,44414,1.0,1084.22,high,historical_dataset
2022-01-28T00:00:00,46.020749162473834,12421,1.0,269.9,low,historical_dataset
2022-01-29T00:00:00,39.33871411392432,21212,1.0,539.21,medium,historical_dataset
2022-01-29T00:00:00,40.956440575697194,46015,1.0,1123.51,high,historical_dataset
2022-01-29T00:00:00,56.0407060928205,17369,1.0,309.94,low,historical_dataset
2022-01-29T00:00:00,37.63546740578169,41459,1.0,1101.59,high,historical_dataset
2022-01-29T00:00:00,49.66540859278603,47061,1.0,947.56,medium,historical_dataset
2022-01-29T00:00:00,37.43236022984074,18698,1.0,499.51,low,historical_dataset
2022-01-29T00:00:00,37.869558543017085,46919,1.0,1238.96,high,historical_dataset
2022-01-29T00:00:00,29.369105018395857,24561,1.0,836.29,medium,historical_dataset
2022-01-29T00:00:00,39.508913752125146,38893,1.0,984.41,medium,historical_dataset
2022-01-29T00:00:00,55.54412112219411,23280,1.0,419.13,low,historical_dataset
2022-01-29T00:00:00,45.7575934319838,14218,1.0,310.72,low,historical_dataset
2022-01-30T00:00:00,42.17283581158776,46490,1.0,1102.37,high,historical_dataset
2022-01-30T00:00:00,48.123782104665715,24746,1.0,514.22,medium,historical_dataset
2022-01-30T00:00:00,63.06516210662009,7796,1.0,123.62,low,historical_dataset
2022-01-30T00:00:00,45.57368305378225,64872,1.0,1423.45,high,historical_dataset
2022-01-30T00:00:00,31.970386231256988,41932,1.0,1311.59,high,historical_dataset
2022-01-30T00:00:00,62.031726099180375,6995,1.0,112.76,low,historical_dataset
2022-01-30T00:00:00,35.21060198364359,38991,1.0,1107.37,high,historical_dataset
2022-01-30T00:00:00,42.40407122377237,38640,1.0,911.23,medium,historical_dataset
2022-01-30T00:00:00,20.0,33230,1.0,1661.5,high,historical_dataset
2022-01-30T00:00:00,29.828629195512377,25736,1.0,862.8,medium,historical_dataset
2022-01-30T00:00:00,44.13930307209107,15848,1.0,359.05,low,historical_dataset
2022-01-30T00:00:00,30.321778171677337,29940,1.0,987.41,medium,historical_dataset
2022-01-30T00:00:00,28.9972889549629,11222,1.0,387.0,low,historical_dataset
2022-01-31T00:00:00,44.05376207350711,22992,1.0,521.91,medium,historical_dataset
2022-01-31T00:00:00,20.239329082282783,39591,1.0,1956.14,high,historical_dataset
2022-01-31T00:00:00,37.90211007766465,14771,1.0,389.71,low,historical_dataset
2022-01-31T00:00:00,43.48700779767478,22903,1.0,526.66,medium,historical_dataset
2022-01-31T00:00:00,26.928600170206636,62650,1.0,2326.52,high,historical_dataset
2022-01-31T00:00:00,43.03719348612063,22934,1.0,532.89,medium,historical_dataset
2022-01-31T00:00:00,40.714083877187804,27478,1.0,674.9,medium,historical_dataset
2022-01-31T00:00:00,61.64801829240452,19766,1.0,320.63,low,historical_dataset
2022-01-31T00:00:00,57.14973511292237,21544,1.0,376.97,low,historical_dataset
2022-02-01T00:00:00,44.13473732017407,34763,1.0,787.66,medium,historical_dataset
2022-02-01T00:00:00,36.864161697440466,26233,1.0,711.61,medium,historical_dataset
2022-02-01T00:00:00,45.86697699414397,16695,1.0,363.99,low,historical_dataset
2022-02-01T00:00:00,27.253850299814182,67693,1.0,2483.8,high,historical_dataset
2022-02-01T00:00:00,34.68796511060916,42409,1.0,1222.59,high,historical_dataset
2022-02-01T00:00:00,42.87421372011432,21532,1.0,502.21,medium,historical_dataset
2022-02-01T00:00:00,20.837729442073545,41586,1.0,1995.71,high,historical_dataset
2022-02-01T00:00:00,63.14654444472553,38802,1.0,614.48,medium,historical_dataset
2022-02-01T00:00:00,56.27374010445556,15527,1.0,275.92,low,historical_dataset
2022-02-02T00:00:00,28.018003253889503,25267,1.0,901.81,medium,historical_dataset
2022-02-02T00:00:00,49.205042872710635,43605,1.0,886.19,medium,historical_dataset
2022-02-02T00:00:00,33.13114169619349,64219,1.0,1938.33,high,historical_dataset
2022-02-02T00:00:00,34.60193468973116,16635,1.0,480.75,low,historical_dataset
2022-02-02T00:00:00,44.576315894583274,13154,1.0,295.09,low,historical_dataset
2022-02-02T00:00:00,34.65478200168689,48936,1.0,1412.1,high,historical_dataset
2022-02-02T00:00:00,37.880267727410775,19972,1.0,527.24,medium,historical_dataset
2022-02-02T00:00:00,54.82319482755443,9027,1.0,164.66,low,historical_dataset
2022-02-02T00:00:00,42.34598128302996,26775,1.0,632.29,medium,historical_dataset
2022-02-02T00:00:00,20.0,22482,1.0,1124.1,high,historical_dataset
2022-02-03T00:00:00,30.182340289065248,27713,1.0,918.19,medium,historical_dataset
2022-02-03T00:00:00,35.0855608082435,36829,1.0,1049.69,high,historical_dataset
2022-02-03T00:00:00,27.788154431485445,28961,1.0,1042.21,high,historical_dataset
2022-02-03T00:00:00,35.97809559527834,12738,1.0,354.05,low,historical_dataset
2022-02-03T00:00:00,32.78922535911933,13279,1.0,404.98,low,historical_dataset
2022-02-03T00:00:00,28.900637055533394,39786,1.0,1376.65,high,historical_dataset
2022-02-03T00:00:00,56.85711664614154,27628,1.0,485.92,low,historical_dataset
2022-02-03T00:00:00,36.071704026819205,7862,1.0,217.95,low,historical_dataset
2022-02-03T00:00:00,20.0,26137,1.0,1306.85,high,historical_dataset
2022-02-04T00:00:00,57.782430705822755,36972,1.0,639.85,medium,historical_dataset
2022-02-04T00:00:00,40.81778959718889,25298,1.0,619.78,medium,historical_dataset
2022-02-04T00:00:00,49.385017695657375,22498,1.0,455.56,low,historical_dataset
2022-02-04T00:00:00,40.95638007309977,7392,1.0,180.48,low,historical_dataset
2022-02-04T00:00:00,44.42788514140076,32160,1.0,723.87,medium,historical_dataset
2022-02-04T00:00:00,40.436135386625246,16081,1.0,397.69,low,historical_dataset
2022-02-04T00:00:00,44.45869643684146,42766,1.0,961.93,medium,historical_dataset
2022-02-04T00:00:00,20.0,27932,1.0,1396.6,high,historical_dataset
2022-02-04T00:00:00,47.96576938530305,20299,1.0,423.2,low,historical_dataset
2022-02-04T00:00:00,49.17680752239401,21700,1.0,441.26,low,historical_dataset
2022-02-04T00:00:00,44.190517937561566,21598,1.0,488.75,low,historical_dataset
2022-02-05T00:00:00,30.413613638989155,34232,1.0,1125.55,high,historical_dataset
2022-02-05T00:00:00,27.572251554712906,33173,1.0,1203.13,high,historical_dataset
2022-02-05T00:00:00,40.416456878505926,27712,1.0,685.66,medium,historical_dataset
2022-02-05T00:00:00,46.99875483780683,64361,1.0,1369.42,high,historical_dataset
2022-02-05T00:00:00,43.51477237555699,32454,1.0,745.82,medium,historical_dataset
2022-02-05T00:00:00,39.3429607599536,29267,1.0,743.89,medium,historical_dataset
2022-02-05T00:00:00,40.012348128063685,13430,1.0,335.65,low,historical_dataset
2022-02-05T00:00:00,52.84002779310748,20982,1.0,397.09,low,historical_dataset
2022-02-06T00:00:00,48.10191908080897,37265,1.0,774.71,medium,historical_dataset
2022-02-06T00:00:00,55.36515583504435,23468,1.0,423.88,low,historical_dataset
2022-02-06T00:00:00,39.253213083301105,32192,1.0,820.11,medium,historical_dataset
2022-02-06T00:00:00,61.38175256620599,44299,1.0,721.7,medium,historical_dataset
2022-02-06T00:00:00,23.4158682742721,25353,1.0,1082.73,high,historical_dataset
2022-02-06T00:00:00,42.31909906172367,27862,1.0,658.38,medium,historical_dataset
2022-02-06T00:00:00,40.170901605394825,15112,1.0,376.19,low,historical_dataset
2022-02-06T00:00:00,20.547947355877746,27021,1.0,1315.02,high,historical_dataset
2022-02-06T00:00:00,42.69245639559975,38147,1.0,893.53,medium,historical_dataset
2022-02-07T00:00:00,31.96435674734085,48104,1.0,1504.93,high,historical_dataset
2022-02-07T00:00:00,35.34008096228147,33627,1.0,951.53,medium,historical_dataset
2022-02-07T00:00:00,41.297744081336454,8584,1.0,207.86,low,historical_dataset
2022-02-07T00:00:00,32.472367449038146,27633,1.0,850.97,medium,historical_dataset
2022-02-07T00:00:00,46.66784993203208,50643,1.0,1085.18,high,historical_dataset
2022-02-07T00:00:00,53.334845771769814,30299,1.0,568.09,medium,historical_dataset
2022-02-07T00:00:00,26.960515852725187,28978,1.0,1074.83,high,historical_dataset
2022-02-07T00:00:00,37.41240248406729,39749,1.0,1062.46,high,historical_dataset
2022-02-08T00:00:00,30.50849476887113,22330,1.0,731.93,medium,historical_dataset
2022-02-08T00:00:00,39.79360953429422,45752,1.0,1149.73,high,historical_dataset
2022-02-08T00:00:00,31.494440356570166,14625,1.0,464.37,low,historical_dataset
2022-02-08T00:00:00,49.32216690759254,13319,1.0,270.04,low,historical_dataset
2022-02-08T00:00:00,39.99966692259849,29150,1.0,728.76,medium,historical_dataset
2022-02-08T00:00:00,41.037905202778944,31341,1.0,763.71,medium,historical_dataset
2022-02-08T00:00:00,43.565884418863504,39337,1.0,902.93,medium,historical_dataset
2022-02-08T00:00:00,24.927501415440386,37493,1.0,1504.08,high,historical_dataset
2022-02-08T00:00:00,45.40061819902576,32244,1.0,710.21,medium,historical_dataset
2022-02-08T00:00:00,43.71973132016762,21046,1.0,481.38,low,historical_dataset
2022-02-08T00:00:00,22.551332261072723,20878,1.0,925.8,medium,historical_dataset
2022-02-09T00:00:00,20.954504741496102,11122,1.0,530.77,medium,historical_dataset
2022-02-09T00:00:00,39.87774821084338,39145,1.0,981.63,medium,historical_dataset
2022-02-09T00:00:00,36.892033034742354,30103,1.0,815.98,medium,historical_dataset
2022-02-09T00:00:00,50.384349572164524,15731,1.0,312.22,low,historical_dataset
2022-02-09T00:00:00,39.79561014607889,16508,1.0,414.82,low,historical_dataset
2022-02-09T00:00:00,33.784698525749725,19133,1.0,566.32,medium,historical_dataset
2022-02-09T00:00:00,42.8033054764904,23642,1.0,552.34,medium,historical_dataset
2022-02-09T00:00:00,35.41125068641877,40475,1.0,1143.0,high,historical_dataset
2022-02-09T00:00:00,28.281325891161718,40230,1.0,1422.49,high,historical_dataset
2022-02-09T00:00:00,40.19358745637888,29597,1.0,736.36,medium,historical_dataset
2022-02-09T00:00:00,44.857296470506114,6726,1.0,149.94,low,historical_dataset
2022-02-10T00:00:00,28.772524399980934,25264,1.0,878.06,medium,historical_dataset
2022-02-10T00:00:00,48.2557781678707,17493,1.0,362.51,low,historical_dataset
2022-02-10T00:00:00,54.736222494278465,15794,1.0,288.55,low,historical_dataset
2022-02-10T00:00:00,35.15697795957758,44625,1.0,1269.31,high,historical_dataset
2022-02-10T00:00:00,20.450264587260534,15594,1.0,762.53,medium,historical_dataset
2022-02-10T00:00:00,47.2975513055798,33872,1.0,716.15,medium,historical_dataset
2022-02-10T00:00:00,51.42372591641568,16311,1.0,317.19,low,historical_dataset
2022-02-10T00:00:00,42.430548748782186,23831,1.0,561.65,medium,historical_dataset
2022-02-11T00:00:00,29.614263267033756,44136,1.0,1490.36,high,historical_dataset
2022-02-11T00:00:00,49.624539861271266,22683,1.0,457.09,low,historical_dataset
2022-02-11T00:00:00,24.068924393998785,36452,1.0,1514.48,high,historical_dataset
2022-02-11T00:00:00,20.0,34393,1.0,1719.65,high,historical_dataset
2022-02-11T00:00:00,35.21259163690234,15723,1.0,446.52,low,historical_dataset
2022-02-11T00:00:00,35.931587799176526,27309,1.0,760.03,medium,historical_dataset
2022-02-11T00:00:00,43.165900127079574,14225,1.0,329.54,low,historical_dataset
2022-02-11T00:00:00,26.018306168478855,29999,1.0,1153.0,high,historical_dataset
2022-02-12T00:00:00,25.418245711169874,23302,1.0,916.74,medium,historical_dataset
2022-02-12T00:00:00,23.74412885968031,32273,1.0,1359.2,high,historical_dataset
2022-02-12T00:00:00,29.42869427427769,25826,1.0,877.58,medium,historical_dataset
2022-02-12T00:00:00,22.00362330137584,29289,1.0,1331.1,high,historical_dataset
2022-02-12T00:00:00,46.96742323765706,21483,1.0,457.4,low,historical_dataset
2022-02-12T00:00:00,28.25585685589873,27173,1.0,961.68,medium,historical_dataset
2022-02-12T00:00:00,41.558921377875826,51289,1.0,1234.13,high,historical_dataset
2022-02-12T00:00:00,48.595359435178686,18837,1.0,387.63,low,historical_dataset
2022-02-12T00:00:00,56.3997511450051,23998,1.0,425.5,low,historical_dataset
2022-02-12T00:00:00,43.262494226728236,41557,1.0,960.58,medium,historical_dataset
2022-02-12T00:00:00,55.36157261138504,24552,1.0,443.48,low,historical_dataset
2022-02-13T00:00:00,30.9333155812308,40743,1.0,1317.12,high,historical_dataset
2022-02-13T00:00:00,37.15503927610465,22426,1.0,603.58,medium,historical_dataset
2022-02-13T00:00:00,37.18727500305606,14663,1.0,394.3,low,historical_dataset
2022-02-13T00:00:00,31.46314240432994,41833,1.0,1329.59,high,historical_dataset
2022-02-13T00:00:00,27.605855683973097,29805,1.0,1079.66,high,historical_dataset
2022-02-13T00:00:00,25.017877414885948,39819,1.0,1591.62,high,historical_dataset
2022-02-13T00:00:00,47.169688626813205,36481,1.0,773.4,medium,historical_dataset
2022-02-13T00:00:00,48.19789994556033,20320,1.0,421.6,low,historical_dataset
2022-02-13T00:00:00,42.68648087968198,29493,1.0,690.92,medium,historical_dataset
2022-02-13T00:00:00,33.16157358948331,9063,1.0,273.3,low,historical_dataset
2022-02-13T00:00:00,43.88986537868239,21614,1.0,492.46,low,historical_dataset
2022-02-14T00:00:00,44.38640022678945,40343,1.0,908.9,medium,historical_dataset
2022-02-14T00:00:00,30.637461350718823,22537,1.0,735.6,medium,historical_dataset
2022-02-14T00:00:00,31.581781797538646,42146,1.0,1334.5,high,historical_dataset
2022-02-14T00:00:00,40.23960512076735,50133,1.0,1245.86,high,historical_dataset
2022-02-14T00:00:00,38.961410687630455,18175,1.0,466.49,low,historical_dataset
2022-02-14T00:00:00,32.38241709778905,53801,1.0,1661.43,high,historical_dataset
2022-02-14T00:00:00,20.949304500897906,17359,1.0,828.62,medium,historical_dataset
2022-02-14T00:00:00,50.22510070210512,17508,1.0,348.59,low,historical_dataset
2022-02-14T00:00:00,31.68568628718497,31711,1.0,1000.8,high,historical_dataset
2022-02-15T00:00:00,33.357580149679684,41665,1.0,1249.04,high,historical_dataset
2022-02-15T00:00:00,65.98221474546747,16914,1.0,256.34,low,historical_dataset
2022-02-15T00:00:00,46.68513402333429,20230,1.0,433.33,low,historical_dataset
2022-02-15T00:00:00,49.419424019526005,64412,1.0,1303.37,high,historical_dataset
2022-02-15T00:00:00,35.537243682699696,14861,1.0,418.18,low,historical_dataset
2022-02-15T00:00:00,29.08721990630294,35316,1.0,1214.14,high,historical_dataset
2022-02-15T00:00:00,51.276112125924506,8109,1.0,158.14,low,historical_dataset
2022-02-15T00:00:00,38.022810961017555,16685,1.0,438.82,low,historical_dataset
2022-02-15T00:00:00,30.528006069300165,25045,1.0,820.39,medium,historical_dataset
2022-02-16T00:00:00,38.12996304534828,38008,1.0,996.8,medium,historical_dataset
2022-02-16T00:00:00,39.69578896898392,36303,1.0,914.53,medium,historical_dataset
2022-02-16T00:00:00,35.819888138247194,31288,1.0,873.48,medium,historical_dataset
2022-02-16T00:00:00,39.41746736377557,50020,1.0,1268.98,high,historical_dataset
2022-02-16T00:00:00,28.516996726556155,26268,1.0,921.13,medium,historical_dataset
2022-02-16T00:00:00,43.95205235018625,32480,1.0,738.99,medium,historical_dataset
2022-02-16T00:00:00,28.6141417485497,28340,1.0,990.42,medium,historical_dataset
2022-02-16T00:00:00,52.53735637178448,18997,1.0,361.59,low,historical_dataset
2022-02-16T00:00:00,23.297192936032253,31403,1.0,1347.93,high,historical_dataset
2022-02-16T00:00:00,37.26263316568808,35289,1.0,947.03,medium,historical_dataset
2022-02-16T00:00:00,39.12884729379852,5034,1.0,128.65,low,historical_dataset
2022-02-17T00:00:00,55.531401837412076,35163,1.0,633.21,medium,historical_dataset
2022-02-17T00:00:00,40.98099155047466,43926,1.0,1071.86,high,historical_dataset
2022-02-17T00:00:00,50.34543613456191,15317,1.0,304.24,low,historical_dataset
2022-02-17T00:00:00,36.339583805802356,48663,1.0,1339.12,high,historical_dataset
2022-02-17T00:00:00,36.288069699923696,17511,1.0,482.56,low,historical_dataset
2022-02-17T00:00:00,37.736406920228525,19529,1.0,517.51,medium,historical_dataset
2022-02-17T00:00:00,31.55901971737667,40655,1.0,1288.22,high,historical_dataset
2022-02-17T00:00:00,43.34749722643302,35988,1.0,830.22,medium,historical_dataset
2022-02-17T00:00:00,33.540625638866985,27443,1.0,818.2,medium,historical_dataset
2022-02-17T00:00:00,31.554134642653665,33130,1.0,1049.94,high,historical_dataset
2022-02-17T00:00:00,38.88240360495415,17158,1.0,441.28,low,historical_dataset
2022-02-18T00:00:00,50.27429386880181,33207,1.0,660.52,medium,historical_dataset
2022-02-18T00:00:00,44.575371632797676,33978,1.0,762.26,medium,historical_dataset
2022-02-18T00:00:00,63.67462004161351,20583,1.0,323.25,low,historical_dataset
2022-02-18T00:00:00,31.897789927502654,27828,1.0,872.41,medium,historical_dataset
2022-02-18T00:00:00,31.36426705084971,61164,1.0,1950.12,high,historical_dataset
2022-02-18T00:00:00,49.97788309417778,5395,1.0,107.95,low,historical_dataset
2022-02-18T00:00:00,24.02560423465041,50451,1.0,2099.88,high,historical_dataset
2022-02-18T00:00:00,31.136955015220938,48902,1.0,1570.55,high,historical_dataset
2022-02-18T00:00:00,44.007077190419956,39242,1.0,891.72,medium,historical_dataset
2022-02-18T00:00:00,41.507045317947785,16554,1.0,398.82,low,historical_dataset
2022-02-18T00:00:00,27.136959468616713,36221,1.0,1334.75,high,historical_dataset
2022-02-18T00:00:00,56.230392976314654,19387,1.0,344.78,low,historical_dataset
2022-02-18T00:00:00,51.23895943076577,23920,1.0,466.83,low,historical_dataset
2022-02-19T00:00:00,40.06420774997031,38723,1.0,966.52,medium,historical_dataset
2022-02-19T00:00:00,31.14590608181871,14098,1.0,452.64,low,historical_dataset
2022-02-19T00:00:00,42.54958766141964,26527,1.0,623.44,medium,historical_dataset
2022-02-19T00:00:00,50.04270748038384,14634,1.0,292.43,low,historical_dataset
2022-02-19T00:00:00,40.4812632872729,59067,1.0,1459.12,high,historical_dataset
2022-02-19T00:00:00,41.415444931631896,11020,1.0,266.08,low,historical_dataset
2022-02-19T00:00:00,30.387329495016928,36701,1.0,1207.77,high,historical_dataset
2022-02-19T00:00:00,33.607312933324145,27314,1.0,812.74,medium,historical_dataset
2022-02-19T00:00:00,51.15967006046838,21510,1.0,420.45,low,historical_dataset
2022-02-19T00:00:00,48.2099578954071,28206,1.0,585.07,medium,historical_dataset
2022-02-20T00:00:00,32.41954484388839,39196,1.0,1209.02,high,historical_dataset
2022-02-20T00:00:00,27.962896006685668,30290,1.0,1083.22,high,historical_dataset
2022-02-20T00:00:00,36.975699601351636,15019,1.0,406.19,low,historical_dataset
2022-02-20T00:00:00,40.08121307950346,16413,1.0,409.49,low,historical_dataset
2022-02-20T00:00:00,51.541280021710925,24040,1.0,466.42,low,historical_dataset
2022-02-20T00:00:00,42.072313738042766,38934,1.0,925.41,medium,historical_dataset
2022-02-20T00:00:00,37.20897656081387,30474,1.0,819.0,medium,historical_dataset
2022-02-20T00:00:00,37.691809202551596,27359,1.0,725.86,medium,historical_dataset
2022-02-20T00:00:00,46.87800338042522,18570,1.0,396.13,low,historical_dataset
2022-02-21T00:00:00,28.7753466910744,12061,1.0,419.14,low,historical_dataset
2022-02-21T00:00:00,37.375820493970856,23213,1.0,621.07,medium,historical_dataset
2022-02-21T00:00:00,33.635500613392956,17194,1.0,511.19,medium,historical_dataset
2022-02-21T00:00:00,33.79491803234104,46399,1.0,1372.96,high,historical_dataset
2022-02-21T00:00:00,46.2428569485085,19107,1.0,413.19,low,historical_dataset
2022-02-21T00:00:00,36.43306305000004,52064,1.0,1429.03,high,historical_dataset
2022-02-21T00:00:00,44.36102435196951,28624,1.0,645.25,medium,historical_dataset
2022-02-21T00:00:00,49.2876016203677,30217,1.0,613.08,medium,historical_dataset
2022-02-21T00:00:00,46.97168027247854,28502,1.0,606.79,medium,historical_dataset
2022-02-21T00:00:00,38.31918447707887,31246,1.0,815.41,medium,historical_dataset
2022-02-21T00:00:00,43.24836264221043,13816,1.0,319.46,low,historical_dataset
2022-02-22T00:00:00,51.67256841749534,49188,1.0,951.92,medium,historical_dataset
2022-02-22T00:00:00,31.31550124633972,35250,1.0,1125.64,high,historical_dataset
2022-02-22T00:00:00,23.678508592839933,35905,1.0,1516.35,high,historical_dataset
2022-02-22T00:00:00,20.0,30525,1.0,1526.25,high,historical_dataset
2022-02-22T00:00:00,45.015304243744005,25651,1.0,569.83,medium,historical_dataset
2022-02-22T00:00:00,27.492703929944014,26884,1.0,977.86,medium,historical_dataset
2022-02-22T00:00:00,36.49115910961101,21742,1.0,595.82,medium,historical_dataset
2022-02-22T00:00:00,45.306751760707094,21386,1.0,472.03,low,historical_dataset
2022-02-22T00:00:00,52.11045304397363,18430,1.0,353.67,low,historical_dataset
2022-02-22T00:00:00,33.10985702317526,37084,1.0,1120.03,high,historical_dataset
2022-02-22T00:00:00,50.41444099389737,13177,1.0,261.37,low,historical_dataset
2022-02-23T00:00:00,36.094311894089856,22280,1.0,617.27,medium,historical_dataset
2022-02-23T00:00:00,20.0,34513,1.0,1725.65,high,historical_dataset
2022-02-23T00:00:00,28.04037991622741,23595,1.0,841.47,medium,historical_dataset
2022-02-23T00:00:00,32.58048475342217,43085,1.0,1322.42,high,historical_dataset
2022-02-23T00:00:00,35.1796950721887,47072,1.0,1338.04,high,historical_dataset
2022-02-23T00:00:00,34.6974733827458,50081,1.0,1443.36,high,historical_dataset
2022-02-23T00:00:00,62.09207154352963,12282,1.0,197.8,low,historical_dataset
2022-02-23T00:00:00,34.387706247980226,25501,1.0,741.57,medium,historical_dataset
2022-02-23T00:00:00,42.76931692354829,38829,1.0,907.87,medium,historical_dataset
2022-02-23T00:00:00,48.180681628612476,20003,1.0,415.17,low,historical_dataset
2022-02-23T00:00:00,35.67628756818013,21714,1.0,608.64,medium,historical_dataset
2022-02-24T00:00:00,20.0,48571,1.0,2428.55,high,historical_dataset
2022-02-24T00:00:00,46.79942130038464,31883,1.0,681.27,medium,historical_dataset
2022-02-24T00:00:00,26.138712960489737,24414,1.0,934.02,medium,historical_dataset
2022-02-24T00:00:00,43.725931276100404,7779,1.0,177.9,low,historical_dataset
2022-02-24T00:00:00,48.96021365381482,28192,1.0,575.81,medium,historical_dataset
2022-02-24T00:00:00,45.913011710596685,13160,1.0,286.63,low,historical_dataset
2022-02-24T00:00:00,42.61068178542879,22044,1.0,517.34,medium,historical_dataset
2022-02-24T00:00:00,27.2495503698376,33503,1.0,1229.49,high,historical_dataset
2022-02-24T00:00:00,51.036457389607385,9831,1.0,192.63,low,historical_dataset
2022-02-25T00:00:00,35.33443467973151,36474,1.0,1032.25,high,historical_dataset
2022-02-25T00:00:00,46.5469376671672,32188,1.0,691.52,medium,historical_dataset
2022-02-25T00:00:00,34.84761953499913,27430,1.0,787.14,medium,historical_dataset
2022-02-25T00:00:00,31.473151010044184,29623,1.0,941.21,medium,historical_dataset
2022-02-25T00:00:00,39.01207163482995,25746,1.0,659.95,medium,historical_dataset
2022-02-25T00:00:00,35.7843924608367,41621,1.0,1163.1,high,historical_dataset
2022-02-25T00:00:00,52.69968731335223,17834,1.0,338.41,low,historical_dataset
2022-02-25T00:00:00,25.217450619395226,28122,1.0,1115.18,high,historical_dataset
2022-02-26T00:00:00,35.27701755265166,10949,1.0,310.37,low,historical_dataset
2022-02-26T00:00:00,36.75386124539947,36263,1.0,986.64,medium,historical_dataset
2022-02-26T00:00:00,34.827267619518274,32421,1.0,930.91,medium,historical_dataset
2022-02-26T00:00:00,56.78865937036939,14497,1.0,255.28,low,historical_dataset
2022-02-26T00:00:00,29.945102445554888,35142,1.0,1173.55,high,historical_dataset
2022-02-26T00:00:00,49.565998486985016,9531,1.0,192.29,low,historical_dataset
2022-02-26T00:00:00,34.41431721743477,7816,1.0,227.11,low,historical_dataset
2022-02-27T00:00:00,49.34408045034828,44916,1.0,910.26,medium,historical_dataset
2022-02-27T00:00:00,45.30146398782015,21542,1.0,475.53,low,historical_dataset
2022-02-27T00:00:00,44.42409295034135,29081,1.0,654.62,medium,historical_dataset
2022-02-27T00:00:00,21.520042156328312,28766,1.0,1336.71,high,historical_dataset
2022-02-27T00:00:00,62.30321814857169,12904,1.0,207.12,low,historical_dataset
2022-02-27T00:00:00,38.72579265573627,17324,1.0,447.35,low,historical_dataset
2022-02-27T00:00:00,34.116000832059264,31672,1.0,928.36,medium,historical_dataset
2022-02-28T00:00:00,52.84882399032351,36715,1.0,694.72,medium,historical_dataset
2022-02-28T00:00:00,30.597253631491967,36263,1.0,1185.17,high,historical_dataset
2022-02-28T00:00:00,25.19211991586441,60047,1.0,2383.56,high,historical_dataset
2022-02-28T00:00:00,39.748414693017395,5859,1.0,147.4,low,historical_dataset
2022-02-28T00:00:00,29.162778664373988,42529,1.0,1458.33,high,historical_dataset
2022-02-28T00:00:00,51.672451474292416,14189,1.0,274.6,low,historical_dataset
2022-02-28T00:00:00,34.4745280812989,22281,1.0,646.3,medium,historical_dataset
2022-02-28T00:00:00,20.0,9235,1.0,461.75,low,historical_dataset
2022-02-28T00:00:00,57.99176580869636,21740,1.0,374.88,low,historical_dataset
2022-03-01T00:00:00,20.0,26871,1.0,1343.55,high,historical_dataset
2022-03-01T00:00:00,39.82790124060318,47746,1.0,1198.81,high,historical_dataset
2022-03-01T00:00:00,44.58740347349939,15991,1.0,358.64,low,historical_dataset
2022-03-01T00:00:00,39.1818896442891,43076,1.0,1099.39,high,historical_dataset
2022-03-01T00:00:00,30.910808973094753,16031,1.0,518.62,medium,historical_dataset
2022-03-01T00:00:00,31.66851991522791,12665,1.0,399.92,low,historical_dataset
2022-03-01T00:00:00,35.12521864329786,39495,1.0,1124.41,high,historical_dataset
2022-03-01T00:00:00,40.198710181019116,47130,1.0,1172.43,high,historical_dataset
2022-03-01T00:00:00,52.041298480492756,16935,1.0,325.41,low,historical_dataset
2022-03-01T00:00:00,20.0,34796,1.0,1739.8,high,historical_dataset
2022-03-01T00:00:00,35.59984067876246,20316,1.0,570.68,medium,historical_dataset
2022-03-02T00:00:00,56.93586535476262,24147,1.0,424.11,low,historical_dataset
2022-03-02T00:00:00,26.77664528647276,40261,1.0,1503.59,high,historical_dataset
2022-03-02T00:00:00,40.083129561625235,47806,1.0,1192.67,high,historical_dataset
2022-03-02T00:00:00,34.22178563863527,41110,1.0,1201.28,high,historical_dataset
2022-03-02T00:00:00,31.733524368113883,49397,1.0,1556.62,high,historical_dataset
2022-03-02T00:00:00,60.751373210879116,23911,1.0,393.59,low,historical_dataset
2022-03-02T00:00:00,28.112758434757268,26733,1.0,950.92,medium,historical_dataset
2022-03-02T00:00:00,43.7941281152653,22660,1.0,517.42,medium,historical_dataset
2022-03-03T00:00:00,36.632860530801324,49220,1.0,1343.6,high,historical_dataset
2022-03-03T00:00:00,42.6759007694996,36902,1.0,864.7,medium,historical_dataset
2022-03-03T00:00:00,58.60168130828013,7825,1.0,133.53,low,historical_dataset
2022-03-03T00:00:00,46.16134288738122,32629,1.0,706.85,medium,historical_dataset
2022-03-03T00:00:00,34.967256209441764,43455,1.0,1242.73,high,historical_dataset
2022-03-03T00:00:00,45.44802456387939,24733,1.0,544.2,medium,historical_dataset
2022-03-03T00:00:00,40.80567687035615,39974,1.0,979.62,medium,historical_dataset
2022-03-03T00:00:00,21.52213024787491,58576,1.0,2721.66,high,historical_dataset
2022-03-03T00:00:00,39.34741260789596,19844,1.0,504.33,medium,historical_dataset
2022-03-03T00:00:00,23.967492945296602,35776,1.0,1492.69,high,historical_dataset
2022-03-03T00:00:00,48.70598413980211,9739,1.0,199.95,low,historical_dataset
2022-03-03T00:00:00,45.61162567850915,7225,1.0,158.4,low,historical_dataset
2022-03-04T00:00:00,41.7469497780862,38842,1.0,930.42,medium,historical_dataset
2022-03-04T00:00:00,26.091957342553755,32571,1.0,1248.32,high,historical_dataset
2022-03-04T00:00:00,47.243892868029036,48448,1.0,1025.49,high,historical_dataset
2022-03-04T00:00:00,31.289432851996143,69293,1.0,2214.58,high,historical_dataset
2022-03-04T00:00:00,65.24868940495847,17452,1.0,267.47,low,historical_dataset
2022-03-04T00:00:00,32.8604457081245,52401,1.0,1594.65,high,historical_dataset
2022-03-04T00:00:00,50.11730964269908,8120,1.0,162.02,low,historical_dataset
2022-03-04T00:00:00,64.92810570060641,32927,1.0,507.13,medium,historical_dataset
2022-03-05T00:00:00,40.63433948570334,13161,1.0,323.89,low,historical_dataset
2022-03-05T00:00:00,30.899705884610892,37812,1.0,1223.7,high,historical_dataset
2022-03-05T00:00:00,35.79649582613925,30619,1.0,855.36,medium,historical_dataset
2022-03-05T00:00:00,52.41808741477769,21950,1.0,418.75,low,historical_dataset
2022-03-05T00:00:00,56.857306167225744,58269,1.0,1024.83,high,historical_dataset
2022-03-05T00:00:00,48.38592138295607,51304,1.0,1060.31,high,historical_dataset
2022-03-05T00:00:00,37.2909483164638,42365,1.0,1136.07,high,historical_dataset
2022-03-05T00:00:00,45.578010075419186,30093,1.0,660.25,medium,historical_dataset
2022-03-05T00:00:00,28.691790060925584,30081,1.0,1048.42,high,historical_dataset
2022-03-06T00:00:00,20.0,40234,1.0,2011.7,high,historical_dataset
2022-03-06T00:00:00,34.48882736523361,33106,1.0,959.91,medium,historical_dataset
2022-03-06T00:00:00,32.56589697432092,31359,1.0,962.94,medium,historical_dataset
2022-03-06T00:00:00,48.3237683351961,18030,1.0,373.11,low,historical_dataset
2022-03-06T00:00:00,43.81658376126178,13610,1.0,310.61,low,historical_dataset
2022-03-06T00:00:00,20.0,30499,1.0,1524.95,high,historical_dataset
2022-03-06T00:00:00,38.70340267328846,43890,1.0,1134.01,high,historical_dataset
2022-03-06T00:00:00,36.82106032057327,53773,1.0,1460.39,high,historical_dataset
2022-03-06T00:00:00,47.95140979337417,16843,1.0,351.25,low,historical_dataset
2022-03-06T00:00:00,39.66995918173666,24661,1.0,621.65,medium,historical_dataset
2022-03-06T00:00:00,57.48468039422759,23539,1.0,409.48,low,historical_dataset
2022-03-06T00:00:00,51.75751881509204,22012,1.0,425.29,low,historical_dataset
2022-03-07T00:00:00,39.22771274289429,24956,1.0,636.18,medium,historical_dataset
2022-03-07T00:00:00,45.46478669204788,23799,1.0,523.46,medium,historical_dataset
2022-03-07T00:00:00,51.59340995069112,17558,1.0,340.31,low,historical_dataset
2022-03-07T00:00:00,20.0,28003,1.0,1400.15,high,historical_dataset
2022-03-07T00:00:00,38.19811634796178,43576,1.0,1140.79,high,historical_dataset
2022-03-07T00:00:00,56.78843444025644,24325,1.0,428.34,low,historical_dataset
2022-03-07T00:00:00,45.85177848172317,26533,1.0,578.67,medium,historical_dataset
2022-03-07T00:00:00,36.29367671010812,54192,1.0,1493.15,high,historical_dataset
2022-03-07T00:00:00,50.568747223681456,17468,1.0,345.43,low,historical_dataset
2022-03-07T00:00:00,20.0,45091,1.0,2254.55,high,historical_dataset
2022-03-07T00:00:00,40.81723364970506,28622,1.0,701.22,medium,historical_dataset
2022-03-07T00:00:00,40.34297165340926,22638,1.0,561.14,medium,historical_dataset
2022-03-08T00:00:00,32.253887086398265,21726,1.0,673.59,medium,historical_dataset
2022-03-08T00:00:00,36.84858654060365,39430,1.0,1070.05,high,historical_dataset
2022-03-08T00:00:00,51.85223511479739,58801,1.0,1134.01,high,historical_dataset
2022-03-08T00:00:00,43.645719724972686,47772,1.0,1094.54,high,historical_dataset
2022-03-08T00:00:00,37.01738654796044,40531,1.0,1094.92,high,historical_dataset
2022-03-08T00:00:00,51.48252656325869,19696,1.0,382.58,low,historical_dataset
2022-03-08T00:00:00,50.66602148392725,20215,1.0,398.99,low,historical_dataset
2022-03-08T00:00:00,44.06787272932399,26315,1.0,597.15,medium,historical_dataset
2022-03-08T00:00:00,52.95487694954888,22944,1.0,433.27,low,historical_dataset
2022-03-08T00:00:00,47.692556718986204,25375,1.0,532.05,medium,historical_dataset
2022-03-09T00:00:00,22.847274237731064,34407,1.0,1505.96,high,historical_dataset
2022-03-09T00:00:00,27.89863393162618,50717,1.0,1817.9,high,historical_dataset
2022-03-09T00:00:00,53.10863732760524,20497,1.0,385.94,low,historical_dataset
2022-03-09T00:00:00,36.30239083849539,45116,1.0,1242.78,high,historical_dataset
2022-03-09T00:00:00,44.43597776272946,29026,1.0,653.21,medium,historical_dataset
2022-03-09T00:00:00,46.214610641995456,16968,1.0,367.16,low,historical_dataset
2022-03-09T00:00:00,47.71899545423943,40414,1.0,846.92,medium,historical_dataset
2022-03-09T00:00:00,50.41972347838634,25710,1.0,509.92,medium,historical_dataset
2022-03-09T00:00:00,42.017100579770926,27928,1.0,664.68,medium,historical_dataset
2022-03-09T00:00:00,47.820362104622205,13553,1.0,283.41,low,historical_dataset
2022-03-10T00:00:00,21.171040807274622,36665,1.0,1731.85,high,historical_dataset
2022-03-10T00:00:00,33.467394466006944,46429,1.0,1387.29,high,historical_dataset
2022-03-10T00:00:00,40.143771366138566,56997,1.0,1419.82,high,historical_dataset
2022-03-10T00:00:00,55.134019309650405,11400,1.0,206.77,low,historical_dataset
2022-03-10T00:00:00,34.487641644678085,39921,1.0,1157.55,high,historical_dataset
2022-03-10T00:00:00,44.72710392922174,35632,1.0,796.65,medium,historical_dataset
2022-03-10T00:00:00,23.44292425083085,26533,1.0,1131.81,high,historical_dataset
2022-03-10T00:00:00,51.6587782370639,17611,1.0,340.91,low,historical_dataset
2022-03-10T00:00:00,45.45722795685445,20344,1.0,447.54,low,historical_dataset
2022-03-10T00:00:00,23.713654856207928,41689,1.0,1758.02,high,historical_dataset
2022-03-10T00:00:00,51.683539678434585,17905,1.0,346.44,low,historical_dataset
2022-03-10T00:00:00,47.74475801577809,17412,1.0,364.69,low,historical_dataset
2022-03-11T00:00:00,52.43715820399812,24681,1.0,470.68,low,historical_dataset
2022-03-11T00:00:00,39.480783410128915,25517,1.0,646.31,medium,historical_dataset
2022-03-11T00:00:00,25.362394016244828,30896,1.0,1218.18,high,historical_dataset
2022-03-11T00:00:00,44.944145282075844,46711,1.0,1039.31,high,historical_dataset
2022-03-11T00:00:00,31.088436277471573,45746,1.0,1471.48,high,historical_dataset
2022-03-11T00:00:00,50.73767109901901,12625,1.0,248.83,low,historical_dataset
2022-03-11T00:00:00,23.487733424928557,27262,1.0,1160.69,high,historical_dataset
2022-03-11T00:00:00,34.33887606047993,38486,1.0,1120.77,high,historical_dataset
2022-03-11T00:00:00,59.14110390606782,17074,1.0,288.7,low,historical_dataset
2022-03-11T00:00:00,53.865794927576495,21741,1.0,403.61,low,historical_dataset
2022-03-12T00:00:00,34.67994343667627,22597,1.0,651.59,medium,historical_dataset
2022-03-12T00:00:00,38.817247448468265,26937,1.0,693.94,medium,historical_dataset
2022-03-12T00:00:00,51.77200509966096,42580,1.0,822.45,medium,historical_dataset
2022-03-12T00:00:00,27.335335689802122,46833,1.0,1713.28,high,historical_dataset
2022-03-12T00:00:00,38.97637501776279,50301,1.0,1290.55,high,historical_dataset
2022-03-12T00:00:00,25.35503180010398,27486,1.0,1084.05,high,historical_dataset
2022-03-12T00:00:00,46.44221756872669,22266,1.0,479.43,low,historical_dataset
2022-03-12T00:00:00,34.018136162218504,19072,1.0,560.64,medium,historical_dataset
2022-03-13T00:00:00,32.722789969219136,37514,1.0,1146.42,high,historical_dataset
2022-03-13T00:00:00,39.44968315376176,26793,1.0,679.17,medium,historical_dataset
2022-03-13T00:00:00,39.799397411482786,33299,1.0,836.67,medium,historical_dataset
2022-03-13T00:00:00,34.978960753695695,19043,1.0,544.41,medium,historical_dataset
2022-03-13T00:00:00,20.0,31063,1.0,1553.15,high,historical_dataset
2022-03-13T00:00:00,38.09859162451105,16686,1.0,437.97,low,historical_dataset
2022-03-13T00:00:00,31.06648875177127,26860,1.0,864.6,medium,historical_dataset
2022-03-13T00:00:00,30.953614799590536,40676,1.0,1314.1,high,historical_dataset
2022-03-14T00:00:00,65.26817116042392,20041,1.0,307.06,low,historical_dataset
2022-03-14T00:00:00,45.795795465565604,11027,1.0,240.79,low,historical_dataset
2022-03-14T00:00:00,60.371378108818,16322,1.0,270.36,low,historical_dataset
2022-03-14T00:00:00,20.0,37734,1.0,1886.7,high,historical_dataset
2022-03-14T00:00:00,37.61261708605184,53718,1.0,1428.19,high,historical_dataset
2022-03-14T00:00:00,31.68491700445547,14352,1.0,452.96,low,historical_dataset
2022-03-14T00:00:00,43.29149035059542,50385,1.0,1163.85,high,historical_dataset
2022-03-14T00:00:00,54.824704501689276,28059,1.0,511.79,medium,historical_dataset
2022-03-14T00:00:00,40.32261316141418,19640,1.0,487.07,low,historical_dataset
2022-03-14T00:00:00,35.72288347124869,31082,1.0,870.09,medium,historical_dataset
2022-03-14T00:00:00,36.03381996212095,29880,1.0,829.22,medium,historical_dataset
2022-03-15T00:00:00,41.61330946116242,21835,1.0,524.71,medium,historical_dataset
2022-03-15T00:00:00,46.36455574324845,53009,1.0,1143.31,high,historical_dataset
2022-03-15T00:00:00,42.95714447865358,39924,1.0,929.39,medium,historical_dataset
2022-03-15T00:00:00,35.04743359527588,39777,1.0,1134.95,high,historical_dataset
2022-03-15T00:00:00,48.740620881310434,11298,1.0,231.8,low,historical_dataset
2022-03-15T00:00:00,32.79946492628305,35353,1.0,1077.85,high,historical_dataset
2022-03-15T00:00:00,47.68775789148641,16150,1.0,338.66,low,historical_dataset
2022-03-15T00:00:00,27.243936385623968,32963,1.0,1209.92,high,historical_dataset
2022-03-15T00:00:00,51.149612320467746,20247,1.0,395.84,low,historical_dataset
2022-03-15T00:00:00,49.48317562430157,20804,1.0,420.43,low,historical_dataset
2022-03-16T00:00:00,31.24914766832915,24004,1.0,768.15,medium,historical_dataset
2022-03-16T00:00:00,36.87941776432756,27079,1.0,734.26,medium,historical_dataset
2022-03-16T00:00:00,21.930987710512824,26713,1.0,1218.05,high,historical_dataset
2022-03-16T00:00:00,44.39920807103311,19698,1.0,443.66,low,historical_dataset
2022-03-16T00:00:00,38.56629616101602,38194,1.0,990.35,medium,historical_dataset
2022-03-16T00:00:00,47.570848921053454,38531,1.0,809.97,medium,historical_dataset
2022-03-16T00:00:00,37.09169810688752,39022,1.0,1052.04,high,historical_dataset
2022-03-16T00:00:00,29.658753065511483,19647,1.0,662.44,medium,historical_dataset
2022-03-16T00:00:00,58.34506133337838,11786,1.0,202.01,low,historical_dataset
2022-03-16T00:00:00,50.69374156823712,15183,1.0,299.5,low,historical_dataset
2022-03-17T00:00:00,34.702335116635986,36346,1.0,1047.36,high,historical_dataset
2022-03-17T00:00:00,52.127114112762726,32671,1.0,626.76,medium,historical_dataset
2022-03-17T00:00:00,44.158237815976044,27755,1.0,628.54,medium,historical_dataset
2022-03-17T00:00:00,22.41735370632712,31940,1.0,1424.79,high,historical_dataset
2022-03-17T00:00:00,45.470343640085034,23764,1.0,522.63,medium,historical_dataset
2022-03-17T00:00:00,46.23754642524277,18179,1.0,393.17,low,historical_dataset
2022-03-17T00:00:00,30.9112663159591,42525,1.0,1375.71,high,historical_dataset
2022-03-17T00:00:00,25.082273539206604,37102,1.0,1479.21,high,historical_dataset
2022-03-17T00:00:00,27.400411178507497,23961,1.0,874.48,medium,historical_dataset
2022-03-17T00:00:00,48.01102063024093,33582,1.0,699.46,medium,historical_dataset
2022-03-18T00:00:00,49.58657522937662,34188,1.0,689.46,medium,historical_dataset
2022-03-18T00:00:00,33.69955830835635,23926,1.0,709.98,medium,historical_dataset
2022-03-18T00:00:00,42.832682108435385,16247,1.0,379.31,low,historical_dataset
2022-03-18T00:00:00,20.269801694847363,32190,1.0,1588.08,high,historical_dataset
2022-03-18T00:00:00,50.45389480924674,5292,1.0,104.89,low,historical_dataset
2022-03-18T00:00:00,31.923574189065597,23545,1.0,737.54,medium,historical_dataset
2022-03-18T00:00:00,38.05085404706753,41019,1.0,1078.0,high,historical_dataset
2022-03-18T00:00:00,48.13473161325237,35692,1.0,741.5,medium,historical_dataset
2022-03-18T00:00:00,52.48821181180778,14725,1.0,280.54,low,historical_dataset
2022-03-18T00:00:00,36.993588355481116,19393,1.0,524.23,medium,historical_dataset
2022-03-18T00:00:00,44.143966676872644,21513,1.0,487.34,low,historical_dataset
2022-03-19T00:00:00,43.97943609371152,24566,1.0,558.58,medium,historical_dataset
2022-03-19T00:00:00,54.85944776088007,37666,1.0,686.59,medium,historical_dataset
2022-03-19T00:00:00,32.34171634353008,28655,1.0,886.01,medium,historical_dataset
2022-03-19T00:00:00,46.966271208272424,59997,1.0,1277.45,high,historical_dataset
2022-03-19T00:00:00,40.212299906445416,48562,1.0,1207.64,high,historical_dataset
2022-03-19T00:00:00,33.95974366527614,15318,1.0,451.06,low,historical_dataset
2022-03-19T00:00:00,40.15660630083394,50085,1.0,1247.24,high,historical_dataset
2022-03-19T00:00:00,45.25627672402025,24185,1.0,534.4,medium,historical_dataset
2022-03-19T00:00:00,50.05261343174202,9851,1.0,196.81,low,historical_dataset
2022-03-20T00:00:00,37.33285041087872,52168,1.0,1397.38,high,historical_dataset
2022-03-20T00:00:00,64.87806564762086,12426,1.0,191.53,low,historical_dataset
2022-03-20T00:00:00,35.92511308982142,57861,1.0,1610.6,high,historical_dataset
2022-03-20T00:00:00,51.79637233421262,48292,1.0,932.34,medium,historical_dataset
2022-03-20T00:00:00,23.7271447629307,37416,1.0,1576.93,high,historical_dataset
2022-03-20T00:00:00,20.0,36564,1.0,1828.2,high,historical_dataset
2022-03-20T00:00:00,32.574991630806124,10245,1.0,314.51,low,historical_dataset
2022-03-21T00:00:00,33.533682259563975,35484,1.0,1058.16,high,historical_dataset
2022-03-21T00:00:00,50.418928204759055,23109,1.0,458.34,low,historical_dataset
2022-03-21T00:00:00,64.90029513519175,16696,1.0,257.26,low,historical_dataset
2022-03-21T00:00:00,40.069157201363105,48182,1.0,1202.47,high,historical_dataset
2022-03-21T00:00:00,31.507381146520384,45933,1.0,1457.85,high,historical_dataset
2022-03-21T00:00:00,32.74277368387865,25978,1.0,793.4,medium,historical_dataset
2022-03-21T00:00:00,44.025147740229414,8704,1.0,197.71,low,historical_dataset
2022-03-21T00:00:00,62.38991810326853,18850,1.0,302.13,low,historical_dataset
2022-03-21T00:00:00,57.99588477665206,18420,1.0,317.61,low,historical_dataset
2022-03-22T00:00:00,23.68931370065029,37476,1.0,1581.98,high,historical_dataset
2022-03-22T00:00:00,22.9783163282566,32927,1.0,1432.96,high,historical_dataset
2022-03-22T00:00:00,63.68527188073091,18542,1.0,291.15,low,historical_dataset
2022-03-22T00:00:00,22.3636593049843,26933,1.0,1204.32,high,historical_dataset
2022-03-22T00:00:00,61.293185174416124,19040,1.0,310.64,low,historical_dataset
2022-03-22T00:00:00,34.742809278194436,28149,1.0,810.21,medium,historical_dataset
2022-03-22T00:00:00,44.22517225668114,6193,1.0,140.03,low,historical_dataset
2022-03-22T00:00:00,48.38583090886362,13674,1.0,282.6,low,historical_dataset
2022-03-23T00:00:00,20.0,53125,1.0,2656.25,high,historical_dataset
2022-03-23T00:00:00,40.9657234488355,34618,1.0,845.05,medium,historical_dataset
2022-03-23T00:00:00,43.18441078404768,24376,1.0,564.46,medium,historical_dataset
2022-03-23T00:00:00,52.3992076024655,14059,1.0,268.31,low,historical_dataset
2022-03-23T00:00:00,44.398455005948726,20339,1.0,458.1,low,historical_dataset
2022-03-23T00:00:00,30.03011011135701,17349,1.0,577.72,medium,historical_dataset
2022-03-23T00:00:00,56.48706293937052,43133,1.0,763.59,medium,historical_dataset
2022-03-23T00:00:00,47.45913848618457,32649,1.0,687.94,medium,historical_dataset
2022-03-23T00:00:00,37.91511898470909,21277,1.0,561.17,medium,historical_dataset
2022-03-23T00:00:00,20.897354718260033,29613,1.0,1417.07,high,historical_dataset
2022-03-24T00:00:00,33.39961326420656,30316,1.0,907.68,medium,historical_dataset
2022-03-24T00:00:00,51.00907991888916,46720,1.0,915.92,medium,historical_dataset
2022-03-24T00:00:00,58.630483212767516,10060,1.0,171.58,low,historical_dataset
2022-03-24T00:00:00,40.02947513164318,15482,1.0,386.77,low,historical_dataset
2022-03-24T00:00:00,28.391588032474193,63722,1.0,2244.4,high,historical_dataset
2022-03-24T00:00:00,48.72081478667386,22852,1.0,469.04,low,historical_dataset
2022-03-24T00:00:00,28.150038498736073,36932,1.0,1311.97,high,historical_dataset
2022-03-24T00:00:00,32.928383109059595,34475,1.0,1046.97,high,historical_dataset
2022-03-24T00:00:00,31.84561734112738,20640,1.0,648.13,medium,historical_dataset
2022-03-24T00:00:00,51.644533843597536,22701,1.0,439.56,low,historical_dataset
2022-03-24T00:00:00,53.32269588574208,17783,1.0,333.5,low,historical_dataset
2022-03-25T00:00:00,42.30900681323532,24436,1.0,577.56,medium,historical_dataset
2022-03-25T00:00:00,44.820720317502015,22399,1.0,499.75,low,historical_dataset
2022-03-25T00:00:00,42.91082042629128,13908,1.0,324.11,low,historical_dataset
2022-03-25T00:00:00,24.522250538609008,41649,1.0,1698.42,high,historical_dataset
2022-03-25T00:00:00,23.28585607906011,48929,1.0,2101.23,high,historical_dataset
2022-03-25T00:00:00,29.54447397263113,37936,1.0,1284.03,high,historical_dataset
2022-03-25T00:00:00,36.598460497127945,53149,1.0,1452.22,high,historical_dataset
2022-03-25T00:00:00,47.09979280757783,18101,1.0,384.31,low,historical_dataset
2022-03-25T00:00:00,35.765180622437114,29824,1.0,833.88,medium,historical_dataset
2022-03-26T00:00:00,20.8317647205081,36650,1.0,1759.33,high,historical_dataset
2022-03-26T00:00:00,41.40031578575876,7366,1.0,177.92,low,historical_dataset
2022-03-26T00:00:00,66.71192861062495,7813,1.0,117.12,low,historical_dataset
2022-03-26T00:00:00,31.61031949176664,61234,1.0,1937.15,high,historical_dataset
2022-03-26T00:00:00,54.705474511521984,15708,1.0,287.14,low,historical_dataset
2022-03-26T00:00:00,24.57302590816714,43672,1.0,1777.23,high,historical_dataset
2022-03-26T00:00:00,33.01330866177097,27123,1.0,821.58,medium,historical_dataset
2022-03-26T00:00:00,45.52961089914612,9586,1.0,210.54,low,historical_dataset
2022-03-26T00:00:00,20.0,28636,1.0,1431.8,high,historical_dataset
2022-03-26T00:00:00,33.27448742485132,40239,1.0,1209.3,high,historical_dataset
2022-03-26T00:00:00,63.05668878116265,10655,1.0,168.97,low,historical_dataset
2022-03-27T00:00:00,38.02895262542931,39068,1.0,1027.32,high,historical_dataset
2022-03-27T00:00:00,42.66177597621218,34896,1.0,817.97,medium,historical_dataset
2022-03-27T00:00:00,43.78924567609446,22005,1.0,502.52,medium,historical_dataset
2022-03-27T00:00:00,44.575177776433264,44144,1.0,990.33,medium,historical_dataset
2022-03-27T00:00:00,51.558839906913896,5055,1.0,98.04,low,historical_dataset
2022-03-27T00:00:00,60.33068825851305,12548,1.0,207.99,low,historical_dataset
2022-03-27T00:00:00,41.79373170574121,48562,1.0,1161.94,high,historical_dataset
2022-03-27T00:00:00,45.20979605147626,41662,1.0,921.53,medium,historical_dataset
2022-03-27T00:00:00,49.803511621244525,18575,1.0,372.97,low,historical_dataset
2022-03-28T00:00:00,38.838235638312696,34038,1.0,876.4,medium,historical_dataset
2022-03-28T00:00:00,34.42063337991091,22423,1.0,651.44,medium,historical_dataset
2022-03-28T00:00:00,31.91315869010861,21453,1.0,672.23,medium,historical_dataset
2022-03-28T00:00:00,42.12186657627037,45322,1.0,1075.97,high,historical_dataset
2022-03-28T00:00:00,33.89160462807271,36929,1.0,1089.62,high,historical_dataset
2022-03-28T00:00:00,42.61348563373434,31168,1.0,731.41,medium,historical_dataset
2022-03-28T00:00:00,26.125845823031675,41320,1.0,1581.58,high,historical_dataset
2022-03-28T00:00:00,47.974006913911,20758,1.0,432.69,low,historical_dataset
2022-03-29T00:00:00,45.104418828265366,46778,1.0,1037.1,high,historical_dataset
2022-03-29T00:00:00,31.202841797853118,25636,1.0,821.59,medium,historical_dataset
2022-03-29T00:00:00,39.88740542130473,23896,1.0,599.09,medium,historical_dataset
2022-03-29T00:00:00,28.212772376514735,14687,1.0,520.58,medium,historical_dataset
2022-03-29T00:00:00,48.802395957968294,23549,1.0,482.54,low,historical_dataset
2022-03-29T00:00:00,27.815767603151563,26843,1.0,965.03,medium,historical_dataset
2022-03-29T00:00:00,35.69536323086962,31422,1.0,880.28,medium,historical_dataset
2022-03-29T00:00:00,63.33892231937442,27671,1.0,436.87,low,historical_dataset
2022-03-29T00:00:00,45.61509157175844,32740,1.0,717.74,medium,historical_dataset
2022-03-30T00:00:00,22.22050114678802,25784,1.0,1160.37,high,historical_dataset
2022-03-30T00:00:00,40.248675778853084,39834,1.0,989.7,medium,historical_dataset
2022-03-30T00:00:00,40.08535317627131,33720,1.0,841.21,medium,historical_dataset
2022-03-30T00:00:00,38.23945633451195,15569,1.0,407.14,low,historical_dataset
2022-03-30T00:00:00,29.742550167319536,62089,1.0,2087.55,high,historical_dataset
2022-03-30T00:00:00,43.79502586100641,12409,1.0,283.34,low,historical_dataset
2022-03-30T00:00:00,46.111924114542774,53006,1.0,1149.51,high,historical_dataset
2022-03-30T00:00:00,33.1927770981822,32148,1.0,968.52,medium,historical_dataset
2022-03-30T00:00:00,36.79695381106207,29931,1.0,813.41,medium,historical_dataset
2022-03-30T00:00:00,44.351285589466386,11146,1.0,251.31,low,historical_dataset
2022-03-30T00:00:00,41.457378503779054,26775,1.0,645.84,medium,historical_dataset
2022-03-30T00:00:00,20.0,27609,1.0,1380.45,high,historical_dataset
2022-03-30T00:00:00,45.7793729655821,17903,1.0,391.07,low,historical_dataset
2022-03-31T00:00:00,38.47098014821551,21501,1.0,558.89,medium,historical_dataset
2022-03-31T00:00:00,42.793004727322355,34528,1.0,806.86,medium,historical_dataset
2022-03-31T00:00:00,49.60328390011182,15198,1.0,306.39,low,historical_dataset
2022-03-31T00:00:00,36.34801423290203,41323,1.0,1136.87,high,historical_dataset
2022-03-31T00:00:00,48.057533090340605,15336,1.0,319.12,low,historical_dataset
2022-03-31T00:00:00,24.171594711316565,39022,1.0,1614.37,high,historical_dataset
2022-03-31T00:00:00,28.883948537954154,25840,1.0,894.61,medium,historical_dataset
2022-03-31T00:00:00,38.19672612576052,28347,1.0,742.13,medium,historical_dataset
2022-03-31T00:00:00,25.1875405139933,28950,1.0,1149.38,high,historical_dataset
2022-03-31T00:00:00,57.37738105749225,21445,1.0,373.75,low,historical_dataset
2022-04-01T00:00:00,44.05825215270701,13099,1.0,297.31,low,historical_dataset
2022-04-01T00:00:00,32.86567302912076,29150,1.0,886.94,medium,historical_dataset
2022-04-01T00:00:00,53.86508802075525,18715,1.0,347.44,low,historical_dataset
2022-04-01T00:00:00,31.946908464814353,44415,1.0,1390.28,high,historical_dataset
2022-04-01T00:00:00,37.85335883159007,11638,1.0,307.45,low,historical_dataset
2022-04-01T00:00:00,20.0,43657,1.0,2182.85,high,historical_dataset
2022-04-01T00:00:00,29.367023324541172,40270,1.0,1371.27,high,historical_dataset
2022-04-01T00:00:00,49.348863403635846,23322,1.0,472.59,low,historical_dataset
2022-04-01T00:00:00,51.5886969445533,33435,1.0,648.11,medium,historical_dataset
2022-04-01T00:00:00,20.0,22548,1.0,1127.4,high,historical_dataset
2022-04-02T00:00:00,45.4646127315419,22349,1.0,491.57,low,historical_dataset
2022-04-02T00:00:00,36.7908684182716,22393,1.0,608.66,medium,historical_dataset
2022-04-02T00:00:00,53.892634247589754,8077,1.0,149.87,low,historical_dataset
2022-04-02T00:00:00,35.53017234382652,14593,1.0,410.72,low,historical_dataset
2022-04-02T00:00:00,30.924106553403043,50527,1.0,1633.9,high,historical_dataset
2022-04-03T00:00:00,50.91214784616692,21300,1.0,418.37,low,historical_dataset
2022-04-03T00:00:00,45.68687353658907,47597,1.0,1041.81,high,historical_dataset
2022-04-03T00:00:00,37.192041876335885,28791,1.0,774.12,medium,historical_dataset
2022-04-03T00:00:00,48.475180359052686,12758,1.0,263.19,low,historical_dataset
2022-04-03T00:00:00,30.588748008038927,39643,1.0,1296.0,high,historical_dataset
2022-04-03T00:00:00,42.197765194776984,26387,1.0,625.32,medium,historical_dataset
2022-04-03T00:00:00,41.113216065463604,7762,1.0,188.8,low,historical_dataset
2022-04-03T00:00:00,39.819678270528925,40678,1.0,1021.56,high,historical_dataset
2022-04-04T00:00:00,26.00632720162744,51373,1.0,1975.4,high,historical_dataset
2022-04-04T00:00:00,51.81783181834629,21921,1.0,423.04,low,historical_dataset
2022-04-04T00:00:00,32.71651234762096,24153,1.0,738.25,medium,historical_dataset
2022-04-04T00:00:00,46.327021732161114,29064,1.0,627.37,medium,historical_dataset
2022-04-04T00:00:00,32.147772131457906,19524,1.0,607.32,medium,historical_dataset
2022-04-04T00:00:00,46.27173919194286,13052,1.0,282.07,low,historical_dataset
2022-04-04T00:00:00,22.7426666261111,12359,1.0,543.43,medium,historical_dataset
2022-04-04T00:00:00,32.337870495935086,28358,1.0,876.93,medium,historical_dataset
2022-04-04T00:00:00,34.10664134528954,28210,1.0,827.11,medium,historical_dataset
2022-04-04T00:00:00,45.270703006441394,30581,1.0,675.51,medium,historical_dataset
2022-04-04T00:00:00,42.602466752358595,18197,1.0,427.13,low,historical_dataset
2022-04-05T00:00:00,28.471289640963942,25278,1.0,887.84,medium,historical_dataset
2022-04-05T00:00:00,43.23356829477173,50491,1.0,1167.87,high,historical_dataset
2022-04-05T00:00:00,51.186680462086265,30987,1.0,605.37,medium,historical_dataset
2022-04-05T00:00:00,20.504764792945387,43164,1.0,2105.07,high,historical_dataset
2022-04-05T00:00:00,54.68498802624876,16540,1.0,302.46,low,historical_dataset
2022-04-05T00:00:00,54.682444551617735,26658,1.0,487.51,low,historical_dataset
2022-04-05T00:00:00,57.90180638778603,8307,1.0,143.47,low,historical_dataset
2022-04-05T00:00:00,27.497113308259614,26005,1.0,945.74,medium,historical_dataset
2022-04-05T00:00:00,54.27664911372537,19403,1.0,357.48,low,historical_dataset
2022-04-06T00:00:00,21.50356265137496,33908,1.0,1576.85,high,historical_dataset
2022-04-06T00:00:00,43.8963524070814,24639,1.0,561.3,medium,historical_dataset
2022-04-06T00:00:00,42.12870143770129,22745,1.0,539.89,medium,historical_dataset
2022-04-06T00:00:00,33.65802310714547,44289,1.0,1315.85,high,historical_dataset
2022-04-06T00:00:00,42.45856518098577,41757,1.0,983.48,medium,historical_dataset
2022-04-06T00:00:00,47.289402151645476,13041,1.0,275.77,low,historical_dataset
2022-04-06T00:00:00,45.30423680042477,7011,1.0,154.75,low,historical_dataset
2022-04-06T00:00:00,29.85176103639272,26369,1.0,883.33,medium,historical_dataset
2022-04-06T00:00:00,29.064096406094354,33865,1.0,1165.18,high,historical_dataset
2022-04-06T00:00:00,31.418020087122237,27717,1.0,882.2,medium,historical_dataset
2022-04-06T00:00:00,34.51223735499383,25677,1.0,744.0,medium,historical_dataset
2022-04-07T00:00:00,22.92395492433539,38586,1.0,1683.22,high,historical_dataset
2022-04-07T00:00:00,35.28231942260106,24897,1.0,705.65,medium,historical_dataset
2022-04-07T00:00:00,43.62939711242224,26921,1.0,617.04,medium,historical_dataset
2022-04-07T00:00:00,28.8970184448884,6939,1.0,240.13,low,historical_dataset
2022-04-07T00:00:00,32.98961228133365,54199,1.0,1642.91,high,historical_dataset
2022-04-07T00:00:00,23.490288378262626,60884,1.0,2591.88,high,historical_dataset
2022-04-07T00:00:00,28.776793867062345,19506,1.0,677.84,medium,historical_dataset
2022-04-07T00:00:00,36.56090738456852,53914,1.0,1474.64,high,historical_dataset
2022-04-07T00:00:00,23.849151929247004,26000,1.0,1090.19,high,historical_dataset
2022-04-07T00:00:00,31.18111356540671,46418,1.0,1488.66,high,historical_dataset
2022-04-07T00:00:00,40.37670118201897,27901,1.0,691.02,medium,historical_dataset
2022-04-07T00:00:00,50.052386894064135,25822,1.0,515.9,medium,historical_dataset
2022-04-08T00:00:00,43.69825681396013,47572,1.0,1088.65,high,historical_dataset
2022-04-08T00:00:00,51.46083241211854,13297,1.0,258.39,low,historical_dataset
2022-04-08T00:00:00,54.459409606394374,22893,1.0,420.37,low,historical_dataset
2022-04-08T00:00:00,35.24479669851911,52509,1.0,1489.84,high,historical_dataset
2022-04-08T00:00:00,47.22716062600965,22446,1.0,475.28,low,historical_dataset
2022-04-08T00:00:00,29.472852713920847,37545,1.0,1273.88,high,historical_dataset
2022-04-08T00:00:00,43.18139934209838,18563,1.0,429.88,low,historical_dataset
2022-04-08T00:00:00,30.999434628366203,14020,1.0,452.27,low,historical_dataset
2022-04-09T00:00:00,36.13757683480277,36592,1.0,1012.57,high,historical_dataset
2022-04-09T00:00:00,41.905289253005606,24079,1.0,574.61,medium,historical_dataset
2022-04-09T00:00:00,54.940027883688465,15303,1.0,278.54,low,historical_dataset
2022-04-09T00:00:00,27.650243030541247,21543,1.0,779.13,medium,historical_dataset
2022-04-09T00:00:00,20.0,28960,1.0,1448.0,high,historical_dataset
2022-04-09T00:00:00,34.91129067710427,31886,1.0,913.34,medium,historical_dataset
2022-04-09T00:00:00,66.17519401731036,23594,1.0,356.54,low,historical_dataset
2022-04-09T00:00:00,37.41076078803295,39791,1.0,1063.62,high,historical_dataset
2022-04-09T00:00:00,44.28293653715031,23155,1.0,522.89,medium,historical_dataset
2022-04-09T00:00:00,22.690215031947403,34628,1.0,1526.12,high,historical_dataset
2022-04-09T00:00:00,25.022422173406454,32313,1.0,1291.36,high,historical_dataset
2022-04-10T00:00:00,34.63552679741962,38415,1.0,1109.12,high,historical_dataset
2022-04-10T00:00:00,30.144098879549908,33311,1.0,1105.06,high,historical_dataset
2022-04-10T00:00:00,41.373380286439215,20795,1.0,502.62,medium,historical_dataset
2022-04-10T00:00:00,37.88090521987325,29070,1.0,767.41,medium,historical_dataset
2022-04-10T00:00:00,30.7799410329092,29749,1.0,966.51,medium,historical_dataset
2022-04-10T00:00:00,30.735360885762546,18332,1.0,596.45,medium,historical_dataset
2022-04-10T00:00:00,28.95486139440205,62718,1.0,2166.06,high,historical_dataset
2022-04-10T00:00:00,44.41066551451931,30673,1.0,690.67,medium,historical_dataset
2022-04-10T00:00:00,49.30739933981851,8400,1.0,170.36,low,historical_dataset
2022-04-11T00:00:00,43.35370902471812,12675,1.0,292.36,low,historical_dataset
2022-04-11T00:00:00,46.289567351829476,25308,1.0,546.73,medium,historical_dataset
2022-04-11T00:00:00,20.0,44756,1.0,2237.8,high,historical_dataset
2022-04-11T00:00:00,59.606803321291366,6166,1.0,103.44,low,historical_dataset
2022-04-11T00:00:00,40.172102161589606,37330,1.0,929.25,medium,historical_dataset
2022-04-11T00:00:00,41.25476000304051,25241,1.0,611.83,medium,historical_dataset
2022-04-11T00:00:00,33.312280605620906,37875,1.0,1136.97,high,historical_dataset
2022-04-12T00:00:00,34.17113016125135,37837,1.0,1107.28,high,historical_dataset
2022-04-12T00:00:00,45.21665411703564,22341,1.0,494.09,low,historical_dataset
2022-04-12T00:00:00,42.25590175482321,34190,1.0,809.12,medium,historical_dataset
2022-04-12T00:00:00,39.85918339459116,32282,1.0,809.9,medium,historical_dataset
2022-04-12T00:00:00,50.14247599980887,62260,1.0,1241.66,high,historical_dataset
2022-04-12T00:00:00,37.750806571083984,21894,1.0,579.96,medium,historical_dataset
2022-04-12T00:00:00,45.21494986407439,38046,1.0,841.45,medium,historical_dataset
2022-04-12T00:00:00,36.33026543567448,24520,1.0,674.92,medium,historical_dataset
2022-04-12T00:00:00,28.293237635949016,40924,1.0,1446.42,high,historical_dataset
2022-04-13T00:00:00,32.58847507738347,30410,1.0,933.15,medium,historical_dataset
2022-04-13T00:00:00,31.728629533617273,25166,1.0,793.16,medium,historical_dataset
2022-04-13T00:00:00,45.777374176922066,59274,1.0,1294.83,high,historical_dataset
2022-04-13T00:00:00,30.618484943792133,47542,1.0,1552.72,high,historical_dataset
2022-04-13T00:00:00,37.34637995941334,25109,1.0,672.33,medium,historical_dataset
2022-04-13T00:00:00,38.09859944367681,27408,1.0,719.4,medium,historical_dataset
2022-04-13T00:00:00,38.524229143843144,34320,1.0,890.87,medium,historical_dataset
2022-04-14T00:00:00,54.26708473009714,12829,1.0,236.4,low,historical_dataset
2022-04-14T00:00:00,46.06082710258342,21442,1.0,465.51,low,historical_dataset
2022-04-14T00:00:00,45.673798415063,63860,1.0,1398.18,high,historical_dataset
2022-04-14T00:00:00,20.0,46282,1.0,2314.1,high,historical_dataset
2022-04-14T00:00:00,38.40940309485459,16637,1.0,433.15,low,historical_dataset
2022-04-14T00:00:00,39.97217980453193,35016,1.0,876.01,medium,historical_dataset
2022-04-14T00:00:00,41.88630758729006,18094,1.0,431.98,low,historical_dataset
2022-04-15T00:00:00,58.476780855126236,13816,1.0,236.26,low,historical_dataset
2022-04-15T00:00:00,22.77637192995746,37085,1.0,1628.22,high,historical_dataset
2022-04-15T00:00:00,50.40424002530429,12193,1.0,241.9,low,historical_dataset
2022-04-15T00:00:00,30.26117130214281,32569,1.0,1076.26,high,historical_dataset
2022-04-15T00:00:00,35.76579931203467,36876,1.0,1031.04,high,historical_dataset
2022-04-15T00:00:00,52.85586702476073,38967,1.0,737.23,medium,historical_dataset
2022-04-15T00:00:00,48.816370677020345,23573,1.0,482.89,low,historical_dataset
2022-04-15T00:00:00,29.506499087986697,32399,1.0,1098.03,high,historical_dataset
2022-04-15T00:00:00,29.255975293950037,42194,1.0,1442.24,high,historical_dataset
2022-04-15T00:00:00,52.13597488557311,18658,1.0,357.87,low,historical_dataset
2022-04-16T00:00:00,43.22342298687552,52085,1.0,1205.02,high,historical_dataset
2022-04-16T00:00:00,37.06276405844901,26034,1.0,702.43,medium,historical_dataset
2022-04-16T00:00:00,40.046967573965844,12475,1.0,311.51,low,historical_dataset
2022-04-16T00:00:00,35.9390648166045,42231,1.0,1175.07,high,historical_dataset
2022-04-16T00:00:00,29.01936676351172,29015,1.0,999.85,medium,historical_dataset
2022-04-16T00:00:00,42.45186881893828,25195,1.0,593.5,medium,historical_dataset
2022-04-16T00:00:00,54.559380601783104,21171,1.0,388.04,low,historical_dataset
2022-04-16T00:00:00,31.933117844795,30459,1.0,953.84,medium,historical_dataset
2022-04-16T00:00:00,49.59538174877942,30973,1.0,624.51,medium,historical_dataset
2022-04-17T00:00:00,60.16347465799197,12674,1.0,210.66,low,historical_dataset
2022-04-17T00:00:00,39.87506609119098,24603,1.0,617.0,medium,historical_dataset
2022-04-17T00:00:00,46.08980238527103,29229,1.0,634.17,medium,historical_dataset
2022-04-17T00:00:00,20.0,41675,1.0,2083.75,high,historical_dataset
2022-04-17T00:00:00,20.0,33000,1.0,1650.0,high,historical_dataset
2022-04-17T00:00:00,37.447846196034995,28416,1.0,758.82,medium,historical_dataset
2022-04-17T00:00:00,64.62213864420545,31402,1.0,485.93,low,historical_dataset
2022-04-17T00:00:00,52.87358046694336,22355,1.0,422.8,low,historical_dataset
2022-04-17T00:00:00,44.295396595340044,22207,1.0,501.34,medium,historical_dataset
2022-04-18T00:00:00,37.26592126177998,25666,1.0,688.73,medium,historical_dataset
2022-04-18T00:00:00,54.19281300144459,34433,1.0,635.38,medium,historical_dataset
2022-04-18T00:00:00,42.86568934801759,21101,1.0,492.26,low,historical_dataset
2022-04-18T00:00:00,31.165219810761133,27673,1.0,887.94,medium,historical_dataset
2022-04-18T00:00:00,31.65149270388821,28792,1.0,909.66,medium,historical_dataset
2022-04-18T00:00:00,50.7997217103361,11895,1.0,234.15,low,historical_dataset
2022-04-18T00:00:00,23.830196914094714,54979,1.0,2307.11,high,historical_dataset
2022-04-18T00:00:00,41.556366693231396,10402,1.0,250.31,low,historical_dataset
2022-04-18T00:00:00,45.781951316934254,10008,1.0,218.6,low,historical_dataset
2022-04-18T00:00:00,51.018987915899814,30174,1.0,591.43,medium,historical_dataset
2022-04-19T00:00:00,24.800312812323114,40077,1.0,1615.99,high,historical_dataset
2022-04-19T00:00:00,41.70957572095812,35509,1.0,851.34,medium,historical_dataset
2022-04-19T00:00:00,42.422885075783036,39760,1.0,937.23,medium,historical_dataset
2022-04-19T00:00:00,49.58885388632469,41115,1.0,829.12,medium,historical_dataset
2022-04-19T00:00:00,46.35046561869691,56855,1.0,1226.63,high,historical_dataset
2022-04-19T00:00:00,46.82973360305262,5435,1.0,116.06,low,historical_dataset
2022-04-19T00:00:00,42.723360402943094,40375,1.0,945.03,medium,historical_dataset
2022-04-19T00:00:00,32.66120396686632,44413,1.0,1359.81,high,historical_dataset
2022-04-19T00:00:00,43.177581758214615,7254,1.0,168.0,low,historical_dataset
2022-04-20T00:00:00,36.25558522473578,39051,1.0,1077.1,high,historical_dataset
2022-04-20T00:00:00,20.0,40631,1.0,2031.55,high,historical_dataset
2022-04-20T00:00:00,37.618572072457255,25780,1.0,685.3,medium,historical_dataset
2022-04-20T00:00:00,27.432196329791328,60573,1.0,2208.1,high,historical_dataset
2022-04-20T00:00:00,43.515705989358146,15809,1.0,363.29,low,historical_dataset
2022-04-20T00:00:00,39.065402937519806,50843,1.0,1301.48,high,historical_dataset
2022-04-20T00:00:00,26.744878910152902,16632,1.0,621.88,medium,historical_dataset
2022-04-20T00:00:00,47.175134959387854,18954,1.0,401.78,low,historical_dataset
2022-04-20T00:00:00,33.77849438513586,22900,1.0,677.95,medium,historical_dataset
2022-04-21T00:00:00,38.73499783956673,24205,1.0,624.89,medium,historical_dataset
2022-04-21T00:00:00,41.72979960469693,38097,1.0,912.94,medium,historical_dataset
2022-04-21T00:00:00,32.267445481931404,8970,1.0,277.99,low,historical_dataset
2022-04-21T00:00:00,28.369444851194807,21647,1.0,763.04,medium,historical_dataset
2022-04-21T00:00:00,47.1298392854937,48373,1.0,1026.38,high,historical_dataset
2022-04-21T00:00:00,36.49995089907739,59327,1.0,1625.4,high,historical_dataset
2022-04-21T00:00:00,52.63485607417745,38516,1.0,731.76,medium,historical_dataset
2022-04-21T00:00:00,20.0,27658,1.0,1382.9,high,historical_dataset
2022-04-21T00:00:00,50.807270423985166,36121,1.0,710.94,medium,historical_dataset
2022-04-21T00:00:00,42.17687958075071,18418,1.0,436.68,low,historical_dataset
2022-04-22T00:00:00,40.54967164998613,36123,1.0,890.83,medium,historical_dataset
2022-04-22T00:00:00,30.27315611563008,26105,1.0,862.32,medium,historical_dataset
2022-04-22T00:00:00,46.405089042856055,20728,1.0,446.68,low,historical_dataset
2022-04-22T00:00:00,67.05786352677399,10047,1.0,149.83,low,historical_dataset
2022-04-22T00:00:00,28.61276679473585,37328,1.0,1304.59,high,historical_dataset
2022-04-22T00:00:00,35.62179229812288,28444,1.0,798.5,medium,historical_dataset
2022-04-22T00:00:00,33.77220472720661,30044,1.0,889.61,medium,historical_dataset
2022-04-22T00:00:00,67.44682255430256,15407,1.0,228.43,low,historical_dataset
2022-04-23T00:00:00,29.164394521039263,45339,1.0,1554.6,high,historical_dataset
2022-04-23T00:00:00,34.688396351985226,43255,1.0,1246.96,high,historical_dataset
2022-04-23T00:00:00,53.02332777884466,13655,1.0,257.53,low,historical_dataset
2022-04-23T00:00:00,48.432976909241546,24676,1.0,509.49,medium,historical_dataset
2022-04-23T00:00:00,22.681412889280224,36221,1.0,1596.95,high,historical_dataset
2022-04-23T00:00:00,59.87200767392342,26613,1.0,444.5,low,historical_dataset
2022-04-23T00:00:00,45.43070491970361,26997,1.0,594.25,medium,historical_dataset
2022-04-23T00:00:00,57.58761239760069,21085,1.0,366.14,low,historical_dataset
2022-04-24T00:00:00,26.869771478311776,37670,1.0,1401.95,high,historical_dataset
2022-04-24T00:00:00,26.846888852118923,28992,1.0,1079.9,high,historical_dataset
2022-04-24T00:00:00,53.06357159372557,33202,1.0,625.7,medium,historical_dataset
2022-04-24T00:00:00,35.00160507407085,64007,1.0,1828.69,high,historical_dataset
2022-04-24T00:00:00,40.91580149868683,15811,1.0,386.43,low,historical_dataset
2022-04-24T00:00:00,39.819016320403385,27650,1.0,694.39,medium,historical_dataset
2022-04-24T00:00:00,43.058977770010685,39944,1.0,927.66,medium,historical_dataset
2022-04-24T00:00:00,36.14232644502356,37747,1.0,1044.4,high,historical_dataset
2022-04-25T00:00:00,31.40159539219612,37842,1.0,1205.1,high,historical_dataset
2022-04-25T00:00:00,23.84579996469794,35550,1.0,1490.83,high,historical_dataset
2022-04-25T00:00:00,36.27405473593847,23597,1.0,650.52,medium,historical_dataset
2022-04-25T00:00:00,48.16879838468482,28356,1.0,588.68,medium,historical_dataset
2022-04-25T00:00:00,31.486105320852083,25613,1.0,813.47,medium,historical_dataset
2022-04-25T00:00:00,48.686507868999136,25955,1.0,533.1,medium,historical_dataset
2022-04-25T00:00:00,43.24607291922028,38997,1.0,901.75,medium,historical_dataset
2022-04-25T00:00:00,61.980404568174265,27053,1.0,436.48,low,historical_dataset
2022-04-25T00:00:00,73.24167009402728,15136,1.0,206.66,low,historical_dataset
2022-04-25T00:00:00,58.12207993601532,22474,1.0,386.67,low,historical_dataset
2022-04-25T00:00:00,57.362351239265394,19073,1.0,332.5,low,historical_dataset
2022-04-25T00:00:00,30.481263831268308,6567,1.0,215.44,low,historical_dataset
2022-04-26T00:00:00,23.079217354241827,43058,1.0,1865.66,high,historical_dataset
2022-04-26T00:00:00,30.549965174622653,33428,1.0,1094.21,high,historical_dataset
2022-04-26T00:00:00,38.308572493326665,18077,1.0,471.88,low,historical_dataset
2022-04-26T00:00:00,42.74773390074357,62658,1.0,1465.76,high,historical_dataset
2022-04-26T00:00:00,20.0,43428,1.0,2171.4,high,historical_dataset
2022-04-26T00:00:00,46.96637741750245,14381,1.0,306.2,low,historical_dataset
2022-04-26T00:00:00,52.67439127001189,23081,1.0,438.18,low,historical_dataset
2022-04-26T00:00:00,42.35526215903089,17351,1.0,409.65,low,historical_dataset
2022-04-26T00:00:00,23.534498362925422,25596,1.0,1087.59,high,historical_dataset
2022-04-27T00:00:00,20.0,37423,1.0,1871.15,high,historical_dataset
2022-04-27T00:00:00,20.28020722970571,39916,1.0,1968.22,high,historical_dataset
2022-04-27T00:00:00,39.856125801495196,45623,1.0,1144.69,high,historical_dataset
2022-04-27T00:00:00,25.20977870424203,58987,1.0,2339.85,high,historical_dataset
2022-04-27T00:00:00,23.188247623343226,9882,1.0,426.16,low,historical_dataset
2022-04-27T00:00:00,43.756049308219175,27649,1.0,631.89,medium,historical_dataset
2022-04-27T00:00:00,40.158553280253294,33369,1.0,830.93,medium,historical_dataset
2022-04-27T00:00:00,31.950187001516696,52115,1.0,1631.13,high,historical_dataset
2022-04-27T00:00:00,31.75138696149761,22102,1.0,696.1,medium,historical_dataset
2022-04-27T00:00:00,51.948161429230936,7454,1.0,143.49,low,historical_dataset
2022-04-28T00:00:00,41.28871254452503,31032,1.0,751.59,medium,historical_dataset
2022-04-28T00:00:00,37.94843563152678,46471,1.0,1224.58,high,historical_dataset
2022-04-28T00:00:00,46.02382198347653,11712,1.0,254.48,low,historical_dataset
2022-04-28T00:00:00,34.80484560595935,44329,1.0,1273.64,high,historical_dataset
2022-04-28T00:00:00,37.57720314491263,24592,1.0,654.44,medium,historical_dataset
2022-04-28T00:00:00,28.361104943868334,25467,1.0,897.96,medium,historical_dataset
2022-04-28T00:00:00,40.923394214340654,9720,1.0,237.52,low,historical_dataset
2022-04-28T00:00:00,32.17192734887873,31286,1.0,972.46,medium,historical_dataset
2022-04-29T00:00:00,43.44905922621709,54821,1.0,1261.73,high,historical_dataset
2022-04-29T00:00:00,32.94642776121185,37256,1.0,1130.81,high,historical_dataset
2022-04-29T00:00:00,53.47660002942449,27328,1.0,511.03,medium,historical_dataset
2022-04-29T00:00:00,24.862668464348385,28891,1.0,1162.02,high,historical_dataset
2022-04-29T00:00:00,35.696884288543345,13485,1.0,377.76,low,historical_dataset
2022-04-29T00:00:00,25.10965803828704,12707,1.0,506.06,medium,historical_dataset
2022-04-29T00:00:00,43.344210274324055,12955,1.0,298.89,low,historical_dataset
2022-04-29T00:00:00,56.21076368449011,20396,1.0,362.85,low,historical_dataset
2022-04-29T00:00:00,46.86215734402434,30896,1.0,659.3,medium,historical_dataset
2022-04-29T00:00:00,67.74988413536465,19755,1.0,291.59,low,historical_dataset
2022-04-30T00:00:00,36.91442047344609,25391,1.0,687.83,medium,historical_dataset
2022-04-30T00:00:00,43.890021156230894,27268,1.0,621.28,medium,historical_dataset
2022-04-30T00:00:00,48.11039065368078,12485,1.0,259.51,low,historical_dataset
2022-04-30T00:00:00,37.86015807634625,29774,1.0,786.42,medium,historical_dataset
2022-04-30T00:00:00,45.46085013540464,15281,1.0,336.14,low,historical_dataset
2022-04-30T00:00:00,41.89603515044934,20626,1.0,492.31,low,historical_dataset
2022-04-30T00:00:00,63.105348413515586,12915,1.0,204.66,low,historical_dataset
2022-04-30T00:00:00,27.145880066773433,51898,1.0,1911.82,high,historical_dataset
2022-04-30T00:00:00,34.61348231172675,25959,1.0,749.97,medium,historical_dataset
2022-04-30T00:00:00,47.357870641980334,15140,1.0,319.69,low,historical_dataset
2022-04-30T00:00:00,47.310710744819204,16492,1.0,348.59,low,historical_dataset
2022-05-01T00:00:00,25.516214932678487,11109,1.0,435.37,low,historical_dataset
2022-05-01T00:00:00,50.511225894664136,49897,1.0,987.84,medium,historical_dataset
2022-05-01T00:00:00,38.04897337923473,12337,1.0,324.24,low,historical_dataset
2022-05-01T00:00:00,40.427746739125624,33182,1.0,820.77,medium,historical_dataset
2022-05-01T00:00:00,45.56167256467118,6356,1.0,139.5,low,historical_dataset
2022-05-01T00:00:00,38.13238249000712,53732,1.0,1409.09,high,historical_dataset
2022-05-01T00:00:00,48.23824612720908,26419,1.0,547.68,medium,historical_dataset
2022-05-01T00:00:00,31.44453328809294,41555,1.0,1321.53,high,historical_dataset
2022-05-01T00:00:00,65.97543915047065,19539,1.0,296.16,low,historical_dataset
2022-05-01T00:00:00,33.01073928536303,11690,1.0,354.13,low,historical_dataset
2022-05-01T00:00:00,49.44874916677123,22095,1.0,446.83,low,historical_dataset
2022-05-02T00:00:00,52.47059144553514,30608,1.0,583.34,medium,historical_dataset
2022-05-02T00:00:00,63.12356292509493,21812,1.0,345.54,low,historical_dataset
2022-05-02T00:00:00,89.79084251025756,21994,1.0,244.95,low,historical_dataset
2022-05-02T00:00:00,55.72598540762519,28866,1.0,518.0,medium,historical_dataset
2022-05-02T00:00:00,25.679631344126463,46737,1.0,1820.0,high,historical_dataset
2022-05-02T00:00:00,48.258207169727854,42214,1.0,874.75,medium,historical_dataset
2022-05-02T00:00:00,24.560790197510165,36517,1.0,1486.8,high,historical_dataset
2022-05-02T00:00:00,37.58401715534633,38512,1.0,1024.69,high,historical_dataset
2022-05-02T00:00:00,35.820299293881156,32150,1.0,897.54,medium,historical_dataset
2022-05-02T00:00:00,40.32453452117203,22015,1.0,545.95,medium,historical_dataset
2022-05-02T00:00:00,54.40456578374197,24946,1.0,458.53,low,historical_dataset
2022-05-03T00:00:00,56.07272972003804,23214,1.0,414.0,low,historical_dataset
2022-05-03T00:00:00,56.322873748389384,20585,1.0,365.48,low,historical_dataset
2022-05-03T00:00:00,41.3695253999487,27025,1.0,653.26,medium,historical_dataset
2022-05-03T00:00:00,21.990665692359414,63898,1.0,2905.69,high,historical_dataset
2022-05-03T00:00:00,38.90721375923101,42815,1.0,1100.44,high,historical_dataset
2022-05-03T00:00:00,29.976092522799412,39165,1.0,1306.54,high,historical_dataset
2022-05-03T00:00:00,29.820508850532967,19347,1.0,648.78,medium,historical_dataset
2022-05-03T00:00:00,27.566685979334316,21190,1.0,768.68,medium,historical_dataset
2022-05-03T00:00:00,43.33902236982898,18010,1.0,415.56,low,historical_dataset
2022-05-03T00:00:00,60.07567453806985,21454,1.0,357.12,low,historical_dataset
2022-05-03T00:00:00,52.96935925658596,6823,1.0,128.81,low,historical_dataset
2022-05-03T00:00:00,45.17219582730561,23470,1.0,519.57,medium,historical_dataset
2022-05-04T00:00:00,54.87320711625677,23912,1.0,435.77,low,historical_dataset
2022-05-04T00:00:00,34.394230597485446,37008,1.0,1075.99,high,historical_dataset
2022-05-04T00:00:00,37.58428741106492,23928,1.0,636.65,medium,historical_dataset
2022-05-04T00:00:00,38.58920508872643,29023,1.0,752.1,medium,historical_dataset
2022-05-04T00:00:00,47.07882428633328,16367,1.0,347.65,low,historical_dataset
2022-05-04T00:00:00,29.227790436178864,39235,1.0,1342.39,high,historical_dataset
2022-05-04T00:00:00,34.528156447517716,23182,1.0,671.39,medium,historical_dataset
2022-05-04T00:00:00,56.418965369680095,18097,1.0,320.76,low,historical_dataset
2022-05-04T00:00:00,45.46879032323288,28386,1.0,624.3,medium,historical_dataset
2022-05-04T00:00:00,54.668834167557435,10566,1.0,193.27,low,historical_dataset
2022-05-04T00:00:00,60.026978663441966,15848,1.0,264.01,low,historical_dataset
2022-05-04T00:00:00,27.867679893754456,36833,1.0,1321.71,high,historical_dataset
2022-05-05T00:00:00,38.367229815965,30798,1.0,802.72,medium,historical_dataset
2022-05-05T00:00:00,38.35696582154742,45636,1.0,1189.77,high,historical_dataset
2022-05-05T00:00:00,40.3874092567595,53459,1.0,1323.66,high,historical_dataset
2022-05-05T00:00:00,38.95144333156907,27373,1.0,702.75,medium,historical_dataset
2022-05-05T00:00:00,46.41830927736233,37157,1.0,800.48,medium,historical_dataset
2022-05-05T00:00:00,31.089502740209078,47146,1.0,1516.46,high,historical_dataset
2022-05-05T00:00:00,54.67429419154058,16369,1.0,299.39,low,historical_dataset
2022-05-06T00:00:00,56.74837707063181,46696,1.0,822.86,medium,historical_dataset
2022-05-06T00:00:00,37.274672678806986,41527,1.0,1114.08,high,historical_dataset
2022-05-06T00:00:00,41.291352982577834,57740,1.0,1398.36,high,historical_dataset
2022-05-06T00:00:00,34.17409674583488,46602,1.0,1363.66,high,historical_dataset
2022-05-06T00:00:00,51.47407526599769,14638,1.0,284.38,low,historical_dataset
2022-05-06T00:00:00,41.895889617400236,23124,1.0,551.94,medium,historical_dataset
2022-05-06T00:00:00,38.10479277005933,34565,1.0,907.1,medium,historical_dataset
2022-05-06T00:00:00,27.087504702324324,38155,1.0,1408.58,high,historical_dataset
2022-05-06T00:00:00,45.798568357693036,17842,1.0,389.58,low,historical_dataset
2022-05-06T00:00:00,36.203936908360106,18017,1.0,497.65,low,historical_dataset
2022-05-06T00:00:00,41.74336778684,21905,1.0,524.75,medium,historical_dataset
2022-05-06T00:00:00,20.393296174820094,31702,1.0,1554.53,high,historical_dataset
2022-05-07T00:00:00,28.900972930507976,44744,1.0,1548.18,high,historical_dataset
2022-05-07T00:00:00,30.443182734064848,24896,1.0,817.79,medium,historical_dataset
2022-05-07T00:00:00,39.1983627787548,22829,1.0,582.4,medium,historical_dataset
2022-05-07T00:00:00,40.83100363880611,17036,1.0,417.23,low,historical_dataset
2022-05-07T00:00:00,46.33238286586444,15931,1.0,343.84,low,historical_dataset
2022-05-07T00:00:00,30.171993113150503,34668,1.0,1149.01,high,historical_dataset
2022-05-07T00:00:00,34.09607801192561,10227,1.0,299.95,low,historical_dataset
2022-05-07T00:00:00,42.18629464472757,7161,1.0,169.75,low,historical_dataset
2022-05-08T00:00:00,61.55433080903119,11286,1.0,183.35,low,historical_dataset
2022-05-08T00:00:00,33.70184969735437,21194,1.0,628.87,medium,historical_dataset
2022-05-08T00:00:00,27.437697655204232,16583,1.0,604.39,medium,historical_dataset
2022-05-08T00:00:00,43.57714307554852,19715,1.0,452.42,low,historical_dataset
2022-05-08T00:00:00,20.0,51935,1.0,2596.75,high,historical_dataset
2022-05-08T00:00:00,35.09511839940994,26821,1.0,764.24,medium,historical_dataset
2022-05-08T00:00:00,49.3053789319813,23020,1.0,466.89,low,historical_dataset
2022-05-08T00:00:00,25.435925488207637,16972,1.0,667.25,medium,historical_dataset
2022-05-09T00:00:00,57.17548021950716,22545,1.0,394.31,low,historical_dataset
2022-05-09T00:00:00,23.41998193477768,37490,1.0,1600.77,high,historical_dataset
2022-05-09T00:00:00,55.3873474414457,8159,1.0,147.31,low,historical_dataset
2022-05-09T00:00:00,53.21564124624614,17034,1.0,320.09,low,historical_dataset
2022-05-09T00:00:00,38.26563015863055,30666,1.0,801.4,medium,historical_dataset
2022-05-09T00:00:00,32.20963265942776,54921,1.0,1705.11,high,historical_dataset
2022-05-09T00:00:00,29.439474425205965,40367,1.0,1371.19,high,historical_dataset
2022-05-09T00:00:00,63.9557477322856,9172,1.0,143.41,low,historical_dataset
2022-05-09T00:00:00,56.87505520512655,20847,1.0,366.54,low,historical_dataset
2022-05-10T00:00:00,42.67400761564514,21238,1.0,497.68,low,historical_dataset
2022-05-10T00:00:00,51.12821044442915,23432,1.0,458.3,low,historical_dataset
2022-05-10T00:00:00,35.587068638634186,16371,1.0,460.03,low,historical_dataset
2022-05-10T00:00:00,52.776448188194294,31647,1.0,599.64,medium,historical_dataset
2022-05-10T00:00:00,22.602898000296513,44134,1.0,1952.58,high,historical_dataset
2022-05-10T00:00:00,49.58722845202067,19384,1.0,390.91,low,historical_dataset
2022-05-10T00:00:00,57.52055091558079,6961,1.0,121.02,low,historical_dataset
2022-05-11T00:00:00,56.51515145933001,24471,1.0,433.0,low,historical_dataset
2022-05-11T00:00:00,37.22464862342473,30318,1.0,814.46,medium,historical_dataset
2022-05-11T00:00:00,39.10460221902078,60655,1.0,1551.1,high,historical_dataset
2022-05-11T00:00:00,37.9383779317793,23617,1.0,622.51,medium,historical_dataset
2022-05-11T00:00:00,37.461704303625716,28174,1.0,752.07,medium,historical_dataset
2022-05-11T00:00:00,58.985322446780685,18957,1.0,321.39,low,historical_dataset
2022-05-11T00:00:00,29.35105080964222,9214,1.0,313.92,low,historical_dataset
2022-05-11T00:00:00,50.51398342778242,7454,1.0,147.56,low,historical_dataset
2022-05-12T00:00:00,31.92710161325282,36038,1.0,1128.76,high,historical_dataset
2022-05-12T00:00:00,26.439989647255555,41356,1.0,1564.15,high,historical_dataset
2022-05-12T00:00:00,39.92971737208976,15194,1.0,380.52,low,historical_dataset
2022-05-12T00:00:00,24.941937783859302,16523,1.0,662.46,medium,historical_dataset
2022-05-12T00:00:00,31.8331651203659,52602,1.0,1652.43,high,historical_dataset
2022-05-12T00:00:00,35.3764737216936,41982,1.0,1186.72,high,historical_dataset
2022-05-12T00:00:00,33.234520260587566,18325,1.0,551.38,medium,historical_dataset
2022-05-12T00:00:00,47.43620021489824,8536,1.0,179.95,low,historical_dataset
2022-05-13T00:00:00,30.915004818437936,37075,1.0,1199.26,high,historical_dataset
2022-05-13T00:00:00,46.97494516564363,57299,1.0,1219.78,high,historical_dataset
2022-05-13T00:00:00,27.385444432361492,59488,1.0,2172.25,high,historical_dataset
2022-05-13T00:00:00,29.13472356342357,15577,1.0,534.65,medium,historical_dataset
2022-05-13T00:00:00,42.217672558611554,41495,1.0,982.88,medium,historical_dataset
2022-05-13T00:00:00,52.15088195332524,54447,1.0,1044.03,high,historical_dataset
2022-05-13T00:00:00,43.56687789318613,32081,1.0,736.36,medium,historical_dataset
2022-05-13T00:00:00,29.329534271939938,17628,1.0,601.03,medium,historical_dataset
2022-05-13T00:00:00,26.435804270386306,28513,1.0,1078.58,high,historical_dataset
2022-05-14T00:00:00,66.04179275116769,22198,1.0,336.12,low,historical_dataset
2022-05-14T00:00:00,47.213048939765564,23166,1.0,490.67,low,historical_dataset
2022-05-14T00:00:00,40.60270477118585,30001,1.0,738.89,medium,historical_dataset
2022-05-14T00:00:00,35.47480938723757,9359,1.0,263.82,low,historical_dataset
2022-05-14T00:00:00,24.230607473348652,25936,1.0,1070.38,high,historical_dataset
2022-05-14T00:00:00,42.170550246356406,21780,1.0,516.47,medium,historical_dataset
2022-05-14T00:00:00,33.35946767243931,25976,1.0,778.67,medium,historical_dataset
2022-05-14T00:00:00,36.332673293396866,23548,1.0,648.12,medium,historical_dataset
2022-05-15T00:00:00,53.22842073216358,22841,1.0,429.11,low,historical_dataset
2022-05-15T00:00:00,49.41488039260352,17173,1.0,347.53,low,historical_dataset
2022-05-15T00:00:00,20.0,32697,1.0,1634.85,high,historical_dataset
2022-05-15T00:00:00,28.306337608812466,27586,1.0,974.55,medium,historical_dataset
2022-05-15T00:00:00,25.69429292243337,55125,1.0,2145.42,high,historical_dataset
2022-05-15T00:00:00,39.0043199385628,50403,1.0,1292.24,high,historical_dataset
2022-05-15T00:00:00,40.280078273766655,14563,1.0,361.54,low,historical_dataset
2022-05-15T00:00:00,35.533279658494386,28319,1.0,796.97,medium,historical_dataset
2022-05-15T00:00:00,52.4958257137363,17601,1.0,335.28,low,historical_dataset
2022-05-15T00:00:00,47.24816736691475,5435,1.0,115.03,low,historical_dataset
2022-05-16T00:00:00,54.37562720390904,51625,1.0,949.41,medium,historical_dataset
2022-05-16T00:00:00,44.31561631175173,11859,1.0,267.6,low,historical_dataset
2022-05-16T00:00:00,28.470654376270403,22157,1.0,778.24,medium,historical_dataset
2022-05-16T00:00:00,38.64711773208485,49598,1.0,1283.36,high,historical_dataset
2022-05-16T00:00:00,41.51386712186838,39845,1.0,959.8,medium,historical_dataset
2022-05-16T00:00:00,37.04824987586166,13839,1.0,373.54,low,historical_dataset
2022-05-16T00:00:00,47.968796713609954,32772,1.0,683.19,medium,historical_dataset
2022-05-17T00:00:00,23.20826781263691,31178,1.0,1343.4,high,historical_dataset
2022-05-17T00:00:00,36.814751943499346,14877,1.0,404.1,low,historical_dataset
2022-05-17T00:00:00,42.070588584012036,50672,1.0,1204.45,high,historical_dataset
2022-05-17T00:00:00,27.785592501697945,55635,1.0,2002.3,high,historical_dataset
2022-05-17T00:00:00,35.730821309274496,30488,1.0,853.27,medium,historical_dataset
2022-05-17T00:00:00,34.80151512516476,17758,1.0,510.27,medium,historical_dataset
2022-05-17T00:00:00,41.507705245846324,18575,1.0,447.51,low,historical_dataset
2022-05-17T00:00:00,51.88108024404269,16193,1.0,312.12,low,historical_dataset
2022-05-18T00:00:00,37.789230971674435,49780,1.0,1317.31,high,historical_dataset
2022-05-18T00:00:00,30.103903876489973,16523,1.0,548.87,medium,historical_dataset
2022-05-18T00:00:00,55.332990000544214,22540,1.0,407.35,low,historical_dataset
2022-05-18T00:00:00,58.599002133108435,43310,1.0,739.09,medium,historical_dataset
2022-05-18T00:00:00,46.93655316631493,19015,1.0,405.12,low,historical_dataset
2022-05-18T00:00:00,44.94518116028477,29377,1.0,653.62,medium,historical_dataset
2022-05-18T00:00:00,43.94290528046484,35575,1.0,809.57,medium,historical_dataset
2022-05-18T00:00:00,33.141943899002214,26320,1.0,794.16,medium,historical_dataset
2022-05-19T00:00:00,48.4648059555603,34525,1.0,712.37,medium,historical_dataset
2022-05-19T00:00:00,40.1486117993516,46721,1.0,1163.7,high,historical_dataset
2022-05-19T00:00:00,34.385270270763726,13591,1.0,395.26,low,historical_dataset
2022-05-19T00:00:00,54.4433685479671,16086,1.0,295.46,low,historical_dataset
2022-05-19T00:00:00,37.06538530368842,21032,1.0,567.43,medium,historical_dataset
2022-05-19T00:00:00,28.572846778897357,42380,1.0,1483.23,high,historical_dataset
2022-05-19T00:00:00,40.95771996610703,39479,1.0,963.9,medium,historical_dataset
2022-05-19T00:00:00,55.6418395292862,17304,1.0,310.99,low,historical_dataset
2022-05-19T00:00:00,56.651571238945216,14915,1.0,263.28,low,historical_dataset
2022-05-20T00:00:00,42.798745284307934,45393,1.0,1060.62,high,historical_dataset
2022-05-20T00:00:00,45.99229623381073,21303,1.0,463.19,low,historical_dataset
2022-05-20T00:00:00,41.95599059881499,19892,1.0,474.12,low,historical_dataset
2022-05-20T00:00:00,43.44796087133242,14529,1.0,334.4,low,historical_dataset
2022-05-20T00:00:00,33.406414252435354,47068,1.0,1408.95,high,historical_dataset
2022-05-20T00:00:00,35.74681639454239,42878,1.0,1199.49,high,historical_dataset
2022-05-20T00:00:00,28.06303282911299,38289,1.0,1364.39,high,historical_dataset
2022-05-20T00:00:00,24.124859863823204,26019,1.0,1078.51,high,historical_dataset
2022-05-20T00:00:00,42.42725109857047,12596,1.0,296.88,low,historical_dataset
2022-05-21T00:00:00,35.12390076194008,25966,1.0,739.27,medium,historical_dataset
2022-05-21T00:00:00,32.46666258513256,29655,1.0,913.4,medium,historical_dataset
2022-05-21T00:00:00,26.208360545634935,48220,1.0,1839.87,high,historical_dataset
2022-05-21T00:00:00,31.02785754075409,10947,1.0,352.81,low,historical_dataset
2022-05-21T00:00:00,28.541510117059815,37674,1.0,1319.97,high,historical_dataset
2022-05-21T00:00:00,34.190120905978326,49801,1.0,1456.59,high,historical_dataset
2022-05-21T00:00:00,37.012129708598124,30208,1.0,816.16,medium,historical_dataset
2022-05-21T00:00:00,37.61142498690806,22700,1.0,603.54,medium,historical_dataset
2022-05-22T00:00:00,44.3324082182267,24370,1.0,549.71,medium,historical_dataset
2022-05-22T00:00:00,42.342487591121554,22535,1.0,532.21,medium,historical_dataset
2022-05-22T00:00:00,39.76010800065626,39668,1.0,997.68,medium,historical_dataset
2022-05-22T00:00:00,35.10939742575924,46507,1.0,1324.63,high,historical_dataset
2022-05-22T00:00:00,30.010212569441144,33806,1.0,1126.48,high,historical_dataset
2022-05-22T00:00:00,45.61097635289099,17478,1.0,383.2,low,historical_dataset
2022-05-22T00:00:00,48.13412052663848,13984,1.0,290.52,low,historical_dataset
2022-05-23T00:00:00,23.364601594437815,38115,1.0,1631.31,high,historical_dataset
2022-05-23T00:00:00,33.5717336140485,33825,1.0,1007.54,high,historical_dataset
2022-05-23T00:00:00,36.749881015938136,22824,1.0,621.06,medium,historical_dataset
2022-05-23T00:00:00,52.06882921266652,22301,1.0,428.3,low,historical_dataset
2022-05-23T00:00:00,45.541831646373076,45206,1.0,992.63,medium,historical_dataset
2022-05-23T00:00:00,27.02258501543514,48953,1.0,1811.56,high,historical_dataset
2022-05-23T00:00:00,54.29189561547711,7977,1.0,146.93,low,historical_dataset
2022-05-23T00:00:00,38.15702020596133,11516,1.0,301.81,low,historical_dataset
2022-05-23T00:00:00,43.181755254714744,28143,1.0,651.73,medium,historical_dataset
2022-05-23T00:00:00,45.42006994360268,29009,1.0,638.68,medium,historical_dataset
2022-05-23T00:00:00,35.410973519104495,27239,1.0,769.22,medium,historical_dataset
2022-05-23T00:00:00,44.367047411342014,20862,1.0,470.21,low,historical_dataset
2022-05-24T00:00:00,20.0,29697,1.0,1484.85,high,historical_dataset
2022-05-24T00:00:00,34.6877704117613,48449,1.0,1396.72,high,historical_dataset
2022-05-24T00:00:00,60.93385745449352,25240,1.0,414.22,low,historical_dataset
2022-05-24T00:00:00,34.63058813532502,49536,1.0,1430.41,high,historical_dataset
2022-05-24T00:00:00,32.9727997056333,45300,1.0,1373.86,high,historical_dataset
2022-05-24T00:00:00,44.81833118594545,24642,1.0,549.82,medium,historical_dataset
2022-05-24T00:00:00,27.51286962581278,11827,1.0,429.87,low,historical_dataset
2022-05-24T00:00:00,31.61072368650857,25397,1.0,803.43,medium,historical_dataset
2022-05-24T00:00:00,37.23635978537445,16468,1.0,442.26,low,historical_dataset
2022-05-24T00:00:00,40.748307500486405,32561,1.0,799.08,medium,historical_dataset
2022-05-24T00:00:00,20.0,37538,1.0,1876.9,high,historical_dataset
2022-05-24T00:00:00,78.76633908627281,22857,1.0,290.19,low,historical_dataset
2022-05-24T00:00:00,46.2728112343207,30781,1.0,665.21,medium,historical_dataset
2022-05-25T00:00:00,44.4890537039672,45943,1.0,1032.68,high,historical_dataset
2022-05-25T00:00:00,40.88171402675298,21754,1.0,532.12,medium,historical_dataset
2022-05-25T00:00:00,44.88095983576687,49598,1.0,1105.1,high,historical_dataset
2022-05-25T00:00:00,46.07311669340774,33254,1.0,721.77,medium,historical_dataset
2022-05-25T00:00:00,39.46732341313239,24535,1.0,621.65,medium,historical_dataset
2022-05-25T00:00:00,44.176694499827946,17931,1.0,405.89,low,historical_dataset
2022-05-26T00:00:00,74.42331010806686,26324,1.0,353.71,low,historical_dataset
2022-05-26T00:00:00,37.90795807229757,40716,1.0,1074.08,high,historical_dataset
2022-05-26T00:00:00,31.63668110784555,15169,1.0,479.48,low,historical_dataset
2022-05-26T00:00:00,29.63905657581801,39236,1.0,1323.79,high,historical_dataset
2022-05-26T00:00:00,35.46249062065502,40831,1.0,1151.39,high,historical_dataset
2022-05-26T00:00:00,45.90110429231086,18011,1.0,392.39,low,historical_dataset
2022-05-26T00:00:00,34.24507628553663,30123,1.0,879.63,medium,historical_dataset
2022-05-26T00:00:00,36.56799735711336,23609,1.0,645.62,medium,historical_dataset
2022-05-27T00:00:00,20.0,34959,1.0,1747.95,high,historical_dataset
2022-05-27T00:00:00,43.29223585637112,33490,1.0,773.58,medium,historical_dataset
2022-05-27T00:00:00,44.52402754881493,23015,1.0,516.91,medium,historical_dataset
2022-05-27T00:00:00,32.3783607987486,53977,1.0,1667.07,high,historical_dataset
2022-05-27T00:00:00,31.17505339936971,45103,1.0,1446.77,high,historical_dataset
2022-05-27T00:00:00,27.89659763330905,38377,1.0,1375.69,high,historical_dataset
2022-05-27T00:00:00,29.14793103096399,30709,1.0,1053.56,high,historical_dataset
2022-05-27T00:00:00,38.38774823899609,35392,1.0,921.96,medium,historical_dataset
2022-05-27T00:00:00,46.04263067260668,36986,1.0,803.3,medium,historical_dataset
2022-05-27T00:00:00,46.021953187712,29892,1.0,649.52,medium,historical_dataset
2022-05-28T00:00:00,26.318249807273347,25210,1.0,957.89,medium,historical_dataset
2022-05-28T00:00:00,27.58430349748875,10466,1.0,379.42,low,historical_dataset
2022-05-28T00:00:00,38.15090233469574,26736,1.0,700.8,medium,historical_dataset
2022-05-28T00:00:00,48.15309626770591,14343,1.0,297.86,low,historical_dataset
2022-05-28T00:00:00,28.421141493126306,31193,1.0,1097.53,high,historical_dataset
2022-05-28T00:00:00,25.165802076590232,62146,1.0,2469.46,high,historical_dataset
2022-05-28T00:00:00,37.72914115233256,42494,1.0,1126.29,high,historical_dataset
2022-05-28T00:00:00,47.56770597473334,41994,1.0,882.83,medium,historical_dataset
2022-05-29T00:00:00,28.886343526356697,38799,1.0,1343.16,high,historical_dataset
2022-05-29T00:00:00,51.61778479579289,24813,1.0,480.71,low,historical_dataset
2022-05-29T00:00:00,42.0019880235068,15473,1.0,368.39,low,historical_dataset
2022-05-29T00:00:00,54.811478261603,16198,1.0,295.52,low,historical_dataset
2022-05-29T00:00:00,30.515247690110844,30788,1.0,1008.94,high,historical_dataset
2022-05-29T00:00:00,38.29085622315229,13574,1.0,354.5,low,historical_dataset
2022-05-29T00:00:00,55.37075293226572,15359,1.0,277.38,low,historical_dataset
2022-05-29T00:00:00,43.76758061148866,11154,1.0,254.85,low,historical_dataset
2022-05-29T00:00:00,25.040028930386097,26050,1.0,1040.33,high,historical_dataset
2022-05-30T00:00:00,37.31792762625925,39009,1.0,1045.32,high,historical_dataset
2022-05-30T00:00:00,30.627640578416255,51607,1.0,1684.98,high,historical_dataset
2022-05-30T00:00:00,46.79398039180446,24389,1.0,521.2,medium,historical_dataset
2022-05-30T00:00:00,40.567959468277806,34492,1.0,850.23,medium,historical_dataset
2022-05-30T00:00:00,43.587011041944315,17924,1.0,411.22,low,historical_dataset
2022-05-30T00:00:00,47.78745754130064,24267,1.0,507.81,medium,historical_dataset
2022-05-30T00:00:00,35.00071867058863,32783,1.0,936.64,medium,historical_dataset
2022-05-30T00:00:00,41.72452775386156,26148,1.0,626.68,medium,historical_dataset
2022-05-31T00:00:00,47.03710535395099,38325,1.0,814.78,medium,historical_dataset
2022-05-31T00:00:00,33.49207525039573,38050,1.0,1136.09,high,historical_dataset
2022-05-31T00:00:00,29.75107434363515,30724,1.0,1032.7,high,historical_dataset
2022-05-31T00:00:00,33.02146254674089,10601,1.0,321.03,low,historical_dataset
2022-05-31T00:00:00,52.10775777694387,38131,1.0,731.77,medium,historical_dataset
2022-05-31T00:00:00,32.38332511754359,44521,1.0,1374.81,high,historical_dataset
2022-05-31T00:00:00,45.69443275556023,37195,1.0,813.99,medium,historical_dataset
2022-05-31T00:00:00,46.19984383838132,10077,1.0,218.12,low,historical_dataset
2022-05-31T00:00:00,32.60626057551262,41812,1.0,1282.33,high,historical_dataset
2022-05-31T00:00:00,45.44206174880453,14614,1.0,321.6,low,historical_dataset
2022-05-31T00:00:00,47.422581566202865,13296,1.0,280.37,low,historical_dataset
2022-06-01T00:00:00,47.139423010789784,23207,1.0,492.31,low,historical_dataset
2022-06-01T00:00:00,51.76021458759929,46932,1.0,906.72,medium,historical_dataset
2022-06-01T00:00:00,29.32804848984899,31569,1.0,1076.41,high,historical_dataset
2022-06-01T00:00:00,35.36500939483948,21458,1.0,606.76,medium,historical_dataset
2022-06-01T00:00:00,35.62955314808237,9035,1.0,253.58,low,historical_dataset
2022-06-01T00:00:00,35.30585296202751,32687,1.0,925.82,medium,historical_dataset
2022-06-01T00:00:00,45.93365192931595,9417,1.0,205.01,low,historical_dataset
2022-06-01T00:00:00,35.79178462974973,40201,1.0,1123.19,high,historical_dataset
2022-06-02T00:00:00,20.4306245447927,35247,1.0,1725.2,high,historical_dataset
2022-06-02T00:00:00,20.0,36395,1.0,1819.75,high,historical_dataset
2022-06-02T00:00:00,29.532418519879464,34267,1.0,1160.32,high,historical_dataset
2022-06-02T00:00:00,49.238836901560674,52151,1.0,1059.14,high,historical_dataset
2022-06-02T00:00:00,46.39223398463616,15472,1.0,333.5,low,historical_dataset
2022-06-02T00:00:00,45.73841827951602,26128,1.0,571.25,medium,historical_dataset
2022-06-02T00:00:00,31.773922271983537,55499,1.0,1746.68,high,historical_dataset
2022-06-02T00:00:00,62.59022015203721,24390,1.0,389.68,low,historical_dataset
2022-06-03T00:00:00,48.77209807148872,47439,1.0,972.67,medium,historical_dataset
2022-06-03T00:00:00,62.41922531893938,22317,1.0,357.53,low,historical_dataset
2022-06-03T00:00:00,31.645347065518813,8718,1.0,275.49,low,historical_dataset
2022-06-03T00:00:00,60.7861539047863,23954,1.0,394.07,low,historical_dataset
2022-06-03T00:00:00,27.744816955580845,42799,1.0,1542.59,high,historical_dataset
2022-06-03T00:00:00,42.875193648130114,17304,1.0,403.59,low,historical_dataset
2022-06-03T00:00:00,25.140535270360882,41081,1.0,1634.05,high,historical_dataset
2022-06-03T00:00:00,58.399963219324476,34505,1.0,590.84,medium,historical_dataset
2022-06-03T00:00:00,39.19022985925354,17251,1.0,440.19,low,historical_dataset
2022-06-03T00:00:00,52.27179315803558,9181,1.0,175.64,low,historical_dataset
2022-06-03T00:00:00,27.928194609400467,27999,1.0,1002.54,high,historical_dataset
2022-06-04T00:00:00,21.43175849446763,51835,1.0,2418.61,high,historical_dataset
2022-06-04T00:00:00,60.58626516962815,20001,1.0,330.12,low,historical_dataset
2022-06-04T00:00:00,31.63679628170479,45446,1.0,1436.49,high,historical_dataset
2022-06-04T00:00:00,36.4765184053745,63572,1.0,1742.82,high,historical_dataset
2022-06-04T00:00:00,41.47954644628316,22687,1.0,546.94,medium,historical_dataset
2022-06-04T00:00:00,61.73719767482647,12131,1.0,196.49,low,historical_dataset
2022-06-04T00:00:00,41.80302892060476,41231,1.0,986.32,medium,historical_dataset
2022-06-04T00:00:00,56.92769001647097,18317,1.0,321.76,low,historical_dataset
2022-06-04T00:00:00,20.0,42237,1.0,2111.85,high,historical_dataset
2022-06-04T00:00:00,59.19346232227513,21042,1.0,355.48,low,historical_dataset
2022-06-05T00:00:00,42.848253685484934,27483,1.0,641.4,medium,historical_dataset
2022-06-05T00:00:00,58.97918914591765,23498,1.0,398.41,low,historical_dataset
2022-06-05T00:00:00,29.83793868643536,29380,1.0,984.65,medium,historical_dataset
2022-06-05T00:00:00,35.8543868521991,45175,1.0,1259.96,high,historical_dataset
2022-06-05T00:00:00,43.61927553596736,36525,1.0,837.36,medium,historical_dataset
2022-06-05T00:00:00,40.422538030110275,23356,1.0,577.8,medium,historical_dataset
2022-06-05T00:00:00,46.76637548616744,35756,1.0,764.57,medium,historical_dataset
2022-06-05T00:00:00,40.40868445211916,36512,1.0,903.57,medium,historical_dataset
2022-06-06T00:00:00,32.92544318563195,22044,1.0,669.51,medium,historical_dataset
2022-06-06T00:00:00,49.01069355627171,36454,1.0,743.8,medium,historical_dataset
2022-06-06T00:00:00,28.28502486052514,27073,1.0,957.15,medium,historical_dataset
2022-06-06T00:00:00,24.130863050832875,42418,1.0,1757.83,high,historical_dataset
2022-06-06T00:00:00,35.92716902438869,26845,1.0,747.21,medium,historical_dataset
2022-06-06T00:00:00,52.69536914494699,12789,1.0,242.7,low,historical_dataset
2022-06-06T00:00:00,48.87223067918211,8604,1.0,176.05,low,historical_dataset
2022-06-07T00:00:00,24.11924327285633,36859,1.0,1528.2,high,historical_dataset
2022-06-07T00:00:00,37.22058058526783,31519,1.0,846.82,medium,historical_dataset
2022-06-07T00:00:00,35.53452165760636,34723,1.0,977.16,medium,historical_dataset
2022-06-07T00:00:00,33.04995235099101,47296,1.0,1431.05,high,historical_dataset
2022-06-07T00:00:00,51.025353655868656,15540,1.0,304.55,low,historical_dataset
2022-06-07T00:00:00,47.16356534591288,23022,1.0,488.13,low,historical_dataset
2022-06-07T00:00:00,22.78214988535327,40715,1.0,1787.14,high,historical_dataset
2022-06-07T00:00:00,41.77930175146355,24140,1.0,577.8,medium,historical_dataset
2022-06-07T00:00:00,50.29883488405151,28548,1.0,567.57,medium,historical_dataset
2022-06-07T00:00:00,59.003058073742785,9292,1.0,157.48,low,historical_dataset
2022-06-07T00:00:00,36.839358115082376,17958,1.0,487.47,low,historical_dataset
2022-06-07T00:00:00,43.47455052362882,9395,1.0,216.1,low,historical_dataset
2022-06-08T00:00:00,35.43804556607215,43089,1.0,1215.9,high,historical_dataset
2022-06-08T00:00:00,35.58244360659381,44466,1.0,1249.66,high,historical_dataset
2022-06-08T00:00:00,35.196530018485404,29130,1.0,827.64,medium,historical_dataset
2022-06-08T00:00:00,43.65985332962196,39832,1.0,912.33,medium,historical_dataset
2022-06-08T00:00:00,36.8056093819747,25557,1.0,694.38,medium,historical_dataset
2022-06-08T00:00:00,52.69457310802903,21102,1.0,400.46,low,historical_dataset
2022-06-08T00:00:00,39.99792675478998,30738,1.0,768.49,medium,historical_dataset
2022-06-08T00:00:00,42.21535286281615,6552,1.0,155.2,low,historical_dataset
2022-06-09T00:00:00,64.32963175468534,23420,1.0,364.06,low,historical_dataset
2022-06-09T00:00:00,39.16396258743897,27215,1.0,694.9,medium,historical_dataset
2022-06-09T00:00:00,50.62889819678176,65770,1.0,1299.06,high,historical_dataset
2022-06-09T00:00:00,31.186871656053995,23708,1.0,760.19,medium,historical_dataset
2022-06-09T00:00:00,20.0,43017,1.0,2150.85,high,historical_dataset
2022-06-10T00:00:00,22.44531990307583,53060,1.0,2363.97,high,historical_dataset
2022-06-10T00:00:00,40.571024469361404,45182,1.0,1113.65,high,historical_dataset
2022-06-10T00:00:00,36.41638128135651,42613,1.0,1170.16,high,historical_dataset
2022-06-10T00:00:00,22.962146738043806,28383,1.0,1236.08,high,historical_dataset
2022-06-10T00:00:00,45.88309013284357,14345,1.0,312.64,low,historical_dataset
2022-06-10T00:00:00,56.85314676598738,20940,1.0,368.32,low,historical_dataset
2022-06-10T00:00:00,40.67241706806904,34266,1.0,842.49,medium,historical_dataset
2022-06-10T00:00:00,60.98287560484038,20505,1.0,336.24,low,historical_dataset
2022-06-10T00:00:00,66.284677685016,22987,1.0,346.79,low,historical_dataset
2022-06-10T00:00:00,44.150926764646464,14123,1.0,319.88,low,historical_dataset
2022-06-11T00:00:00,30.25958859562276,35179,1.0,1162.57,high,historical_dataset
2022-06-11T00:00:00,29.830717391378315,49200,1.0,1649.31,high,historical_dataset
2022-06-11T00:00:00,43.94657451692005,25025,1.0,569.44,medium,historical_dataset
2022-06-11T00:00:00,53.84969712415317,45680,1.0,848.29,medium,historical_dataset
2022-06-11T00:00:00,23.646036591737793,43087,1.0,1822.17,high,historical_dataset
2022-06-11T00:00:00,46.67724049637959,13630,1.0,292.01,low,historical_dataset
2022-06-11T00:00:00,54.0271314828497,13708,1.0,253.72,low,historical_dataset
2022-06-11T00:00:00,31.72156958950027,41828,1.0,1318.6,high,historical_dataset
2022-06-11T00:00:00,43.10530762789549,36741,1.0,852.35,medium,historical_dataset
2022-06-11T00:00:00,26.92434185272867,42527,1.0,1579.5,high,historical_dataset
2022-06-11T00:00:00,37.27787424661442,19687,1.0,528.11,medium,historical_dataset
2022-06-12T00:00:00,32.56577247446051,36913,1.0,1133.49,high,historical_dataset
2022-06-12T00:00:00,36.05111977120373,37405,1.0,1037.55,high,historical_dataset
2022-06-12T00:00:00,24.035583560589874,33274,1.0,1384.36,high,historical_dataset
2022-06-12T00:00:00,20.0,42892,1.0,2144.6,high,historical_dataset
2022-06-12T00:00:00,26.589381459972607,30714,1.0,1155.12,high,historical_dataset
2022-06-12T00:00:00,33.508166325963344,17914,1.0,534.62,medium,historical_dataset
2022-06-12T00:00:00,47.17739603644375,40334,1.0,854.94,medium,historical_dataset
2022-06-12T00:00:00,21.858360173275315,14379,1.0,657.83,medium,historical_dataset
2022-06-12T00:00:00,34.26892585901323,8570,1.0,250.08,low,historical_dataset
2022-06-12T00:00:00,37.54987797990804,19908,1.0,530.17,medium,historical_dataset
2022-06-12T00:00:00,43.04504186078554,24075,1.0,559.3,medium,historical_dataset
2022-06-13T00:00:00,35.497612788547684,12847,1.0,361.91,low,historical_dataset
2022-06-13T00:00:00,42.224091679624486,33920,1.0,803.33,medium,historical_dataset
2022-06-13T00:00:00,51.28378380391216,20684,1.0,403.32,low,historical_dataset
2022-06-13T00:00:00,38.24743320351095,32418,1.0,847.59,medium,historical_dataset
2022-06-13T00:00:00,34.20432951013863,31760,1.0,928.54,medium,historical_dataset
2022-06-13T00:00:00,27.400480739278702,20674,1.0,754.51,medium,historical_dataset
2022-06-13T00:00:00,20.0,26149,1.0,1307.45,high,historical_dataset
2022-06-13T00:00:00,34.1839807565294,56559,1.0,1654.55,high,historical_dataset
2022-06-13T00:00:00,48.030162924749625,22762,1.0,473.91,low,historical_dataset
2022-06-13T00:00:00,51.59458524439355,18534,1.0,359.22,low,historical_dataset
2022-06-14T00:00:00,49.234379234442336,45022,1.0,914.44,medium,historical_dataset
2022-06-14T00:00:00,40.64514442494071,44114,1.0,1085.34,high,historical_dataset
2022-06-14T00:00:00,38.13780373161114,36227,1.0,949.9,medium,historical_dataset
2022-06-14T00:00:00,46.684507699324946,12497,1.0,267.69,low,historical_dataset
2022-06-14T00:00:00,21.455103826376494,35975,1.0,1676.76,high,historical_dataset
2022-06-14T00:00:00,38.11395357412019,25719,1.0,674.79,medium,historical_dataset
2022-06-14T00:00:00,54.79333618383878,43242,1.0,789.18,medium,historical_dataset
2022-06-14T00:00:00,47.63028069816903,27017,1.0,567.22,medium,historical_dataset
2022-06-14T00:00:00,20.0,26718,1.0,1335.9,high,historical_dataset
2022-06-15T00:00:00,55.61396043268765,21497,1.0,386.54,low,historical_dataset
2022-06-15T00:00:00,46.15876742553284,11348,1.0,245.85,low,historical_dataset
2022-06-15T00:00:00,34.47165129345535,23465,1.0,680.7,medium,historical_dataset
2022-06-15T00:00:00,31.98486355461305,45897,1.0,1434.96,high,historical_dataset
2022-06-15T00:00:00,28.876423690746265,15096,1.0,522.78,medium,historical_dataset
2022-06-15T00:00:00,37.3628009395305,37432,1.0,1001.85,high,historical_dataset
2022-06-15T00:00:00,45.464119671796865,36886,1.0,811.32,medium,historical_dataset
2022-06-15T00:00:00,35.16591919364428,33718,1.0,958.83,medium,historical_dataset
2022-06-15T00:00:00,46.33593243565257,20862,1.0,450.23,low,historical_dataset
2022-06-15T00:00:00,24.692480324897296,33081,1.0,1339.72,high,historical_dataset
2022-06-16T00:00:00,21.289048137639128,35829,1.0,1682.98,high,historical_dataset
2022-06-16T00:00:00,50.530597700421154,32295,1.0,639.12,medium,historical_dataset
2022-06-16T00:00:00,41.44977489937168,9085,1.0,219.18,low,historical_dataset
2022-06-16T00:00:00,20.0,28358,1.0,1417.9,high,historical_dataset
2022-06-16T00:00:00,26.473396760276465,15821,1.0,597.62,medium,historical_dataset
2022-06-16T00:00:00,28.405396214754095,45776,1.0,1611.52,high,historical_dataset
2022-06-16T00:00:00,51.956098601292396,34426,1.0,662.6,medium,historical_dataset
2022-06-16T00:00:00,31.470357692577956,29800,1.0,946.92,medium,historical_dataset
2022-06-16T00:00:00,61.36643724807389,8341,1.0,135.92,low,historical_dataset
2022-06-17T00:00:00,42.88497993149793,24363,1.0,568.1,medium,historical_dataset
2022-06-17T00:00:00,32.718462955685034,21313,1.0,651.41,medium,historical_dataset
2022-06-17T00:00:00,47.77374038513223,38935,1.0,814.99,medium,historical_dataset
2022-06-17T00:00:00,20.0,47252,1.0,2362.6,high,historical_dataset
2022-06-17T00:00:00,38.548401555702974,32116,1.0,833.13,medium,historical_dataset
2022-06-17T00:00:00,40.75749218316699,49571,1.0,1216.24,high,historical_dataset
2022-06-17T00:00:00,37.60203789376414,27071,1.0,719.93,medium,historical_dataset
2022-06-17T00:00:00,31.956682510880313,9914,1.0,310.23,low,historical_dataset
2022-06-17T00:00:00,36.793185011598034,27586,1.0,749.76,medium,historical_dataset
2022-06-17T00:00:00,29.99008730269583,26456,1.0,882.16,medium,historical_dataset
2022-06-18T00:00:00,22.89284200422546,40783,1.0,1781.47,high,historical_dataset
2022-06-18T00:00:00,43.55001634710222,41105,1.0,943.86,medium,historical_dataset
2022-06-18T00:00:00,45.4819217725983,22567,1.0,496.18,low,historical_dataset
2022-06-18T00:00:00,31.82715084141116,31354,1.0,985.13,medium,historical_dataset
2022-06-18T00:00:00,43.61418359876257,30294,1.0,694.59,medium,historical_dataset
2022-06-18T00:00:00,44.697872732157165,5916,1.0,132.36,low,historical_dataset
2022-06-18T00:00:00,41.20338576744101,30693,1.0,744.91,medium,historical_dataset
2022-06-18T00:00:00,28.398359133864403,39269,1.0,1382.79,high,historical_dataset
2022-06-18T00:00:00,28.326903945290415,25355,1.0,895.09,medium,historical_dataset
2022-06-18T00:00:00,58.441056937544545,11136,1.0,190.55,low,historical_dataset
2022-06-18T00:00:00,41.619395840707995,41555,1.0,998.45,medium,historical_dataset
2022-06-18T00:00:00,58.67429574261129,23733,1.0,404.49,low,historical_dataset
2022-06-19T00:00:00,25.132263818264732,48190,1.0,1917.46,high,historical_dataset
2022-06-19T00:00:00,35.94743840223557,23997,1.0,667.56,medium,historical_dataset
2022-06-19T00:00:00,30.921010754563518,30553,1.0,988.1,medium,historical_dataset
2022-06-19T00:00:00,56.00391824055466,23145,1.0,413.27,low,historical_dataset
2022-06-19T00:00:00,29.52458603554895,42820,1.0,1450.32,high,historical_dataset
2022-06-19T00:00:00,44.96581295274622,28551,1.0,634.95,medium,historical_dataset
2022-06-19T00:00:00,25.8260801473672,34221,1.0,1325.06,high,historical_dataset
2022-06-19T00:00:00,31.733665980624114,28038,1.0,883.54,medium,historical_dataset
2022-06-19T00:00:00,29.4372093512959,32086,1.0,1089.98,high,historical_dataset
2022-06-19T00:00:00,42.56097051399158,21369,1.0,502.08,medium,historical_dataset
2022-06-20T00:00:00,30.8373973645035,34662,1.0,1124.02,high,historical_dataset
2022-06-20T00:00:00,47.524485549536635,20972,1.0,441.29,low,historical_dataset
2022-06-20T00:00:00,53.75214975163386,6611,1.0,122.99,low,historical_dataset
2022-06-20T00:00:00,37.71340858966218,21309,1.0,565.02,medium,historical_dataset
2022-06-20T00:00:00,23.505845263053022,64796,1.0,2756.59,high,historical_dataset
2022-06-20T00:00:00,24.39115744300416,45083,1.0,1848.33,high,historical_dataset
2022-06-20T00:00:00,45.728416046356664,16821,1.0,367.85,low,historical_dataset
2022-06-20T00:00:00,37.378579340280076,25498,1.0,682.16,medium,historical_dataset
2022-06-20T00:00:00,31.480452707442733,26161,1.0,831.02,medium,historical_dataset
2022-06-20T00:00:00,20.0,37438,1.0,1871.9,high,historical_dataset
2022-06-20T00:00:00,20.12822185449967,30300,1.0,1505.35,high,historical_dataset
2022-06-20T00:00:00,66.31828467799029,15901,1.0,239.77,low,historical_dataset
2022-06-20T00:00:00,46.23354792207164,17399,1.0,376.33,low,historical_dataset
2022-06-21T00:00:00,27.647856215974663,50507,1.0,1826.8,high,historical_dataset
2022-06-21T00:00:00,32.24147285362255,31619,1.0,980.69,medium,historical_dataset
2022-06-21T00:00:00,20.93857558017099,28662,1.0,1368.86,high,historical_dataset
2022-06-21T00:00:00,27.611235036443876,50455,1.0,1827.34,high,historical_dataset
2022-06-21T00:00:00,61.25858395317998,26379,1.0,430.62,low,historical_dataset
2022-06-21T00:00:00,39.740419565616584,26329,1.0,662.52,medium,historical_dataset
2022-06-21T00:00:00,56.56761982464312,17113,1.0,302.52,low,historical_dataset
2022-06-21T00:00:00,39.69458828865042,27333,1.0,688.58,medium,historical_dataset
2022-06-21T00:00:00,26.630168387748544,8885,1.0,333.64,low,historical_dataset
2022-06-22T00:00:00,30.38301284412416,33610,1.0,1106.21,high,historical_dataset
2022-06-22T00:00:00,33.202016474947044,25893,1.0,779.86,medium,historical_dataset
2022-06-22T00:00:00,43.25855579620129,31933,1.0,738.19,medium,historical_dataset
2022-06-22T00:00:00,37.517852456754994,44464,1.0,1185.14,high,historical_dataset
2022-06-22T00:00:00,27.36151337266041,47983,1.0,1753.67,high,historical_dataset
2022-06-22T00:00:00,47.68535930244575,16045,1.0,336.48,low,historical_dataset
2022-06-22T00:00:00,37.0341371241408,24159,1.0,652.34,medium,historical_dataset
2022-06-22T00:00:00,39.03446290012298,63389,1.0,1623.92,high,historical_dataset
2022-06-22T00:00:00,55.561640438100355,16188,1.0,291.35,low,historical_dataset
2022-06-23T00:00:00,49.15005752824045,25484,1.0,518.49,medium,historical_dataset
2022-06-23T00:00:00,45.25493586266253,31893,1.0,704.74,medium,historical_dataset
2022-06-23T00:00:00,37.230087883064556,17574,1.0,472.04,low,historical_dataset
2022-06-23T00:00:00,31.622308849089702,65333,1.0,2066.04,high,historical_dataset
2022-06-23T00:00:00,37.906507541731585,22102,1.0,583.07,medium,historical_dataset
2022-06-23T00:00:00,49.35648285418667,52072,1.0,1055.02,high,historical_dataset
2022-06-23T00:00:00,27.1690453536131,22671,1.0,834.44,medium,historical_dataset
2022-06-23T00:00:00,30.760196661790328,7215,1.0,234.56,low,historical_dataset
2022-06-23T00:00:00,39.29890148999504,10564,1.0,268.81,low,historical_dataset
2022-06-24T00:00:00,54.53348255236062,19998,1.0,366.71,low,historical_dataset
2022-06-24T00:00:00,51.71796945186248,13333,1.0,257.8,low,historical_dataset
2022-06-24T00:00:00,29.810429173565225,30858,1.0,1035.14,high,historical_dataset
2022-06-24T00:00:00,44.149506585392494,45662,1.0,1034.26,high,historical_dataset
2022-06-24T00:00:00,39.410541128156446,49110,1.0,1246.11,high,historical_dataset
2022-06-24T00:00:00,27.635899895419037,41106,1.0,1487.41,high,historical_dataset
2022-06-24T00:00:00,29.351199532752464,30467,1.0,1038.02,high,historical_dataset
2022-06-24T00:00:00,33.413449026770834,8106,1.0,242.6,low,historical_dataset
2022-06-24T00:00:00,39.41104484367021,29276,1.0,742.84,medium,historical_dataset
2022-06-25T00:00:00,35.94961489153122,36912,1.0,1026.77,high,historical_dataset
2022-06-25T00:00:00,57.11535409943589,38935,1.0,681.69,medium,historical_dataset
2022-06-25T00:00:00,45.71777826237693,20262,1.0,443.2,low,historical_dataset
2022-06-25T00:00:00,36.15435907401312,43171,1.0,1194.07,high,historical_dataset
2022-06-25T00:00:00,39.73649777413474,42388,1.0,1066.73,high,historical_dataset
2022-06-25T00:00:00,35.92531391741077,53948,1.0,1501.67,high,historical_dataset
2022-06-25T00:00:00,33.79801656412563,33379,1.0,987.6,medium,historical_dataset
2022-06-25T00:00:00,53.97924252666178,21782,1.0,403.53,low,historical_dataset
2022-06-25T00:00:00,46.727211798231124,31933,1.0,683.39,medium,historical_dataset
2022-06-26T00:00:00,45.6306502948812,23093,1.0,506.09,medium,historical_dataset
2022-06-26T00:00:00,34.99176811136098,35604,1.0,1017.5,high,historical_dataset
2022-06-26T00:00:00,24.90070735531426,15167,1.0,609.1,medium,historical_dataset
2022-06-26T00:00:00,37.31276335761543,69874,1.0,1872.66,high,historical_dataset
2022-06-26T00:00:00,39.83535873935668,31665,1.0,794.9,medium,historical_dataset
2022-06-26T00:00:00,32.83620161821766,59219,1.0,1803.47,high,historical_dataset
2022-06-26T00:00:00,40.878175644577084,37180,1.0,909.53,medium,historical_dataset
2022-06-26T00:00:00,49.142668997913916,15539,1.0,316.2,low,historical_dataset
2022-06-26T00:00:00,45.65579444485567,28223,1.0,618.17,medium,historical_dataset
2022-06-26T00:00:00,34.19383635184918,31643,1.0,925.4,medium,historical_dataset
2022-06-26T00:00:00,23.9219147836754,22594,1.0,944.49,medium,historical_dataset
2022-06-27T00:00:00,28.46577621251765,37366,1.0,1312.66,high,historical_dataset
2022-06-27T00:00:00,25.077302868720054,38152,1.0,1521.38,high,historical_dataset
2022-06-27T00:00:00,46.85687308842274,6975,1.0,148.86,low,historical_dataset
2022-06-27T00:00:00,33.49411660591365,45153,1.0,1348.09,high,historical_dataset
2022-06-27T00:00:00,20.0,60175,1.0,3008.75,high,historical_dataset
2022-06-27T00:00:00,36.88344326365875,27972,1.0,758.39,medium,historical_dataset
2022-06-27T00:00:00,38.49766913770714,9254,1.0,240.38,low,historical_dataset
2022-06-27T00:00:00,29.421077400963437,26732,1.0,908.6,medium,historical_dataset
2022-06-28T00:00:00,62.89630696639719,24634,1.0,391.66,low,historical_dataset
2022-06-28T00:00:00,34.92899877784265,29850,1.0,854.59,medium,historical_dataset
2022-06-28T00:00:00,28.998435049911727,59596,1.0,2055.15,high,historical_dataset
2022-06-28T00:00:00,46.34538331008075,36833,1.0,794.75,medium,historical_dataset
2022-06-28T00:00:00,49.147453379682204,47678,1.0,970.1,medium,historical_dataset
2022-06-28T00:00:00,44.77186305952077,20684,1.0,461.99,low,historical_dataset
2022-06-28T00:00:00,51.07935933597025,42237,1.0,826.89,medium,historical_dataset
2022-06-28T00:00:00,44.1406052750317,22386,1.0,507.15,medium,historical_dataset
2022-06-29T00:00:00,41.856590107015684,44583,1.0,1065.14,high,historical_dataset
2022-06-29T00:00:00,33.024070393670534,25795,1.0,781.1,medium,historical_dataset
2022-06-29T00:00:00,44.59875461284889,35054,1.0,785.99,medium,historical_dataset
2022-06-29T00:00:00,36.18264899331517,45998,1.0,1271.27,high,historical_dataset
2022-06-29T00:00:00,30.75088589917158,63748,1.0,2073.05,high,historical_dataset
2022-06-29T00:00:00,42.37786756289917,42886,1.0,1011.99,high,historical_dataset
2022-06-29T00:00:00,20.0,35202,1.0,1760.1,high,historical_dataset
2022-06-29T00:00:00,24.012758232185327,32725,1.0,1362.82,high,historical_dataset
2022-06-29T00:00:00,39.31332186353047,31290,1.0,795.91,medium,historical_dataset
2022-06-29T00:00:00,60.09701819187646,17995,1.0,299.43,low,historical_dataset
2022-06-30T00:00:00,53.26128633822952,24500,1.0,460.0,low,historical_dataset
2022-06-30T00:00:00,34.74128478401049,12286,1.0,353.64,low,historical_dataset
2022-06-30T00:00:00,36.71978700193625,16789,1.0,457.22,low,historical_dataset
2022-06-30T00:00:00,39.57398637836209,65636,1.0,1658.56,high,historical_dataset
2022-06-30T00:00:00,40.83050730963885,42811,1.0,1048.51,high,historical_dataset
2022-06-30T00:00:00,41.51594170495585,17583,1.0,423.52,low,historical_dataset
2022-06-30T00:00:00,53.708620889295474,20655,1.0,384.58,low,historical_dataset
2022-06-30T00:00:00,50.6191760947501,24049,1.0,475.1,low,historical_dataset
2022-06-30T00:00:00,38.77859045427865,15264,1.0,393.62,low,historical_dataset
2022-06-30T00:00:00,28.818881821895012,17402,1.0,603.84,medium,historical_dataset
2022-06-30T00:00:00,41.765804201387404,34346,1.0,822.35,medium,historical_dataset
2022-07-01T00:00:00,32.154111685823196,23806,1.0,740.37,medium,historical_dataset
2022-07-01T00:00:00,31.891261851230453,27083,1.0,849.23,medium,historical_dataset
2022-07-01T00:00:00,38.13935072310166,25989,1.0,681.42,medium,historical_dataset
2022-07-01T00:00:00,43.07547118239081,15794,1.0,366.66,low,historical_dataset
2022-07-01T00:00:00,39.69461681707318,14210,1.0,357.98,low,historical_dataset
2022-07-01T00:00:00,32.42899382189413,28327,1.0,873.51,medium,historical_dataset
2022-07-01T00:00:00,37.34313988611554,36762,1.0,984.44,medium,historical_dataset
2022-07-01T00:00:00,21.108980200808574,37737,1.0,1787.72,high,historical_dataset
2022-07-01T00:00:00,34.384495803276785,30399,1.0,884.09,medium,historical_dataset
2022-07-01T00:00:00,29.898806149590104,27846,1.0,931.34,medium,historical_dataset
2022-07-02T00:00:00,38.47410477695102,39984,1.0,1039.24,high,historical_dataset
2022-07-02T00:00:00,57.464800012775775,15757,1.0,274.2,low,historical_dataset
2022-07-02T00:00:00,27.71835099861702,62526,1.0,2255.76,high,historical_dataset
2022-07-02T00:00:00,20.304461718291954,14581,1.0,718.12,medium,historical_dataset
2022-07-02T00:00:00,41.68238608239461,54248,1.0,1301.46,high,historical_dataset
2022-07-02T00:00:00,38.39507768372794,35471,1.0,923.84,medium,historical_dataset
2022-07-02T00:00:00,29.678175839185446,19606,1.0,660.62,medium,historical_dataset
2022-07-02T00:00:00,38.606801702074684,17673,1.0,457.77,low,historical_dataset
2022-07-03T00:00:00,29.897502102714697,32561,1.0,1089.09,high,historical_dataset
2022-07-03T00:00:00,43.433834529907315,34348,1.0,790.81,medium,historical_dataset
2022-07-03T00:00:00,30.5580269685723,26646,1.0,871.98,medium,historical_dataset
2022-07-03T00:00:00,41.33391905247099,8876,1.0,214.74,low,historical_dataset
2022-07-03T00:00:00,20.0,40524,1.0,2026.2,high,historical_dataset
2022-07-03T00:00:00,43.45482284145223,29615,1.0,681.51,medium,historical_dataset
2022-07-03T00:00:00,31.26996274738926,28436,1.0,909.37,medium,historical_dataset
2022-07-03T00:00:00,29.621709315466994,27091,1.0,914.57,medium,historical_dataset
2022-07-03T00:00:00,32.65689669103006,25434,1.0,778.82,medium,historical_dataset
2022-07-03T00:00:00,45.89504459563056,32071,1.0,698.79,medium,historical_dataset
2022-07-03T00:00:00,52.406481588024334,21510,1.0,410.45,low,historical_dataset
2022-07-03T00:00:00,39.863509845511615,15182,1.0,380.85,low,historical_dataset
2022-07-04T00:00:00,31.055266437266827,12518,1.0,403.09,low,historical_dataset
2022-07-04T00:00:00,47.37710696149668,36945,1.0,779.81,medium,historical_dataset
2022-07-04T00:00:00,38.40606949981809,20748,1.0,540.23,medium,historical_dataset
2022-07-04T00:00:00,23.087058941149856,30014,1.0,1300.04,high,historical_dataset
2022-07-04T00:00:00,42.880173575606385,28212,1.0,657.93,medium,historical_dataset
2022-07-04T00:00:00,25.288108933945523,32798,1.0,1296.97,high,historical_dataset
2022-07-04T00:00:00,47.39290114780356,20527,1.0,433.12,low,historical_dataset
2022-07-04T00:00:00,28.93718751150672,28485,1.0,984.37,medium,historical_dataset
2022-07-04T00:00:00,51.80895538960813,19872,1.0,383.56,low,historical_dataset
2022-07-04T00:00:00,20.0,37623,1.0,1881.15,high,historical_dataset
2022-07-05T00:00:00,40.60021515339696,39092,1.0,962.85,medium,historical_dataset
2022-07-05T00:00:00,47.15774756407974,45766,1.0,970.49,medium,historical_dataset
2022-07-05T00:00:00,31.329364049997,24290,1.0,775.31,medium,historical_dataset
2022-07-05T00:00:00,46.95084889633982,49842,1.0,1061.58,high,historical_dataset
2022-07-05T00:00:00,38.75613877145658,28573,1.0,737.25,medium,historical_dataset
2022-07-05T00:00:00,48.429843413591065,18037,1.0,372.44,low,historical_dataset
2022-07-05T00:00:00,44.322783548263736,36404,1.0,821.34,medium,historical_dataset
2022-07-05T00:00:00,53.8180183264015,33156,1.0,616.08,medium,historical_dataset
2022-07-05T00:00:00,40.36255147066082,28881,1.0,715.54,medium,historical_dataset
2022-07-05T00:00:00,49.31261371140035,17435,1.0,353.56,low,historical_dataset
2022-07-06T00:00:00,34.51600949371421,44582,1.0,1291.63,high,historical_dataset
2022-07-06T00:00:00,25.219358581311603,20351,1.0,806.96,medium,historical_dataset
2022-07-06T00:00:00,30.541705190244645,61767,1.0,2022.38,high,historical_dataset
2022-07-06T00:00:00,42.421389233806316,43652,1.0,1029.01,high,historical_dataset
2022-07-06T00:00:00,26.293808624483795,34397,1.0,1308.18,high,historical_dataset
2022-07-06T00:00:00,20.0,28664,1.0,1433.2,high,historical_dataset
2022-07-06T00:00:00,34.24524288236642,19382,1.0,565.98,medium,historical_dataset
2022-07-07T00:00:00,35.97380208628767,24195,1.0,672.57,medium,historical_dataset
2022-07-07T00:00:00,36.760954882308496,25695,1.0,698.98,medium,historical_dataset
2022-07-07T00:00:00,45.25649549189098,16009,1.0,353.74,low,historical_dataset
2022-07-07T00:00:00,34.972069273379816,29798,1.0,852.05,medium,historical_dataset
2022-07-07T00:00:00,20.0,48418,1.0,2420.9,high,historical_dataset
2022-07-07T00:00:00,32.57467885277294,21311,1.0,654.22,medium,historical_dataset
2022-07-07T00:00:00,33.18244189219807,50896,1.0,1533.82,high,historical_dataset
2022-07-07T00:00:00,59.99940092536312,9417,1.0,156.95,low,historical_dataset
2022-07-07T00:00:00,31.41649067644448,31291,1.0,996.01,medium,historical_dataset
2022-07-07T00:00:00,51.73169814820252,23761,1.0,459.31,low,historical_dataset
2022-07-07T00:00:00,52.361028732976656,11807,1.0,225.49,low,historical_dataset
2022-07-08T00:00:00,23.263011892462664,36751,1.0,1579.8,high,historical_dataset
2022-07-08T00:00:00,20.0,40282,1.0,2014.1,high,historical_dataset
2022-07-08T00:00:00,45.723995994244554,24868,1.0,543.87,medium,historical_dataset
2022-07-08T00:00:00,32.94682355197912,47430,1.0,1439.59,high,historical_dataset
2022-07-08T00:00:00,35.559206609232184,29668,1.0,834.33,medium,historical_dataset
2022-07-08T00:00:00,45.74175501247198,23148,1.0,506.06,medium,historical_dataset
2022-07-08T00:00:00,59.120694308092794,24925,1.0,421.6,low,historical_dataset
2022-07-08T00:00:00,44.54043411463309,46792,1.0,1050.55,high,historical_dataset
2022-07-08T00:00:00,36.47111874169642,14590,1.0,400.04,low,historical_dataset
2022-07-08T00:00:00,47.96739763133479,23881,1.0,497.86,low,historical_dataset
2022-07-08T00:00:00,38.717365269172305,13084,1.0,337.94,low,historical_dataset
2022-07-09T00:00:00,41.312579199072175,36030,1.0,872.13,medium,historical_dataset
2022-07-09T00:00:00,42.433652305059326,44850,1.0,1056.94,high,historical_dataset
2022-07-09T00:00:00,41.75067265648056,14445,1.0,345.98,low,historical_dataset
2022-07-09T00:00:00,52.49087858300095,18623,1.0,354.79,low,historical_dataset
2022-07-09T00:00:00,48.872052684128064,45604,1.0,933.13,medium,historical_dataset
2022-07-09T00:00:00,26.443210334741973,29210,1.0,1104.63,high,historical_dataset
2022-07-09T00:00:00,20.0,26224,1.0,1311.2,high,historical_dataset
2022-07-09T00:00:00,52.683281208536386,23139,1.0,439.21,low,historical_dataset
2022-07-09T00:00:00,21.08423768202735,25766,1.0,1222.05,high,historical_dataset
2022-07-10T00:00:00,32.220868934435295,23948,1.0,743.25,medium,historical_dataset
2022-07-10T00:00:00,34.98692465744911,25989,1.0,742.82,medium,historical_dataset
2022-07-10T00:00:00,43.06546567657216,8285,1.0,192.38,low,historical_dataset
2022-07-10T00:00:00,34.3342655066964,31026,1.0,903.65,medium,historical_dataset
2022-07-10T00:00:00,48.74055354326009,29855,1.0,612.53,medium,historical_dataset
2022-07-10T00:00:00,34.77214365162223,37774,1.0,1086.33,high,historical_dataset
2022-07-10T00:00:00,30.165342360823253,26128,1.0,866.16,medium,historical_dataset
2022-07-10T00:00:00,50.73390629996405,31304,1.0,617.02,medium,historical_dataset
2022-07-10T00:00:00,46.31309415394458,18783,1.0,405.57,low,historical_dataset
2022-07-10T00:00:00,37.487711600471926,33109,1.0,883.2,medium,historical_dataset
2022-07-11T00:00:00,32.011851417355416,20542,1.0,641.7,medium,historical_dataset
2022-07-11T00:00:00,20.0,28592,1.0,1429.6,high,historical_dataset
2022-07-11T00:00:00,28.346641965665587,58842,1.0,2075.8,high,historical_dataset
2022-07-11T00:00:00,42.10742906106371,23484,1.0,557.72,medium,historical_dataset
2022-07-11T00:00:00,57.87181046706091,16869,1.0,291.49,low,historical_dataset
2022-07-11T00:00:00,33.992657370699675,35462,1.0,1043.23,high,historical_dataset
2022-07-11T00:00:00,37.96793119871801,16560,1.0,436.16,low,historical_dataset
2022-07-11T00:00:00,38.1685233873329,29215,1.0,765.42,medium,historical_dataset
2022-07-12T00:00:00,34.137108263964485,21955,1.0,643.14,medium,historical_dataset
2022-07-12T00:00:00,41.836197510505336,38540,1.0,921.21,medium,historical_dataset
2022-07-12T00:00:00,49.32427280835588,24363,1.0,493.94,low,historical_dataset
2022-07-12T00:00:00,33.0418356309593,18772,1.0,568.13,medium,historical_dataset
2022-07-12T00:00:00,35.99813668821642,54547,1.0,1515.27,high,historical_dataset
2022-07-12T00:00:00,49.44835512426712,44736,1.0,904.7,medium,historical_dataset
2022-07-12T00:00:00,37.02113178504109,20102,1.0,542.99,medium,historical_dataset
2022-07-12T00:00:00,59.13314833403484,12913,1.0,218.37,low,historical_dataset
2022-07-12T00:00:00,42.732612214201446,53176,1.0,1244.39,high,historical_dataset
2022-07-12T00:00:00,40.95238364055164,32287,1.0,788.4,medium,historical_dataset
2022-07-12T00:00:00,32.24354413073955,26074,1.0,808.66,medium,historical_dataset
2022-07-12T00:00:00,52.01956333759811,9137,1.0,175.65,low,historical_dataset
2022-07-12T00:00:00,57.56814402525205,25875,1.0,449.47,low,historical_dataset
2022-07-13T00:00:00,33.456279597946576,41154,1.0,1230.08,high,historical_dataset
2022-07-13T00:00:00,40.37706650512417,39121,1.0,968.89,medium,historical_dataset
2022-07-13T00:00:00,38.85018246589368,17335,1.0,446.2,low,historical_dataset
2022-07-13T00:00:00,30.14855734571858,31339,1.0,1039.49,high,historical_dataset
2022-07-13T00:00:00,28.090983046455932,66519,1.0,2367.98,high,historical_dataset
2022-07-13T00:00:00,45.79915104507881,7337,1.0,160.2,low,historical_dataset
2022-07-13T00:00:00,49.99287758475687,36282,1.0,725.74,medium,historical_dataset
2022-07-13T00:00:00,44.84485002434656,29725,1.0,662.84,medium,historical_dataset
2022-07-13T00:00:00,41.882155675004505,33529,1.0,800.56,medium,historical_dataset
2022-07-13T00:00:00,41.261233339567426,8571,1.0,207.73,low,historical_dataset
2022-07-13T00:00:00,40.84128321459197,25447,1.0,623.07,medium,historical_dataset
2022-07-14T00:00:00,29.662852399553053,39117,1.0,1318.72,high,historical_dataset
2022-07-14T00:00:00,39.488508313415046,32877,1.0,832.57,medium,historical_dataset
2022-07-14T00:00:00,42.90443202307043,17858,1.0,416.23,low,historical_dataset
2022-07-14T00:00:00,43.531668196841885,46500,1.0,1068.19,high,historical_dataset
2022-07-14T00:00:00,22.075796556377885,30946,1.0,1401.81,high,historical_dataset
2022-07-14T00:00:00,52.411558240849146,22437,1.0,428.09,low,historical_dataset
2022-07-14T00:00:00,27.015943425790432,47001,1.0,1739.75,high,historical_dataset
2022-07-14T00:00:00,44.875686478182004,18401,1.0,410.04,low,historical_dataset
2022-07-15T00:00:00,26.890667753611787,54002,1.0,2008.21,high,historical_dataset
2022-07-15T00:00:00,20.14704818217892,26735,1.0,1326.99,high,historical_dataset
2022-07-15T00:00:00,38.82405019046834,8423,1.0,216.95,low,historical_dataset
2022-07-15T00:00:00,37.31578246256757,14153,1.0,379.28,low,historical_dataset
2022-07-15T00:00:00,53.9158033839359,29150,1.0,540.66,medium,historical_dataset
2022-07-15T00:00:00,29.952867269736057,5889,1.0,196.61,low,historical_dataset
2022-07-15T00:00:00,24.788402443664655,44237,1.0,1784.58,high,historical_dataset
2022-07-15T00:00:00,40.56028349470325,17806,1.0,439.0,low,historical_dataset
2022-07-15T00:00:00,49.229286085112854,10522,1.0,213.73,low,historical_dataset
2022-07-15T00:00:00,35.65258794758198,22012,1.0,617.4,medium,historical_dataset
2022-07-16T00:00:00,37.858862333359184,12758,1.0,336.99,low,historical_dataset
2022-07-16T00:00:00,52.8343118664388,11596,1.0,219.48,low,historical_dataset
2022-07-16T00:00:00,31.132248027017148,30568,1.0,981.88,medium,historical_dataset
2022-07-16T00:00:00,21.510451956573675,26167,1.0,1216.48,high,historical_dataset
2022-07-16T00:00:00,29.170337807381074,39863,1.0,1366.56,high,historical_dataset
2022-07-16T00:00:00,40.47992326941956,5893,1.0,145.58,low,historical_dataset
2022-07-16T00:00:00,48.662045382369726,18595,1.0,382.13,low,historical_dataset
2022-07-16T00:00:00,39.30309564506618,31566,1.0,803.14,medium,historical_dataset
2022-07-16T00:00:00,52.89057468083202,15596,1.0,294.87,low,historical_dataset
2022-07-17T00:00:00,30.59483055640188,33369,1.0,1090.67,high,historical_dataset
2022-07-17T00:00:00,31.76204555403141,22825,1.0,718.63,medium,historical_dataset
2022-07-17T00:00:00,35.32597046636332,39144,1.0,1108.08,high,historical_dataset
2022-07-17T00:00:00,27.892560201119167,30240,1.0,1084.16,high,historical_dataset
2022-07-17T00:00:00,20.0,30957,1.0,1547.85,high,historical_dataset
2022-07-17T00:00:00,23.849229615901862,27506,1.0,1153.33,high,historical_dataset
2022-07-17T00:00:00,29.498551016516018,30276,1.0,1026.36,high,historical_dataset
2022-07-17T00:00:00,47.496750279877844,20366,1.0,428.79,low,historical_dataset
2022-07-17T00:00:00,40.8375014366301,30673,1.0,751.1,medium,historical_dataset
2022-07-17T00:00:00,37.835414836387194,14188,1.0,374.99,low,historical_dataset
2022-07-18T00:00:00,47.496303141701446,55689,1.0,1172.49,high,historical_dataset
2022-07-18T00:00:00,58.520423686651384,12844,1.0,219.48,low,historical_dataset
2022-07-18T00:00:00,46.58360152234175,18011,1.0,386.64,low,historical_dataset
2022-07-18T00:00:00,30.026590923975633,28283,1.0,941.93,medium,historical_dataset
2022-07-18T00:00:00,28.140507989307494,21400,1.0,760.47,medium,historical_dataset
2022-07-18T00:00:00,59.124145312183316,24227,1.0,409.76,low,historical_dataset
2022-07-18T00:00:00,47.10221031517156,40012,1.0,849.47,medium,historical_dataset
2022-07-18T00:00:00,38.42995114071306,41272,1.0,1073.95,high,historical_dataset
2022-07-18T00:00:00,60.87830497760499,40404,1.0,663.68,medium,historical_dataset
2022-07-19T00:00:00,36.22832319596337,26938,1.0,743.56,medium,historical_dataset
2022-07-19T00:00:00,47.05129300735403,23757,1.0,504.92,medium,historical_dataset
2022-07-19T00:00:00,42.00767326137413,32476,1.0,773.1,medium,historical_dataset
2022-07-19T00:00:00,54.22427750618311,16062,1.0,296.21,low,historical_dataset
2022-07-19T00:00:00,25.748481873737287,11680,1.0,453.62,low,historical_dataset
2022-07-19T00:00:00,30.88941395241675,35499,1.0,1149.23,high,historical_dataset
2022-07-19T00:00:00,30.784673859750317,42904,1.0,1393.68,high,historical_dataset
2022-07-19T00:00:00,45.814472344628356,18665,1.0,407.4,low,historical_dataset
2022-07-19T00:00:00,25.466995295655657,27424,1.0,1076.84,high,historical_dataset
2022-07-19T00:00:00,46.09719581705981,36614,1.0,794.28,medium,historical_dataset
2022-07-19T00:00:00,20.0,27259,1.0,1362.95,high,historical_dataset
2022-07-20T00:00:00,30.115935668528593,33834,1.0,1123.46,high,historical_dataset
2022-07-20T00:00:00,46.139935893916935,12544,1.0,271.87,low,historical_dataset
2022-07-20T00:00:00,33.66429178952545,16414,1.0,487.58,low,historical_dataset
2022-07-20T00:00:00,41.384026183234816,24234,1.0,585.59,medium,historical_dataset
2022-07-20T00:00:00,30.978308426056373,41720,1.0,1346.75,high,historical_dataset
2022-07-20T00:00:00,43.679178484611086,8400,1.0,192.31,low,historical_dataset
2022-07-20T00:00:00,42.98491102631514,9348,1.0,217.47,low,historical_dataset
2022-07-21T00:00:00,31.20863304885419,48809,1.0,1563.96,high,historical_dataset
2022-07-21T00:00:00,43.24690350210867,46600,1.0,1077.53,high,historical_dataset
2022-07-21T00:00:00,29.502915978432895,27041,1.0,916.55,medium,historical_dataset
2022-07-21T00:00:00,35.93386970150942,62918,1.0,1750.94,high,historical_dataset
2022-07-21T00:00:00,42.14653980480287,58659,1.0,1391.79,high,historical_dataset
2022-07-21T00:00:00,25.80146451108399,37456,1.0,1451.7,high,historical_dataset
2022-07-21T00:00:00,43.116833947552195,53372,1.0,1237.85,high,historical_dataset
2022-07-21T00:00:00,51.04913827183569,18348,1.0,359.42,low,historical_dataset
2022-07-21T00:00:00,35.55863134893524,26997,1.0,759.22,medium,historical_dataset
2022-07-21T00:00:00,29.6462372642431,14878,1.0,501.85,medium,historical_dataset
2022-07-21T00:00:00,50.55658891857041,6406,1.0,126.71,low,historical_dataset
2022-07-22T00:00:00,41.05678740916259,11311,1.0,275.5,low,historical_dataset
2022-07-22T00:00:00,35.90903857207631,31879,1.0,887.77,medium,historical_dataset
2022-07-22T00:00:00,46.99497450725151,29734,1.0,632.71,medium,historical_dataset
2022-07-22T00:00:00,20.0,25265,1.0,1263.25,high,historical_dataset
2022-07-22T00:00:00,37.79415534603632,31708,1.0,838.97,medium,historical_dataset
2022-07-22T00:00:00,36.17559694449741,26415,1.0,730.19,medium,historical_dataset
2022-07-22T00:00:00,58.41305874842286,14985,1.0,256.54,low,historical_dataset
2022-07-22T00:00:00,20.0,46560,1.0,2328.0,high,historical_dataset
2022-07-22T00:00:00,40.72952769668152,9430,1.0,231.53,low,historical_dataset
2022-07-23T00:00:00,42.66517097425386,21711,1.0,508.87,medium,historical_dataset
2022-07-23T00:00:00,24.602518910686175,48677,1.0,1978.54,high,historical_dataset
2022-07-23T00:00:00,52.8847104001319,17047,1.0,322.34,low,historical_dataset
2022-07-23T00:00:00,45.64334040816123,20294,1.0,444.62,low,historical_dataset
2022-07-23T00:00:00,39.94504629752402,49729,1.0,1244.94,high,historical_dataset
2022-07-23T00:00:00,25.63014126491516,46462,1.0,1812.79,high,historical_dataset
2022-07-23T00:00:00,28.42956302727089,29433,1.0,1035.3,high,historical_dataset
2022-07-23T00:00:00,39.90503728410612,36155,1.0,906.03,medium,historical_dataset
2022-07-23T00:00:00,45.180088252140614,8608,1.0,190.53,low,historical_dataset
2022-07-23T00:00:00,62.56929058199408,24432,1.0,390.48,low,historical_dataset
2022-07-23T00:00:00,62.48041251711048,17540,1.0,280.73,low,historical_dataset
2022-07-23T00:00:00,49.45328162175578,7758,1.0,156.88,low,historical_dataset
2022-07-23T00:00:00,57.324539079778184,11603,1.0,202.41,low,historical_dataset
2022-07-24T00:00:00,24.081194282649363,38811,1.0,1611.67,high,historical_dataset
2022-07-24T00:00:00,37.50800815646053,26937,1.0,718.17,medium,historical_dataset
2022-07-24T00:00:00,46.91143372748036,26956,1.0,574.61,medium,historical_dataset
2022-07-24T00:00:00,55.33800049569428,44704,1.0,807.84,medium,historical_dataset
2022-07-24T00:00:00,30.472790974675924,21662,1.0,710.86,medium,historical_dataset
2022-07-24T00:00:00,30.538271598794797,28300,1.0,926.71,medium,historical_dataset
2022-07-24T00:00:00,30.944159169225603,16034,1.0,518.16,medium,historical_dataset
2022-07-25T00:00:00,29.16046230329629,52326,1.0,1794.42,high,historical_dataset
2022-07-25T00:00:00,25.982649669493412,45816,1.0,1763.33,high,historical_dataset
2022-07-25T00:00:00,36.37861217546328,16281,1.0,447.54,low,historical_dataset
2022-07-25T00:00:00,30.61932633869536,56434,1.0,1843.08,high,historical_dataset
2022-07-25T00:00:00,22.9731043079761,50566,1.0,2201.1,high,historical_dataset
2022-07-25T00:00:00,39.673795697267884,26004,1.0,655.45,medium,historical_dataset
2022-07-25T00:00:00,59.43202523847401,34460,1.0,579.82,medium,historical_dataset
2022-07-25T00:00:00,62.40057269196734,23305,1.0,373.47,low,historical_dataset
2022-07-25T00:00:00,23.144448828617797,45581,1.0,1969.41,high,historical_dataset
2022-07-25T00:00:00,28.25451110754695,13840,1.0,489.83,low,historical_dataset
2022-07-26T00:00:00,50.16331065099468,13491,1.0,268.94,low,historical_dataset
2022-07-26T00:00:00,33.49513683849894,51364,1.0,1533.48,high,historical_dataset
2022-07-26T00:00:00,43.04470582979127,28321,1.0,657.94,medium,historical_dataset
2022-07-26T00:00:00,30.24529678980815,53981,1.0,1784.77,high,historical_dataset
2022-07-26T00:00:00,31.35573148388937,32393,1.0,1033.08,high,historical_dataset
2022-07-26T00:00:00,45.59484939997163,8819,1.0,193.42,low,historical_dataset
2022-07-26T00:00:00,37.864156044608386,42439,1.0,1120.82,high,historical_dataset
2022-07-26T00:00:00,42.176536276227004,17832,1.0,422.79,low,historical_dataset
2022-07-26T00:00:00,38.53400372460712,19394,1.0,503.3,medium,historical_dataset
2022-07-27T00:00:00,55.86233284206993,24306,1.0,435.11,low,historical_dataset
2022-07-27T00:00:00,41.25776514830617,40361,1.0,978.26,medium,historical_dataset
2022-07-27T00:00:00,27.622774122431572,42479,1.0,1537.83,high,historical_dataset
2022-07-27T00:00:00,43.08492274428852,30847,1.0,715.96,medium,historical_dataset
2022-07-27T00:00:00,33.657726160660594,38615,1.0,1147.28,high,historical_dataset
2022-07-27T00:00:00,25.66206719698255,24540,1.0,956.28,medium,historical_dataset
2022-07-27T00:00:00,30.93146927736774,30240,1.0,977.65,medium,historical_dataset
2022-07-28T00:00:00,56.241323862320854,24020,1.0,427.09,low,historical_dataset
2022-07-28T00:00:00,49.397855131384425,22227,1.0,449.96,low,historical_dataset
2022-07-28T00:00:00,38.447412877670445,31787,1.0,826.77,medium,historical_dataset
2022-07-28T00:00:00,41.72857687685869,33554,1.0,804.1,medium,historical_dataset
2022-07-28T00:00:00,31.995203789660216,11837,1.0,369.96,low,historical_dataset
2022-07-28T00:00:00,30.502183939738394,48952,1.0,1604.87,high,historical_dataset
2022-07-28T00:00:00,36.807438949282194,54395,1.0,1477.83,high,historical_dataset
2022-07-28T00:00:00,42.23484636807375,17322,1.0,410.14,low,historical_dataset
2022-07-28T00:00:00,27.635720162347322,25746,1.0,931.62,medium,historical_dataset
2022-07-28T00:00:00,38.12958125436249,31802,1.0,834.05,medium,historical_dataset
2022-07-28T00:00:00,36.743956373779,25386,1.0,690.89,medium,historical_dataset
2022-07-29T00:00:00,36.15154803837776,34916,1.0,965.82,medium,historical_dataset
2022-07-29T00:00:00,52.038626169752845,25786,1.0,495.52,low,historical_dataset
2022-07-29T00:00:00,36.48746302435837,7581,1.0,207.77,low,historical_dataset
2022-07-29T00:00:00,32.98202896998391,43779,1.0,1327.36,high,historical_dataset
2022-07-29T00:00:00,44.658316468581305,46793,1.0,1047.8,high,historical_dataset
2022-07-29T00:00:00,43.96711816568845,11166,1.0,253.96,low,historical_dataset
2022-07-29T00:00:00,46.704324768846625,24425,1.0,522.97,medium,historical_dataset
2022-07-29T00:00:00,25.30442656683778,27988,1.0,1106.05,high,historical_dataset
2022-07-29T00:00:00,35.224489197054275,38834,1.0,1102.47,high,historical_dataset
2022-07-29T00:00:00,36.60648041707367,20536,1.0,560.99,medium,historical_dataset
2022-07-30T00:00:00,36.878920228742786,43862,1.0,1189.35,high,historical_dataset
2022-07-30T00:00:00,60.226398916731725,19532,1.0,324.31,low,historical_dataset
2022-07-30T00:00:00,37.902883733312684,14541,1.0,383.64,low,historical_dataset
2022-07-30T00:00:00,40.75038406746154,45391,1.0,1113.88,high,historical_dataset
2022-07-30T00:00:00,29.721949355857646,46627,1.0,1568.77,high,historical_dataset
2022-07-30T00:00:00,38.73335538703272,36697,1.0,947.43,medium,historical_dataset
2022-07-30T00:00:00,42.17110094866911,34349,1.0,814.52,medium,historical_dataset
2022-07-30T00:00:00,36.41234167416897,17965,1.0,493.38,low,historical_dataset
2022-07-31T00:00:00,27.945074679168496,33805,1.0,1209.69,high,historical_dataset
2022-07-31T00:00:00,20.91901218351522,21325,1.0,1019.41,high,historical_dataset
2022-07-31T00:00:00,42.54996994841916,20344,1.0,478.12,low,historical_dataset
2022-07-31T00:00:00,57.60839816534656,11895,1.0,206.48,low,historical_dataset
2022-07-31T00:00:00,33.62672372851631,46783,1.0,1391.24,high,historical_dataset
2022-07-31T00:00:00,52.82595126685226,19305,1.0,365.45,low,historical_dataset
2022-07-31T00:00:00,25.755156846920016,40856,1.0,1586.32,high,historical_dataset
2022-07-31T00:00:00,34.80709442421344,26041,1.0,748.15,medium,historical_dataset
2022-07-31T00:00:00,20.0,26640,1.0,1332.0,high,historical_dataset
2022-07-31T00:00:00,40.236587343194856,21492,1.0,534.14,medium,historical_dataset
2022-08-01T00:00:00,37.60493216857658,39708,1.0,1055.93,high,historical_dataset
2022-08-01T00:00:00,31.092602256415596,37649,1.0,1210.87,high,historical_dataset
2022-08-01T00:00:00,34.229198031500076,16736,1.0,488.94,low,historical_dataset
2022-08-01T00:00:00,20.0,32220,1.0,1611.0,high,historical_dataset
2022-08-01T00:00:00,31.644174560617753,44869,1.0,1417.92,high,historical_dataset
2022-08-01T00:00:00,39.58498476242932,71610,1.0,1809.02,high,historical_dataset
2022-08-01T00:00:00,43.619678025313725,24307,1.0,557.25,medium,historical_dataset
2022-08-01T00:00:00,37.67806261473849,28246,1.0,749.67,medium,historical_dataset
2022-08-01T00:00:00,31.813868288611907,32100,1.0,1008.99,high,historical_dataset
2022-08-01T00:00:00,27.403878939523842,31202,1.0,1138.6,high,historical_dataset
2022-08-01T00:00:00,33.1632121547977,21168,1.0,638.3,medium,historical_dataset
2022-08-01T00:00:00,49.38546498827135,5758,1.0,116.59,low,historical_dataset
2022-08-02T00:00:00,44.17969932723591,24211,1.0,548.01,medium,historical_dataset
2022-08-02T00:00:00,44.80290711602086,10394,1.0,231.99,low,historical_dataset
2022-08-02T00:00:00,29.733006670653985,25143,1.0,845.63,medium,historical_dataset
2022-08-02T00:00:00,46.44649444219064,30810,1.0,663.34,medium,historical_dataset
2022-08-02T00:00:00,46.18545891591736,18365,1.0,397.64,low,historical_dataset
2022-08-02T00:00:00,52.96147378316758,28509,1.0,538.3,medium,historical_dataset
2022-08-02T00:00:00,30.381734270902772,26880,1.0,884.74,medium,historical_dataset
2022-08-02T00:00:00,37.02645317098305,34303,1.0,926.45,medium,historical_dataset
2022-08-02T00:00:00,41.21598472037908,9133,1.0,221.59,low,historical_dataset
2022-08-03T00:00:00,52.42275233207015,23527,1.0,448.79,low,historical_dataset
2022-08-03T00:00:00,34.119352121588186,37300,1.0,1093.22,high,historical_dataset
2022-08-03T00:00:00,43.323450648825,15525,1.0,358.35,low,historical_dataset
2022-08-03T00:00:00,27.116558737596787,43145,1.0,1591.09,high,historical_dataset
2022-08-03T00:00:00,36.34974288550864,40058,1.0,1102.02,high,historical_dataset
2022-08-03T00:00:00,46.85343103366913,19533,1.0,416.9,low,historical_dataset
2022-08-03T00:00:00,20.0,39532,1.0,1976.6,high,historical_dataset
2022-08-04T00:00:00,43.477612113436784,34845,1.0,801.45,medium,historical_dataset
2022-08-04T00:00:00,25.824216145906693,34258,1.0,1326.58,high,historical_dataset
2022-08-04T00:00:00,56.53033415512948,6294,1.0,111.34,low,historical_dataset
2022-08-04T00:00:00,37.71026182141214,19247,1.0,510.39,medium,historical_dataset
2022-08-04T00:00:00,43.36084497688805,29158,1.0,672.45,medium,historical_dataset
2022-08-04T00:00:00,46.85349547075596,26326,1.0,561.88,medium,historical_dataset
2022-08-04T00:00:00,44.396243162021676,32184,1.0,724.93,medium,historical_dataset
2022-08-04T00:00:00,48.475987709747855,6797,1.0,140.21,low,historical_dataset
2022-08-05T00:00:00,23.966578782200095,35901,1.0,1497.96,high,historical_dataset
2022-08-05T00:00:00,25.65052162532023,36467,1.0,1421.69,high,historical_dataset
2022-08-05T00:00:00,28.933742812871866,16906,1.0,584.3,medium,historical_dataset
2022-08-05T00:00:00,30.251220961721863,61179,1.0,2022.36,high,historical_dataset
2022-08-05T00:00:00,36.34363506454512,30501,1.0,839.24,medium,historical_dataset
2022-08-05T00:00:00,20.0,48219,1.0,2410.95,high,historical_dataset
2022-08-05T00:00:00,35.375701503289086,27433,1.0,775.48,medium,historical_dataset
2022-08-05T00:00:00,35.7592102322837,37289,1.0,1042.78,high,historical_dataset
2022-08-05T00:00:00,44.27292437263712,18821,1.0,425.11,low,historical_dataset
2022-08-05T00:00:00,37.91300635771727,22071,1.0,582.15,medium,historical_dataset
2022-08-05T00:00:00,46.697590647872225,20857,1.0,446.64,low,historical_dataset
2022-08-06T00:00:00,35.99762168767399,37008,1.0,1028.07,high,historical_dataset
2022-08-06T00:00:00,36.62933664419505,53499,1.0,1460.55,high,historical_dataset
2022-08-06T00:00:00,43.44298668532497,16349,1.0,376.33,low,historical_dataset
2022-08-06T00:00:00,43.78772378582805,32112,1.0,733.36,medium,historical_dataset
2022-08-06T00:00:00,37.4872985329915,37991,1.0,1013.44,high,historical_dataset
2022-08-06T00:00:00,24.175992940978187,17959,1.0,742.84,medium,historical_dataset
2022-08-06T00:00:00,26.433636883465567,9623,1.0,364.04,low,historical_dataset
2022-08-07T00:00:00,32.188747709315486,36452,1.0,1132.45,high,historical_dataset
2022-08-07T00:00:00,43.59409816869968,30044,1.0,689.18,medium,historical_dataset
2022-08-07T00:00:00,21.845628979378834,44009,1.0,2014.54,high,historical_dataset
2022-08-07T00:00:00,40.243858523733834,14045,1.0,349.0,low,historical_dataset
2022-08-07T00:00:00,41.171836136035296,54139,1.0,1314.95,high,historical_dataset
2022-08-07T00:00:00,41.66683958398271,37833,1.0,907.99,medium,historical_dataset
2022-08-07T00:00:00,38.85109426508504,30619,1.0,788.11,medium,historical_dataset
2022-08-07T00:00:00,47.430782950379644,23197,1.0,489.07,low,historical_dataset
2022-08-07T00:00:00,46.580471218516166,21642,1.0,464.62,low,historical_dataset
2022-08-08T00:00:00,20.0,49319,1.0,2465.95,high,historical_dataset
2022-08-08T00:00:00,27.023929538495793,35091,1.0,1298.52,high,historical_dataset
2022-08-08T00:00:00,25.693504354422636,34303,1.0,1335.08,high,historical_dataset
2022-08-08T00:00:00,40.98672787515995,14928,1.0,364.22,low,historical_dataset
2022-08-08T00:00:00,47.38562672929442,12647,1.0,266.9,low,historical_dataset
2022-08-08T00:00:00,20.67427676293447,31517,1.0,1524.45,high,historical_dataset
2022-08-08T00:00:00,30.109598350594958,25840,1.0,858.2,medium,historical_dataset
2022-08-08T00:00:00,20.0,39064,1.0,1953.2,high,historical_dataset
2022-08-08T00:00:00,40.59450692107698,8104,1.0,199.63,low,historical_dataset
2022-08-08T00:00:00,31.08116970379049,27122,1.0,872.62,medium,historical_dataset
2022-08-08T00:00:00,42.33430988628654,13913,1.0,328.65,low,historical_dataset
2022-08-09T00:00:00,76.82378504064532,24439,1.0,318.12,low,historical_dataset
2022-08-09T00:00:00,43.79279809064043,42137,1.0,962.19,medium,historical_dataset
2022-08-09T00:00:00,48.10415935217892,17366,1.0,361.01,low,historical_dataset
2022-08-09T00:00:00,33.497718217577614,18501,1.0,552.31,medium,historical_dataset
2022-08-09T00:00:00,30.098343497959927,53945,1.0,1792.29,high,historical_dataset
2022-08-09T00:00:00,42.73447600382574,27474,1.0,642.9,medium,historical_dataset
2022-08-09T00:00:00,53.66265218321067,16142,1.0,300.81,low,historical_dataset
2022-08-09T00:00:00,21.219526772461496,26794,1.0,1262.7,high,historical_dataset
2022-08-09T00:00:00,21.831589149028098,32155,1.0,1472.87,high,historical_dataset
2022-08-09T00:00:00,56.41628173426946,6025,1.0,106.8,low,historical_dataset
2022-08-10T00:00:00,44.89274045234216,25407,1.0,565.95,medium,historical_dataset
2022-08-10T00:00:00,37.75840431176841,24005,1.0,635.75,medium,historical_dataset
2022-08-10T00:00:00,33.08002993463707,24869,1.0,751.78,medium,historical_dataset
2022-08-10T00:00:00,40.76676311539301,33232,1.0,815.17,medium,historical_dataset
2022-08-10T00:00:00,32.32153584219698,32857,1.0,1016.57,high,historical_dataset
2022-08-10T00:00:00,45.159486567543745,14200,1.0,314.44,low,historical_dataset
2022-08-10T00:00:00,35.98358484137075,43204,1.0,1200.66,high,historical_dataset
2022-08-10T00:00:00,41.39892182745625,21450,1.0,518.13,medium,historical_dataset
2022-08-10T00:00:00,36.25451475850949,17048,1.0,470.23,low,historical_dataset
2022-08-11T00:00:00,24.132714481263278,33669,1.0,1395.16,high,historical_dataset
2022-08-11T00:00:00,44.63132362065199,33691,1.0,754.87,medium,historical_dataset
2022-08-11T00:00:00,29.164093662438198,28764,1.0,986.28,medium,historical_dataset
2022-08-11T00:00:00,36.93326618800605,52008,1.0,1408.16,high,historical_dataset
2022-08-11T00:00:00,30.07080038610508,59480,1.0,1978.0,high,historical_dataset
2022-08-11T00:00:00,29.86418635233453,16972,1.0,568.31,medium,historical_dataset
2022-08-11T00:00:00,31.968995094556494,40423,1.0,1264.44,high,historical_dataset
2022-08-11T00:00:00,34.92741357348555,25934,1.0,742.51,medium,historical_dataset
2022-08-11T00:00:00,29.267032159381046,47068,1.0,1608.23,high,historical_dataset
2022-08-12T00:00:00,43.57706556990328,24191,1.0,555.13,medium,historical_dataset
2022-08-12T00:00:00,43.2989190002009,57597,1.0,1330.22,high,historical_dataset
2022-08-12T00:00:00,55.55633756839825,14069,1.0,253.24,low,historical_dataset
2022-08-12T00:00:00,67.87814421515975,18926,1.0,278.82,low,historical_dataset
2022-08-12T00:00:00,41.82638382092393,29012,1.0,693.63,medium,historical_dataset
2022-08-12T00:00:00,38.08601055508868,38273,1.0,1004.91,high,historical_dataset
2022-08-12T00:00:00,53.4040376502275,40198,1.0,752.71,medium,historical_dataset
2022-08-12T00:00:00,52.72161781652234,19441,1.0,368.75,low,historical_dataset
2022-08-12T00:00:00,45.15420414977007,35152,1.0,778.49,medium,historical_dataset
2022-08-12T00:00:00,30.71489327911878,22189,1.0,722.42,medium,historical_dataset
2022-08-12T00:00:00,47.17912665058428,37705,1.0,799.19,medium,historical_dataset
2022-08-13T00:00:00,59.405742979076166,24851,1.0,418.33,low,historical_dataset
2022-08-13T00:00:00,33.9265553357039,49311,1.0,1453.46,high,historical_dataset
2022-08-13T00:00:00,37.48489683145203,18172,1.0,484.78,low,historical_dataset
2022-08-13T00:00:00,52.855486691364014,22954,1.0,434.28,low,historical_dataset
2022-08-13T00:00:00,37.2659462454431,26787,1.0,718.81,medium,historical_dataset
2022-08-13T00:00:00,24.669149495445097,35052,1.0,1420.88,high,historical_dataset
2022-08-13T00:00:00,48.328361431526275,24410,1.0,505.09,medium,historical_dataset
2022-08-13T00:00:00,39.38564075595763,26580,1.0,674.87,medium,historical_dataset
2022-08-13T00:00:00,28.80707078972631,33162,1.0,1151.18,high,historical_dataset
2022-08-13T00:00:00,48.88621480200995,18845,1.0,385.49,low,historical_dataset
2022-08-13T00:00:00,52.65084667684981,27234,1.0,517.26,medium,historical_dataset
2022-08-14T00:00:00,34.36920501608828,26459,1.0,769.85,medium,historical_dataset
2022-08-14T00:00:00,33.93525681723755,44254,1.0,1304.07,high,historical_dataset
2022-08-14T00:00:00,53.18106207891991,27326,1.0,513.83,medium,historical_dataset
2022-08-14T00:00:00,32.93701370741341,43316,1.0,1315.12,high,historical_dataset
2022-08-14T00:00:00,49.57485527235258,52223,1.0,1053.42,high,historical_dataset
2022-08-14T00:00:00,26.201390965826654,26021,1.0,993.12,medium,historical_dataset
2022-08-14T00:00:00,55.70350951071872,9854,1.0,176.9,low,historical_dataset
2022-08-14T00:00:00,30.45177948335908,26639,1.0,874.79,medium,historical_dataset
2022-08-14T00:00:00,45.54046744289667,20295,1.0,445.65,low,historical_dataset
2022-08-14T00:00:00,57.1277586170357,18515,1.0,324.1,low,historical_dataset
2022-08-14T00:00:00,49.64842967755553,12973,1.0,261.3,low,historical_dataset
2022-08-15T00:00:00,40.0772438414987,26726,1.0,666.86,medium,historical_dataset
2022-08-15T00:00:00,33.081735456132535,34793,1.0,1051.73,high,historical_dataset
2022-08-15T00:00:00,39.66087298255321,62277,1.0,1570.24,high,historical_dataset
2022-08-15T00:00:00,41.965939813546896,43867,1.0,1045.3,high,historical_dataset
2022-08-15T00:00:00,51.1511956407971,42451,1.0,829.91,medium,historical_dataset
2022-08-15T00:00:00,53.853145883716465,17345,1.0,322.08,low,historical_dataset
2022-08-15T00:00:00,48.31047687386966,15839,1.0,327.86,low,historical_dataset
2022-08-15T00:00:00,57.8271395817022,8213,1.0,142.03,low,historical_dataset
2022-08-15T00:00:00,20.304548150810568,26033,1.0,1282.13,high,historical_dataset
2022-08-16T00:00:00,33.53536598002284,43699,1.0,1303.07,high,historical_dataset
2022-08-16T00:00:00,50.09154296613989,24616,1.0,491.42,low,historical_dataset
2022-08-16T00:00:00,32.4772287058437,46460,1.0,1430.54,high,historical_dataset
2022-08-16T00:00:00,37.528582458983514,25510,1.0,679.75,medium,historical_dataset
2022-08-16T00:00:00,41.51602254948855,29199,1.0,703.32,medium,historical_dataset
2022-08-17T00:00:00,45.37006680267314,19503,1.0,429.86,low,historical_dataset
2022-08-17T00:00:00,28.268803090254558,54359,1.0,1922.93,high,historical_dataset
2022-08-17T00:00:00,45.12853069155604,23884,1.0,529.24,medium,historical_dataset
2022-08-17T00:00:00,37.128154689787266,15083,1.0,406.24,low,historical_dataset
2022-08-17T00:00:00,35.63190826555007,37338,1.0,1047.88,high,historical_dataset
2022-08-17T00:00:00,42.71661213306659,14843,1.0,347.48,low,historical_dataset
2022-08-17T00:00:00,45.69951044147501,24742,1.0,541.41,medium,historical_dataset
2022-08-17T00:00:00,54.501715386017935,23199,1.0,425.66,low,historical_dataset
2022-08-17T00:00:00,43.607424252369405,27761,1.0,636.61,medium,historical_dataset
2022-08-18T00:00:00,20.0,52501,1.0,2625.05,high,historical_dataset
2022-08-18T00:00:00,40.81671542960939,47024,1.0,1152.08,high,historical_dataset
2022-08-18T00:00:00,21.58953485414811,29153,1.0,1350.33,high,historical_dataset
2022-08-18T00:00:00,37.579957967916464,30423,1.0,809.55,medium,historical_dataset
2022-08-18T00:00:00,51.94135943371764,14024,1.0,270.0,low,historical_dataset
2022-08-18T00:00:00,42.431973449249334,56002,1.0,1319.81,high,historical_dataset
2022-08-18T00:00:00,52.797430210847565,27319,1.0,517.43,medium,historical_dataset
2022-08-18T00:00:00,52.655473233588275,6541,1.0,124.22,low,historical_dataset
2022-08-19T00:00:00,44.04688402953591,36957,1.0,839.04,medium,historical_dataset
2022-08-19T00:00:00,39.040954941352425,23006,1.0,589.28,medium,historical_dataset
2022-08-19T00:00:00,34.67443905778581,60076,1.0,1732.57,high,historical_dataset
2022-08-19T00:00:00,43.430894982128294,43897,1.0,1010.73,high,historical_dataset
2022-08-19T00:00:00,44.27453384726489,12900,1.0,291.36,low,historical_dataset
2022-08-19T00:00:00,35.06995535003682,12627,1.0,360.05,low,historical_dataset
2022-08-19T00:00:00,28.508525453568595,53700,1.0,1883.65,high,historical_dataset
2022-08-19T00:00:00,31.270543540901258,61241,1.0,1958.42,high,historical_dataset
2022-08-19T00:00:00,32.38034445934621,44236,1.0,1366.14,high,historical_dataset
2022-08-19T00:00:00,52.15882459636068,15631,1.0,299.68,low,historical_dataset
2022-08-19T00:00:00,32.4053396103979,28382,1.0,875.84,medium,historical_dataset
2022-08-20T00:00:00,45.378909147677426,49747,1.0,1096.26,high,historical_dataset
2022-08-20T00:00:00,45.13286498231345,34798,1.0,771.01,medium,historical_dataset
2022-08-20T00:00:00,45.265135672152326,22829,1.0,504.34,medium,historical_dataset
2022-08-20T00:00:00,39.376334300729766,40402,1.0,1026.05,high,historical_dataset
2022-08-20T00:00:00,32.61088637579445,5679,1.0,174.14,low,historical_dataset
2022-08-20T00:00:00,62.24278249169265,12769,1.0,205.15,low,historical_dataset
2022-08-20T00:00:00,43.32771088575032,38443,1.0,887.26,medium,historical_dataset
2022-08-20T00:00:00,41.7020881875453,11151,1.0,267.4,low,historical_dataset
2022-08-20T00:00:00,31.07817459543802,32252,1.0,1037.77,high,historical_dataset
2022-08-20T00:00:00,30.048423519120746,38261,1.0,1273.31,high,historical_dataset
2022-08-20T00:00:00,61.084654482798136,25652,1.0,419.94,low,historical_dataset
2022-08-21T00:00:00,44.04920149659134,25610,1.0,581.4,medium,historical_dataset
2022-08-21T00:00:00,36.21863183569268,35063,1.0,968.09,medium,historical_dataset
2022-08-21T00:00:00,47.170695806480296,6736,1.0,142.8,low,historical_dataset
2022-08-21T00:00:00,46.626502850165906,6897,1.0,147.92,low,historical_dataset
2022-08-21T00:00:00,26.38142218070419,30148,1.0,1142.77,high,historical_dataset
2022-08-21T00:00:00,33.4231686779797,43448,1.0,1299.94,high,historical_dataset
2022-08-21T00:00:00,24.876200261723977,25194,1.0,1012.78,high,historical_dataset
2022-08-21T00:00:00,28.0768738302825,26190,1.0,932.8,medium,historical_dataset
2022-08-21T00:00:00,34.922208295749265,35708,1.0,1022.5,high,historical_dataset
2022-08-21T00:00:00,45.480686287510416,29375,1.0,645.88,medium,historical_dataset
2022-08-22T00:00:00,31.81797542172557,38815,1.0,1219.91,high,historical_dataset
2022-08-22T00:00:00,34.26680074734756,35701,1.0,1041.85,high,historical_dataset
2022-08-22T00:00:00,47.26098126796038,23359,1.0,494.26,low,historical_dataset
2022-08-22T00:00:00,43.39316642027884,49228,1.0,1134.46,high,historical_dataset
2022-08-22T00:00:00,21.2880600383341,58363,1.0,2741.58,high,historical_dataset
2022-08-22T00:00:00,43.66638536889227,25938,1.0,594.0,medium,historical_dataset
2022-08-22T00:00:00,41.666747799559566,36170,1.0,868.08,medium,historical_dataset
2022-08-22T00:00:00,32.936992968481874,15753,1.0,478.28,low,historical_dataset
2022-08-22T00:00:00,24.45848603408553,27703,1.0,1132.65,high,historical_dataset
2022-08-23T00:00:00,57.99777867630661,38055,1.0,656.15,medium,historical_dataset
2022-08-23T00:00:00,20.0,26942,1.0,1347.1,high,historical_dataset
2022-08-23T00:00:00,40.56585852607853,14735,1.0,363.24,low,historical_dataset
2022-08-23T00:00:00,38.954237625993045,61237,1.0,1572.02,high,historical_dataset
2022-08-23T00:00:00,35.7964030997635,45606,1.0,1274.04,high,historical_dataset
2022-08-23T00:00:00,40.060640285105464,23973,1.0,598.42,medium,historical_dataset
2022-08-23T00:00:00,35.984087410882445,19927,1.0,553.77,medium,historical_dataset
2022-08-23T00:00:00,46.947682541296714,35440,1.0,754.88,medium,historical_dataset
2022-08-23T00:00:00,50.40136321844865,18579,1.0,368.62,low,historical_dataset
2022-08-23T00:00:00,53.614466900520135,15837,1.0,295.39,low,historical_dataset
2022-08-24T00:00:00,43.168448965985796,47864,1.0,1108.77,high,historical_dataset
2022-08-24T00:00:00,46.99478677924159,54585,1.0,1161.51,high,historical_dataset
2022-08-24T00:00:00,41.99871243999886,66888,1.0,1592.62,high,historical_dataset
2022-08-24T00:00:00,23.647808753214854,39070,1.0,1652.16,high,historical_dataset
2022-08-24T00:00:00,31.164344355938926,40845,1.0,1310.63,high,historical_dataset
2022-08-24T00:00:00,28.419279339793285,27812,1.0,978.63,medium,historical_dataset
2022-08-24T00:00:00,40.89603401682447,30659,1.0,749.68,medium,historical_dataset
2022-08-24T00:00:00,42.77900448792295,8560,1.0,200.1,low,historical_dataset
2022-08-25T00:00:00,67.1797414262935,13093,1.0,194.9,low,historical_dataset
2022-08-25T00:00:00,26.226574713020565,40097,1.0,1528.87,high,historical_dataset
2022-08-25T00:00:00,35.10169608368135,26754,1.0,762.19,medium,historical_dataset
2022-08-25T00:00:00,39.327767783660505,59245,1.0,1506.44,high,historical_dataset
2022-08-25T00:00:00,48.52281082922386,41877,1.0,863.04,medium,historical_dataset
2022-08-25T00:00:00,48.413030506689026,12271,1.0,253.46,low,historical_dataset
2022-08-25T00:00:00,40.99333685769619,36805,1.0,897.83,medium,historical_dataset
2022-08-25T00:00:00,58.09518906467237,18008,1.0,309.97,low,historical_dataset
2022-08-25T00:00:00,32.81742942127895,28292,1.0,862.1,medium,historical_dataset
2022-08-25T00:00:00,67.57620637550414,11913,1.0,176.29,low,historical_dataset
2022-08-25T00:00:00,27.671612458282716,11897,1.0,429.94,low,historical_dataset
2022-08-26T00:00:00,36.80964637339809,46715,1.0,1269.1,high,historical_dataset
2022-08-26T00:00:00,46.604725053473395,33842,1.0,726.15,medium,historical_dataset
2022-08-26T00:00:00,41.75285005275246,11489,1.0,275.17,low,historical_dataset
2022-08-26T00:00:00,20.31184793370599,40466,1.0,1992.24,high,historical_dataset
2022-08-26T00:00:00,38.7412865243547,26781,1.0,691.28,medium,historical_dataset
2022-08-26T00:00:00,35.85021270745834,11323,1.0,315.84,low,historical_dataset
2022-08-26T00:00:00,38.6268932056654,37333,1.0,966.5,medium,historical_dataset
2022-08-26T00:00:00,26.61724647354918,32685,1.0,1227.96,high,historical_dataset
2022-08-26T00:00:00,44.71025755449748,20542,1.0,459.45,low,historical_dataset
2022-08-26T00:00:00,36.384057248073084,28189,1.0,774.76,medium,historical_dataset
2022-08-26T00:00:00,45.944732128436506,30465,1.0,663.08,medium,historical_dataset
2022-08-27T00:00:00,65.92390289003299,11925,1.0,180.89,low,historical_dataset
2022-08-27T00:00:00,25.4000539052234,47121,1.0,1855.15,high,historical_dataset
2022-08-27T00:00:00,45.23884446860462,16119,1.0,356.31,low,historical_dataset
2022-08-27T00:00:00,53.415384793253295,15502,1.0,290.22,low,historical_dataset
2022-08-27T00:00:00,36.784418142130576,33645,1.0,914.65,medium,historical_dataset
2022-08-27T00:00:00,20.0,27756,1.0,1387.8,high,historical_dataset
2022-08-27T00:00:00,30.323070632689696,27386,1.0,903.14,medium,historical_dataset
2022-08-27T00:00:00,41.99137555290725,22966,1.0,546.92,medium,historical_dataset
2022-08-27T00:00:00,21.47244396284284,29784,1.0,1387.08,high,historical_dataset
2022-08-28T00:00:00,28.388327845008305,45640,1.0,1607.7,high,historical_dataset
2022-08-28T00:00:00,57.42674380466947,8796,1.0,153.17,low,historical_dataset
2022-08-28T00:00:00,32.09924332545185,28898,1.0,900.27,medium,historical_dataset
2022-08-28T00:00:00,37.7866845619766,29592,1.0,783.13,medium,historical_dataset
2022-08-28T00:00:00,40.35235085156357,15119,1.0,374.67,low,historical_dataset
2022-08-28T00:00:00,44.271450935909506,14323,1.0,323.53,low,historical_dataset
2022-08-28T00:00:00,33.8040828262214,28275,1.0,836.44,medium,historical_dataset
2022-08-28T00:00:00,40.918554773102386,15402,1.0,376.41,low,historical_dataset
2022-08-28T00:00:00,49.39116534198966,25038,1.0,506.93,medium,historical_dataset
2022-08-28T00:00:00,55.41696557520979,9871,1.0,178.12,low,historical_dataset
2022-08-28T00:00:00,46.96795485829911,9897,1.0,210.72,low,historical_dataset
2022-08-29T00:00:00,30.877419289365193,37078,1.0,1200.81,high,historical_dataset
2022-08-29T00:00:00,41.52395217852235,22569,1.0,543.52,medium,historical_dataset
2022-08-29T00:00:00,20.0,29601,1.0,1480.05,high,historical_dataset
2022-08-29T00:00:00,47.4867987099682,31094,1.0,654.79,medium,historical_dataset
2022-08-29T00:00:00,34.341762702853465,58199,1.0,1694.7,high,historical_dataset
2022-08-29T00:00:00,41.45244820322117,37642,1.0,908.08,medium,historical_dataset
2022-08-29T00:00:00,21.846739149481117,30505,1.0,1396.32,high,historical_dataset
2022-08-29T00:00:00,66.38730107268256,24834,1.0,374.08,low,historical_dataset
2022-08-29T00:00:00,45.980554899196385,24127,1.0,524.72,medium,historical_dataset
2022-08-29T00:00:00,36.51294075935682,18360,1.0,502.84,medium,historical_dataset
2022-08-30T00:00:00,21.673143548522553,25546,1.0,1178.69,high,historical_dataset
2022-08-30T00:00:00,40.979571853404636,25490,1.0,622.02,medium,historical_dataset
2022-08-30T00:00:00,20.0,29229,1.0,1461.45,high,historical_dataset
2022-08-30T00:00:00,43.82270510138356,22662,1.0,517.13,medium,historical_dataset
2022-08-30T00:00:00,37.004156634338564,43958,1.0,1187.92,high,historical_dataset
2022-08-30T00:00:00,46.13100078248018,19523,1.0,423.21,low,historical_dataset
2022-08-30T00:00:00,31.31419411259872,55092,1.0,1759.33,high,historical_dataset
2022-08-30T00:00:00,25.762546351982344,51856,1.0,2012.84,high,historical_dataset
2022-08-30T00:00:00,29.74639996269981,38140,1.0,1282.17,high,historical_dataset
2022-08-30T00:00:00,41.49300251964144,22564,1.0,543.8,medium,historical_dataset
2022-08-30T00:00:00,35.82500757587231,22119,1.0,617.42,medium,historical_dataset
2022-08-31T00:00:00,55.2464564210721,11821,1.0,213.97,low,historical_dataset
2022-08-31T00:00:00,40.50267467789918,39971,1.0,986.87,medium,historical_dataset
2022-08-31T00:00:00,32.58604623133349,63191,1.0,1939.2,high,historical_dataset
2022-08-31T00:00:00,40.61472235444634,41586,1.0,1023.91,high,historical_dataset
2022-08-31T00:00:00,39.06252982732169,44455,1.0,1138.05,high,historical_dataset
2022-08-31T00:00:00,20.0,26308,1.0,1315.4,high,historical_dataset
2022-08-31T00:00:00,55.81559381013051,8918,1.0,159.78,low,historical_dataset
2022-09-01T00:00:00,49.69193731971238,36839,1.0,741.35,medium,historical_dataset
2022-09-01T00:00:00,53.89925050251166,23379,1.0,433.75,low,historical_dataset
2022-09-01T00:00:00,45.62697401333146,26331,1.0,577.09,medium,historical_dataset
2022-09-01T00:00:00,42.72437362183663,21262,1.0,497.66,low,historical_dataset
2022-09-01T00:00:00,28.89854060370162,34415,1.0,1190.89,high,historical_dataset
2022-09-01T00:00:00,29.046927765678515,27289,1.0,939.48,medium,historical_dataset
2022-09-01T00:00:00,33.187012143302255,39080,1.0,1177.57,high,historical_dataset
2022-09-01T00:00:00,50.648304050350646,50453,1.0,996.14,medium,historical_dataset
2022-09-01T00:00:00,30.24645236675748,31500,1.0,1041.44,high,historical_dataset
2022-09-01T00:00:00,28.809631471780598,20548,1.0,713.23,medium,historical_dataset
2022-09-01T00:00:00,22.240334304853526,39933,1.0,1795.52,high,historical_dataset
2022-09-02T00:00:00,62.90309164627847,10468,1.0,166.41,low,historical_dataset
2022-09-02T00:00:00,32.038298383343616,32743,1.0,1022.0,high,historical_dataset
2022-09-02T00:00:00,42.62522663456426,18056,1.0,423.6,low,historical_dataset
2022-09-02T00:00:00,62.80492805415359,23506,1.0,374.27,low,historical_dataset
2022-09-02T00:00:00,29.97965656461226,31924,1.0,1064.86,high,historical_dataset
2022-09-02T00:00:00,25.825237954122517,38210,1.0,1479.56,high,historical_dataset
2022-09-02T00:00:00,37.27277412679598,28803,1.0,772.76,medium,historical_dataset
2022-09-02T00:00:00,38.320754388032476,32683,1.0,852.88,medium,historical_dataset
2022-09-02T00:00:00,33.71101871144023,17614,1.0,522.5,medium,historical_dataset
2022-09-03T00:00:00,43.98834486209739,61638,1.0,1401.23,high,historical_dataset
2022-09-03T00:00:00,34.117383613490034,7098,1.0,208.05,low,historical_dataset
2022-09-03T00:00:00,44.73228385202868,69407,1.0,1551.61,high,historical_dataset
2022-09-03T00:00:00,45.24842877238452,44345,1.0,980.03,medium,historical_dataset
2022-09-03T00:00:00,49.53142497670822,17442,1.0,352.14,low,historical_dataset
2022-09-03T00:00:00,46.67475909435631,18374,1.0,393.66,low,historical_dataset
2022-09-03T00:00:00,31.560969389556906,30342,1.0,961.38,medium,historical_dataset
2022-09-03T00:00:00,35.87858011663937,37645,1.0,1049.23,high,historical_dataset
2022-09-03T00:00:00,50.663785148541244,18758,1.0,370.24,low,historical_dataset
2022-09-03T00:00:00,32.209302373692054,35450,1.0,1100.61,high,historical_dataset
2022-09-04T00:00:00,25.38117033194612,44277,1.0,1744.48,high,historical_dataset
2022-09-04T00:00:00,30.936043062936836,41225,1.0,1332.59,high,historical_dataset
2022-09-04T00:00:00,42.122042760606625,17562,1.0,416.93,low,historical_dataset
2022-09-04T00:00:00,44.77601648647869,49823,1.0,1112.72,high,historical_dataset
2022-09-04T00:00:00,32.635909366900314,21044,1.0,644.81,medium,historical_dataset
2022-09-04T00:00:00,29.80568296717103,11746,1.0,394.09,low,historical_dataset
2022-09-04T00:00:00,36.40777729552528,25616,1.0,703.59,medium,historical_dataset
2022-09-04T00:00:00,46.50323886595221,9559,1.0,205.56,low,historical_dataset
2022-09-04T00:00:00,57.35366600459638,20219,1.0,352.53,low,historical_dataset
2022-09-04T00:00:00,30.489086392150604,18316,1.0,600.74,medium,historical_dataset
2022-09-05T00:00:00,46.956125186384625,11327,1.0,241.23,low,historical_dataset
2022-09-05T00:00:00,35.864153133962006,48284,1.0,1346.3,high,historical_dataset
2022-09-05T00:00:00,21.5829465932405,45992,1.0,2130.94,high,historical_dataset
2022-09-05T00:00:00,47.99333673657743,42870,1.0,893.25,medium,historical_dataset
2022-09-05T00:00:00,33.79512101364318,41278,1.0,1221.42,high,historical_dataset
2022-09-05T00:00:00,45.61207003967272,22181,1.0,486.3,low,historical_dataset
2022-09-05T00:00:00,38.610451491972285,20815,1.0,539.1,medium,historical_dataset
2022-09-06T00:00:00,23.382500734450595,38314,1.0,1638.58,high,historical_dataset
2022-09-06T00:00:00,61.529559276394565,14028,1.0,227.99,low,historical_dataset
2022-09-06T00:00:00,23.257777180531676,46257,1.0,1988.88,high,historical_dataset
2022-09-06T00:00:00,45.10527057006556,37655,1.0,834.82,medium,historical_dataset
2022-09-07T00:00:00,64.07966926636809,10664,1.0,166.42,low,historical_dataset
2022-09-07T00:00:00,35.56367964366068,38057,1.0,1070.11,high,historical_dataset
2022-09-07T00:00:00,38.354936521493904,42769,1.0,1115.08,high,historical_dataset
2022-09-07T00:00:00,43.111162425089695,24728,1.0,573.59,medium,historical_dataset
2022-09-07T00:00:00,26.264645876166497,34597,1.0,1317.25,high,historical_dataset
2022-09-07T00:00:00,37.83235347284439,14000,1.0,370.05,low,historical_dataset
2022-09-07T00:00:00,28.294965249975668,30885,1.0,1091.54,high,historical_dataset
2022-09-07T00:00:00,32.02392889718078,33003,1.0,1030.57,high,historical_dataset
2022-09-07T00:00:00,51.71710865102176,5423,1.0,104.86,low,historical_dataset
2022-09-07T00:00:00,31.898137606541262,19143,1.0,600.13,medium,historical_dataset
2022-09-08T00:00:00,64.8436388266919,22582,1.0,348.25,low,historical_dataset
2022-09-08T00:00:00,65.97817098408464,23070,1.0,349.66,low,historical_dataset
2022-09-08T00:00:00,41.80941043233798,32273,1.0,771.91,medium,historical_dataset
2022-09-08T00:00:00,67.81228091401297,20736,1.0,305.79,low,historical_dataset
2022-09-08T00:00:00,38.0337780870011,45524,1.0,1196.94,high,historical_dataset
2022-09-08T00:00:00,49.08642716454136,44981,1.0,916.36,medium,historical_dataset
2022-09-08T00:00:00,48.480561876487315,35322,1.0,728.58,medium,historical_dataset
2022-09-08T00:00:00,20.0,28193,1.0,1409.65,high,historical_dataset
2022-09-09T00:00:00,32.835790026924805,26909,1.0,819.5,medium,historical_dataset
2022-09-09T00:00:00,34.8326890853118,24231,1.0,695.64,medium,historical_dataset
2022-09-09T00:00:00,45.61373677679449,19952,1.0,437.41,low,historical_dataset
2022-09-09T00:00:00,34.491668250544414,15486,1.0,448.98,low,historical_dataset
2022-09-09T00:00:00,48.64100076106015,24256,1.0,498.67,low,historical_dataset
2022-09-09T00:00:00,37.02436470649456,19152,1.0,517.28,medium,historical_dataset
2022-09-09T00:00:00,49.495944755482654,18792,1.0,379.67,low,historical_dataset
2022-09-09T00:00:00,32.414353687706445,33081,1.0,1020.57,high,historical_dataset
2022-09-09T00:00:00,45.484534954227485,16993,1.0,373.6,low,historical_dataset
2022-09-09T00:00:00,29.347122396948556,6729,1.0,229.29,low,historical_dataset
2022-09-10T00:00:00,56.56851962226911,10737,1.0,189.81,low,historical_dataset
2022-09-10T00:00:00,38.19285734156989,26837,1.0,702.67,medium,historical_dataset
2022-09-10T00:00:00,57.676187370741914,15788,1.0,273.74,low,historical_dataset
2022-09-10T00:00:00,41.876760260984355,13126,1.0,313.44,low,historical_dataset
2022-09-10T00:00:00,35.70994437971487,26222,1.0,734.31,medium,historical_dataset
2022-09-10T00:00:00,29.564012838271715,7980,1.0,269.92,low,historical_dataset
2022-09-10T00:00:00,20.18341436743772,39751,1.0,1969.49,high,historical_dataset
2022-09-10T00:00:00,47.67360181571551,25865,1.0,542.54,medium,historical_dataset
2022-09-10T00:00:00,38.65470916501814,15870,1.0,410.56,low,historical_dataset
2022-09-11T00:00:00,28.838163944465588,36681,1.0,1271.96,high,historical_dataset
2022-09-11T00:00:00,38.98744244899186,35719,1.0,916.17,medium,historical_dataset
2022-09-11T00:00:00,27.31191134378242,26945,1.0,986.57,medium,historical_dataset
2022-09-11T00:00:00,31.283278148910362,48695,1.0,1556.58,high,historical_dataset
2022-09-11T00:00:00,50.688364481347634,60237,1.0,1188.38,high,historical_dataset
2022-09-11T00:00:00,26.945349650932343,52394,1.0,1944.45,high,historical_dataset
2022-09-11T00:00:00,33.56933530228443,27506,1.0,819.38,medium,historical_dataset
2022-09-11T00:00:00,34.76235412097243,39250,1.0,1129.09,high,historical_dataset
2022-09-11T00:00:00,38.841174167287775,24816,1.0,638.91,medium,historical_dataset
2022-09-11T00:00:00,43.0699249641543,20750,1.0,481.77,low,historical_dataset
2022-09-11T00:00:00,64.75457527157876,15707,1.0,242.56,low,historical_dataset
2022-09-12T00:00:00,29.704724585463463,39495,1.0,1329.59,high,historical_dataset
2022-09-12T00:00:00,23.191969183528826,25714,1.0,1108.75,high,historical_dataset
2022-09-12T00:00:00,23.88881859447831,47293,1.0,1979.71,high,historical_dataset
2022-09-12T00:00:00,31.143232178978348,29449,1.0,945.6,medium,historical_dataset
2022-09-12T00:00:00,44.79646864295456,25149,1.0,561.41,medium,historical_dataset
2022-09-12T00:00:00,40.21820724950225,29787,1.0,740.63,medium,historical_dataset
2022-09-12T00:00:00,27.83772969651984,37726,1.0,1355.21,high,historical_dataset
2022-09-12T00:00:00,53.90470089234937,21112,1.0,391.65,low,historical_dataset
2022-09-13T00:00:00,33.97453669338537,37075,1.0,1091.26,high,historical_dataset
2022-09-13T00:00:00,28.35108785850879,51555,1.0,1818.45,high,historical_dataset
2022-09-13T00:00:00,60.67819281195702,24754,1.0,407.96,low,historical_dataset
2022-09-13T00:00:00,43.46413161159303,32377,1.0,744.91,medium,historical_dataset
2022-09-13T00:00:00,25.74381006649925,31283,1.0,1215.17,high,historical_dataset
2022-09-13T00:00:00,44.710043154586586,13954,1.0,312.1,low,historical_dataset
2022-09-13T00:00:00,31.205805128758065,42555,1.0,1363.69,high,historical_dataset
2022-09-13T00:00:00,27.8514173099691,38083,1.0,1367.36,high,historical_dataset
2022-09-13T00:00:00,46.28872492646747,36762,1.0,794.19,medium,historical_dataset
2022-09-13T00:00:00,25.30562882633408,34847,1.0,1377.05,high,historical_dataset
2022-09-14T00:00:00,33.9487979917594,35832,1.0,1055.47,high,historical_dataset
2022-09-14T00:00:00,27.554096150664257,48858,1.0,1773.17,high,historical_dataset
2022-09-14T00:00:00,29.703540845981827,44799,1.0,1508.2,high,historical_dataset
2022-09-14T00:00:00,44.07710961083603,15407,1.0,349.55,low,historical_dataset
2022-09-14T00:00:00,35.29075545883066,36697,1.0,1039.85,high,historical_dataset
2022-09-14T00:00:00,44.40400066007791,48277,1.0,1087.22,high,historical_dataset
2022-09-14T00:00:00,51.52174293188886,24662,1.0,478.67,low,historical_dataset
2022-09-14T00:00:00,43.82095241873733,42219,1.0,963.44,medium,historical_dataset
2022-09-14T00:00:00,59.373046240101694,39594,1.0,666.87,medium,historical_dataset
2022-09-15T00:00:00,20.0,49643,1.0,2482.15,high,historical_dataset
2022-09-15T00:00:00,31.88344779800982,15372,1.0,482.13,low,historical_dataset
2022-09-15T00:00:00,29.272171670405022,24341,1.0,831.54,medium,historical_dataset
2022-09-15T00:00:00,33.87821832240198,32506,1.0,959.5,medium,historical_dataset
2022-09-15T00:00:00,38.29839263565073,14576,1.0,380.59,low,historical_dataset
2022-09-15T00:00:00,28.574118656147874,21149,1.0,740.15,medium,historical_dataset
2022-09-15T00:00:00,37.85137686026155,10655,1.0,281.5,low,historical_dataset
2022-09-15T00:00:00,23.56852217153366,57617,1.0,2444.66,high,historical_dataset
2022-09-15T00:00:00,40.492414784287455,35802,1.0,884.17,medium,historical_dataset
2022-09-15T00:00:00,20.0,25364,1.0,1268.2,high,historical_dataset
2022-09-15T00:00:00,39.127609263812374,21295,1.0,544.24,medium,historical_dataset
2022-09-15T00:00:00,48.97006956602341,19764,1.0,403.59,low,historical_dataset
2022-09-16T00:00:00,20.0,39951,1.0,1997.55,high,historical_dataset
2022-09-16T00:00:00,25.863256626390175,27194,1.0,1051.45,high,historical_dataset
2022-09-16T00:00:00,48.72530851527166,25084,1.0,514.8,medium,historical_dataset
2022-09-16T00:00:00,39.7933137366519,51293,1.0,1288.99,high,historical_dataset
2022-09-16T00:00:00,44.89130156800091,41548,1.0,925.52,medium,historical_dataset
2022-09-16T00:00:00,57.508937886917906,16072,1.0,279.47,low,historical_dataset
2022-09-16T00:00:00,48.17463561104498,25188,1.0,522.85,medium,historical_dataset
2022-09-16T00:00:00,30.385638469869964,16312,1.0,536.83,medium,historical_dataset
2022-09-17T00:00:00,29.710771517584174,12757,1.0,429.37,low,historical_dataset
2022-09-17T00:00:00,20.0,34811,1.0,1740.55,high,historical_dataset
2022-09-17T00:00:00,56.57298259805513,7250,1.0,128.15,low,historical_dataset
2022-09-17T00:00:00,31.403136885713394,46682,1.0,1486.54,high,historical_dataset
2022-09-17T00:00:00,51.46502985014507,40751,1.0,791.82,medium,historical_dataset
2022-09-17T00:00:00,48.15633854682498,37399,1.0,776.62,medium,historical_dataset
2022-09-17T00:00:00,50.613136341635034,17747,1.0,350.64,low,historical_dataset
2022-09-17T00:00:00,42.04658343857772,10196,1.0,242.49,low,historical_dataset
2022-09-17T00:00:00,30.894436843038793,15729,1.0,509.12,medium,historical_dataset
2022-09-17T00:00:00,47.577443416542245,15832,1.0,332.76,low,historical_dataset
2022-09-18T00:00:00,38.92082641905035,39506,1.0,1015.03,high,historical_dataset
2022-09-18T00:00:00,25.494771549704183,34088,1.0,1337.06,high,historical_dataset
2022-09-18T00:00:00,29.424769387567263,48981,1.0,1664.62,high,historical_dataset
2022-09-18T00:00:00,22.305367630309824,44158,1.0,1979.7,high,historical_dataset
2022-09-18T00:00:00,48.87168626626804,7083,1.0,144.93,low,historical_dataset
2022-09-18T00:00:00,46.14505004282673,14540,1.0,315.09,low,historical_dataset
2022-09-18T00:00:00,38.18722559006678,15689,1.0,410.84,low,historical_dataset
2022-09-18T00:00:00,37.27354809869692,21694,1.0,582.02,medium,historical_dataset
2022-09-18T00:00:00,39.56980864754067,23481,1.0,593.41,medium,historical_dataset
2022-09-19T00:00:00,38.194622960634064,36322,1.0,950.97,medium,historical_dataset
2022-09-19T00:00:00,37.871243954885806,34429,1.0,909.11,medium,historical_dataset
2022-09-19T00:00:00,36.53871503570661,16156,1.0,442.16,low,historical_dataset
2022-09-19T00:00:00,32.9260394818825,44685,1.0,1357.13,high,historical_dataset
2022-09-19T00:00:00,51.04489560174426,17605,1.0,344.89,low,historical_dataset
2022-09-19T00:00:00,62.31692988653624,4537,1.0,72.81,low,historical_dataset
2022-09-19T00:00:00,47.66881312142529,30975,1.0,649.8,medium,historical_dataset
2022-09-19T00:00:00,20.0,38736,1.0,1936.8,high,historical_dataset
2022-09-19T00:00:00,45.923718622047716,26036,1.0,566.94,medium,historical_dataset
2022-09-19T00:00:00,42.45690974047355,27266,1.0,642.2,medium,historical_dataset
2022-09-19T00:00:00,35.78489741308935,25938,1.0,724.83,medium,historical_dataset
2022-09-20T00:00:00,34.641923804533036,25347,1.0,731.69,medium,historical_dataset
2022-09-20T00:00:00,20.0,33214,1.0,1660.7,high,historical_dataset
2022-09-20T00:00:00,47.65363740793629,23792,1.0,499.27,low,historical_dataset
2022-09-20T00:00:00,44.36121480455564,24244,1.0,546.51,medium,historical_dataset
2022-09-20T00:00:00,27.99672836972858,47443,1.0,1694.59,high,historical_dataset
2022-09-20T00:00:00,46.8988966105318,14918,1.0,318.09,low,historical_dataset
2022-09-20T00:00:00,62.852598088288474,20336,1.0,323.55,low,historical_dataset
2022-09-20T00:00:00,30.183919560976,21111,1.0,699.41,medium,historical_dataset
2022-09-20T00:00:00,55.69868408540145,9250,1.0,166.07,low,historical_dataset
2022-09-20T00:00:00,34.1314985374852,38307,1.0,1122.34,high,historical_dataset
2022-09-20T00:00:00,27.31434621698113,32425,1.0,1187.11,high,historical_dataset
2022-09-21T00:00:00,32.48529437638606,21949,1.0,675.66,medium,historical_dataset
2022-09-21T00:00:00,35.24428080140964,15036,1.0,426.62,low,historical_dataset
2022-09-21T00:00:00,34.75973673782092,34207,1.0,984.1,medium,historical_dataset
2022-09-21T00:00:00,20.0,62720,1.0,3136.0,high,historical_dataset
2022-09-21T00:00:00,52.299307141653784,38940,1.0,744.56,medium,historical_dataset
2022-09-21T00:00:00,27.53262823783121,42816,1.0,1555.1,high,historical_dataset
2022-09-21T00:00:00,38.28071564650731,30733,1.0,802.83,medium,historical_dataset
2022-09-22T00:00:00,50.18262409984949,23025,1.0,458.82,low,historical_dataset
2022-09-22T00:00:00,43.87480051929725,34289,1.0,781.52,medium,historical_dataset
2022-09-22T00:00:00,34.527873696709484,16112,1.0,466.64,low,historical_dataset
2022-09-22T00:00:00,42.30458975652823,43119,1.0,1019.25,high,historical_dataset
2022-09-22T00:00:00,50.616107805179695,62613,1.0,1237.02,high,historical_dataset
2022-09-22T00:00:00,20.0,25127,1.0,1256.35,high,historical_dataset
2022-09-22T00:00:00,39.32033477458009,27703,1.0,704.55,medium,historical_dataset
2022-09-22T00:00:00,39.49335052687935,28349,1.0,717.82,medium,historical_dataset
2022-09-22T00:00:00,58.97206689124408,16226,1.0,275.15,low,historical_dataset
2022-09-22T00:00:00,33.75181982654783,27864,1.0,825.56,medium,historical_dataset
2022-09-23T00:00:00,52.15191810921317,46348,1.0,888.71,medium,historical_dataset
2022-09-23T00:00:00,34.66447565710276,37232,1.0,1074.07,high,historical_dataset
2022-09-23T00:00:00,46.37415348166621,11735,1.0,253.05,low,historical_dataset
2022-09-23T00:00:00,37.02417787290419,41825,1.0,1129.67,high,historical_dataset
2022-09-23T00:00:00,38.66305228624777,24812,1.0,641.75,medium,historical_dataset
2022-09-23T00:00:00,39.38605489097511,19487,1.0,494.77,low,historical_dataset
2022-09-23T00:00:00,38.98221633455083,19376,1.0,497.05,low,historical_dataset
2022-09-24T00:00:00,57.599559814891236,24127,1.0,418.87,low,historical_dataset
2022-09-24T00:00:00,38.23851980802849,48069,1.0,1257.08,high,historical_dataset
2022-09-24T00:00:00,40.529274806340766,48387,1.0,1193.88,high,historical_dataset
2022-09-24T00:00:00,38.583080857775506,45668,1.0,1183.63,high,historical_dataset
2022-09-24T00:00:00,44.370406026868245,20228,1.0,455.89,low,historical_dataset
2022-09-24T00:00:00,44.95762447056129,45930,1.0,1021.63,high,historical_dataset
2022-09-24T00:00:00,72.57534792416101,11770,1.0,162.18,low,historical_dataset
2022-09-24T00:00:00,49.199776464026,17299,1.0,351.61,low,historical_dataset
2022-09-24T00:00:00,27.832737609360215,28139,1.0,1011.0,high,historical_dataset
2022-09-25T00:00:00,51.215203457866664,24146,1.0,471.46,low,historical_dataset
2022-09-25T00:00:00,32.50448387603784,26555,1.0,816.96,medium,historical_dataset
2022-09-25T00:00:00,39.812010801071565,34653,1.0,870.42,medium,historical_dataset
2022-09-25T00:00:00,50.560661226400164,21968,1.0,434.49,low,historical_dataset
2022-09-25T00:00:00,35.76021301266026,31373,1.0,877.32,medium,historical_dataset
2022-09-25T00:00:00,29.22567858895907,38985,1.0,1333.93,high,historical_dataset
2022-09-25T00:00:00,29.106653614720308,39267,1.0,1349.07,high,historical_dataset
2022-09-25T00:00:00,48.79899656930417,18898,1.0,387.26,low,historical_dataset
2022-09-25T00:00:00,38.79286090267696,16060,1.0,413.99,low,historical_dataset
2022-09-26T00:00:00,25.819652914200688,37343,1.0,1446.3,high,historical_dataset
2022-09-26T00:00:00,42.54886342232002,26691,1.0,627.3,medium,historical_dataset
2022-09-26T00:00:00,36.27475206522473,16658,1.0,459.22,low,historical_dataset
2022-09-26T00:00:00,35.28514200200045,49945,1.0,1415.47,high,historical_dataset
2022-09-26T00:00:00,60.60953025622766,19186,1.0,316.55,low,historical_dataset
2022-09-26T00:00:00,32.06360269423518,42884,1.0,1337.47,high,historical_dataset
2022-09-26T00:00:00,60.2433024100268,19522,1.0,324.05,low,historical_dataset
2022-09-26T00:00:00,48.24320080746912,20777,1.0,430.67,low,historical_dataset
2022-09-26T00:00:00,32.32301913213688,42841,1.0,1325.4,high,historical_dataset
2022-09-26T00:00:00,50.00048241445721,18111,1.0,362.22,low,historical_dataset
2022-09-27T00:00:00,55.72277290659069,25807,1.0,463.13,low,historical_dataset
2022-09-27T00:00:00,50.023220898968646,19926,1.0,398.34,low,historical_dataset
2022-09-27T00:00:00,29.762664926220765,44315,1.0,1488.95,high,historical_dataset
2022-09-27T00:00:00,42.30496193360539,16526,1.0,390.64,low,historical_dataset
2022-09-27T00:00:00,36.12711878591251,40681,1.0,1126.05,high,historical_dataset
2022-09-27T00:00:00,23.527331573693964,27338,1.0,1161.97,high,historical_dataset
2022-09-27T00:00:00,50.92640482218823,21360,1.0,419.43,low,historical_dataset
2022-09-27T00:00:00,40.46408747041189,43320,1.0,1070.58,high,historical_dataset
2022-09-27T00:00:00,51.73740651984222,20532,1.0,396.85,low,historical_dataset
2022-09-27T00:00:00,43.648648057161466,17531,1.0,401.64,low,historical_dataset
2022-09-28T00:00:00,33.11067746061033,32360,1.0,977.33,medium,historical_dataset
2022-09-28T00:00:00,21.401674108726162,39892,1.0,1863.97,high,historical_dataset
2022-09-28T00:00:00,44.72441293919452,21636,1.0,483.76,low,historical_dataset
2022-09-28T00:00:00,20.0,43016,1.0,2150.8,high,historical_dataset
2022-09-28T00:00:00,29.05398153389939,29036,1.0,999.38,medium,historical_dataset
2022-09-28T00:00:00,41.230347539913936,27058,1.0,656.26,medium,historical_dataset
2022-09-28T00:00:00,48.50177215313872,23175,1.0,477.82,low,historical_dataset
2022-09-28T00:00:00,42.3947957473637,28160,1.0,664.23,medium,historical_dataset
2022-09-28T00:00:00,56.624755677515545,19515,1.0,344.64,low,historical_dataset
2022-09-28T00:00:00,31.80829782845193,37902,1.0,1191.58,high,historical_dataset
2022-09-28T00:00:00,37.106327547911505,25193,1.0,678.94,medium,historical_dataset
2022-09-29T00:00:00,48.34945979755653,27381,1.0,566.31,medium,historical_dataset
2022-09-29T00:00:00,32.42262016602473,20693,1.0,638.23,medium,historical_dataset
2022-09-29T00:00:00,44.191100814029916,8139,1.0,184.18,low,historical_dataset
2022-09-29T00:00:00,45.147423010912036,60662,1.0,1343.64,high,historical_dataset
2022-09-29T00:00:00,36.60616496080799,13898,1.0,379.66,low,historical_dataset
2022-09-29T00:00:00,42.55886224651773,12626,1.0,296.67,low,historical_dataset
2022-09-29T00:00:00,34.791227190780994,27396,1.0,787.44,medium,historical_dataset
2022-09-29T00:00:00,36.743718630580624,34418,1.0,936.7,medium,historical_dataset
2022-09-29T00:00:00,29.3890033375293,20103,1.0,684.03,medium,historical_dataset
2022-09-29T00:00:00,64.07294257681977,23845,1.0,372.15,low,historical_dataset
2022-09-29T00:00:00,41.81929694288139,14538,1.0,347.64,low,historical_dataset
2022-09-30T00:00:00,23.268372272328165,44024,1.0,1892.01,high,historical_dataset
2022-09-30T00:00:00,26.057201685926294,42950,1.0,1648.3,high,historical_dataset
2022-09-30T00:00:00,39.68876977201096,21174,1.0,533.5,medium,historical_dataset
2022-09-30T00:00:00,52.63626200200737,45286,1.0,860.36,medium,historical_dataset
2022-09-30T00:00:00,55.870008867798276,14237,1.0,254.82,low,historical_dataset
2022-09-30T00:00:00,29.889010332757547,50025,1.0,1673.69,high,historical_dataset
2022-09-30T00:00:00,20.0,39692,1.0,1984.6,high,historical_dataset
2022-09-30T00:00:00,57.94331253205392,21419,1.0,369.65,low,historical_dataset
2022-10-01T00:00:00,48.17155712429637,23657,1.0,491.1,low,historical_dataset
2022-10-01T00:00:00,22.344120111451474,31303,1.0,1400.95,high,historical_dataset
2022-10-01T00:00:00,42.64813307325627,15686,1.0,367.8,low,historical_dataset
2022-10-01T00:00:00,32.438212038012715,47147,1.0,1453.44,high,historical_dataset
2022-10-01T00:00:00,29.004293726995297,31630,1.0,1090.53,high,historical_dataset
2022-10-01T00:00:00,31.975402891779872,24497,1.0,766.12,medium,historical_dataset
2022-10-01T00:00:00,32.343394528675454,36649,1.0,1133.12,high,historical_dataset
2022-10-01T00:00:00,20.0,40755,1.0,2037.75,high,historical_dataset
2022-10-01T00:00:00,31.153845987707506,10443,1.0,335.21,low,historical_dataset
2022-10-02T00:00:00,23.889076819925556,37095,1.0,1552.8,high,historical_dataset
2022-10-02T00:00:00,63.76464611304732,24960,1.0,391.44,low,historical_dataset
2022-10-02T00:00:00,54.00767976193687,7836,1.0,145.09,low,historical_dataset
2022-10-02T00:00:00,25.790783009256824,42457,1.0,1646.21,high,historical_dataset
2022-10-02T00:00:00,42.97089357828976,14046,1.0,326.87,low,historical_dataset
2022-10-02T00:00:00,42.82877515171769,52343,1.0,1222.15,high,historical_dataset
2022-10-02T00:00:00,42.081898367227964,37429,1.0,889.43,medium,historical_dataset
2022-10-02T00:00:00,49.46228951164928,22146,1.0,447.74,low,historical_dataset
2022-10-02T00:00:00,50.7311990114901,21907,1.0,431.82,low,historical_dataset
2022-10-03T00:00:00,37.33723796593043,23473,1.0,628.68,medium,historical_dataset
2022-10-03T00:00:00,40.75560720787581,49602,1.0,1217.06,high,historical_dataset
2022-10-03T00:00:00,43.37606892609635,36606,1.0,843.92,medium,historical_dataset
2022-10-03T00:00:00,45.61972573965947,14578,1.0,319.55,low,historical_dataset
2022-10-03T00:00:00,22.089950876094605,30717,1.0,1390.54,high,historical_dataset
2022-10-03T00:00:00,37.82589298889586,29616,1.0,782.96,medium,historical_dataset
2022-10-03T00:00:00,53.44884781369075,40430,1.0,756.42,medium,historical_dataset
2022-10-03T00:00:00,41.351670370985474,26681,1.0,645.22,medium,historical_dataset
2022-10-03T00:00:00,20.0,28591,1.0,1429.55,high,historical_dataset
2022-10-03T00:00:00,27.987978999303216,36275,1.0,1296.09,high,historical_dataset
2022-10-03T00:00:00,46.82165416359192,18157,1.0,387.79,low,historical_dataset
2022-10-04T00:00:00,33.162821713697,42698,1.0,1287.53,high,historical_dataset
2022-10-04T00:00:00,47.50785339062316,47769,1.0,1005.5,high,historical_dataset
2022-10-04T00:00:00,61.16471635387891,15899,1.0,259.94,low,historical_dataset
2022-10-04T00:00:00,39.699388998158724,46366,1.0,1167.93,high,historical_dataset
2022-10-04T00:00:00,23.81085415478661,45363,1.0,1905.14,high,historical_dataset
2022-10-04T00:00:00,49.1471306171979,18448,1.0,375.36,low,historical_dataset
2022-10-04T00:00:00,39.39259489380676,31214,1.0,792.38,medium,historical_dataset
2022-10-04T00:00:00,66.16143574077597,18387,1.0,277.91,low,historical_dataset
2022-10-05T00:00:00,45.8285295417683,25606,1.0,558.73,medium,historical_dataset
2022-10-05T00:00:00,39.22383900583153,38652,1.0,985.42,medium,historical_dataset
2022-10-05T00:00:00,40.53480517866294,27047,1.0,667.25,medium,historical_dataset
2022-10-05T00:00:00,44.20656252501343,14569,1.0,329.57,low,historical_dataset
2022-10-05T00:00:00,31.86215998473844,45793,1.0,1437.22,high,historical_dataset
2022-10-05T00:00:00,41.33022396495308,51954,1.0,1257.05,high,historical_dataset
2022-10-05T00:00:00,40.78141523590758,39459,1.0,967.57,medium,historical_dataset
2022-10-05T00:00:00,29.66564656380516,27703,1.0,933.84,medium,historical_dataset
2022-10-06T00:00:00,20.0,36210,1.0,1810.5,high,historical_dataset
2022-10-06T00:00:00,31.781702873852154,24794,1.0,780.13,medium,historical_dataset
2022-10-06T00:00:00,43.696463657738256,7883,1.0,180.4,low,historical_dataset
2022-10-06T00:00:00,55.015872658156965,29155,1.0,529.94,medium,historical_dataset
2022-10-06T00:00:00,36.46780690941756,13283,1.0,364.24,low,historical_dataset
2022-10-06T00:00:00,38.51285218454232,26514,1.0,688.45,medium,historical_dataset
2022-10-06T00:00:00,39.67528674018133,27789,1.0,700.41,medium,historical_dataset
2022-10-06T00:00:00,35.65108473581016,16618,1.0,466.13,low,historical_dataset
2022-10-06T00:00:00,47.42688872270892,25757,1.0,543.09,medium,historical_dataset
2022-10-06T00:00:00,41.93559258130128,39632,1.0,945.07,medium,historical_dataset
2022-10-06T00:00:00,59.13788520778428,20002,1.0,338.23,low,historical_dataset
2022-10-07T00:00:00,47.46655741279925,46681,1.0,983.45,medium,historical_dataset
2022-10-07T00:00:00,56.64512594238072,24921,1.0,439.95,low,historical_dataset
2022-10-07T00:00:00,48.96651803153351,29414,1.0,600.7,medium,historical_dataset
2022-10-07T00:00:00,33.39729701623728,28508,1.0,853.6,medium,historical_dataset
2022-10-07T00:00:00,35.05227114923855,18412,1.0,525.27,medium,historical_dataset
2022-10-07T00:00:00,50.180005349190246,24262,1.0,483.5,low,historical_dataset
2022-10-07T00:00:00,22.016737262876784,51640,1.0,2345.49,high,historical_dataset
2022-10-07T00:00:00,47.872463713031806,37012,1.0,773.14,medium,historical_dataset
2022-10-07T00:00:00,33.67457137797069,28896,1.0,858.1,medium,historical_dataset
2022-10-07T00:00:00,51.65172116819818,17531,1.0,339.41,low,historical_dataset
2022-10-07T00:00:00,36.40827642123517,21880,1.0,600.96,medium,historical_dataset
2022-10-07T00:00:00,41.174486044387095,6530,1.0,158.59,low,historical_dataset
2022-10-08T00:00:00,38.92240449553833,31313,1.0,804.5,medium,historical_dataset
2022-10-08T00:00:00,26.086734484344376,32124,1.0,1231.43,high,historical_dataset
2022-10-08T00:00:00,40.970756919475534,32330,1.0,789.1,medium,historical_dataset
2022-10-08T00:00:00,41.586622858919135,30797,1.0,740.55,medium,historical_dataset
2022-10-08T00:00:00,38.14910247137827,48747,1.0,1277.8,high,historical_dataset
2022-10-08T00:00:00,50.51296483354042,9948,1.0,196.94,low,historical_dataset
2022-10-08T00:00:00,37.3403965853332,27069,1.0,724.93,medium,historical_dataset
2022-10-08T00:00:00,30.216087207423083,27724,1.0,917.52,medium,historical_dataset
2022-10-08T00:00:00,52.494795235012255,19587,1.0,373.12,low,historical_dataset
2022-10-08T00:00:00,20.689621245582966,34169,1.0,1651.5,high,historical_dataset
2022-10-08T00:00:00,48.66274133779007,7336,1.0,150.75,low,historical_dataset
2022-10-09T00:00:00,51.9588402210372,21123,1.0,406.53,low,historical_dataset
2022-10-09T00:00:00,43.03875452507112,52571,1.0,1221.48,high,historical_dataset
2022-10-09T00:00:00,37.47507073433029,13649,1.0,364.22,low,historical_dataset
2022-10-09T00:00:00,53.03622059032075,62181,1.0,1172.43,high,historical_dataset
2022-10-09T00:00:00,34.77011474944406,61445,1.0,1767.18,high,historical_dataset
2022-10-09T00:00:00,34.52794689531894,35235,1.0,1020.48,high,historical_dataset
2022-10-09T00:00:00,36.54757693344406,34096,1.0,932.92,medium,historical_dataset
2022-10-09T00:00:00,48.97644974015431,18749,1.0,382.82,low,historical_dataset
2022-10-09T00:00:00,23.03196844020442,44050,1.0,1912.56,high,historical_dataset
2022-10-09T00:00:00,59.21634557839859,20190,1.0,340.95,low,historical_dataset
2022-10-10T00:00:00,37.32080803888409,29483,1.0,789.99,medium,historical_dataset
2022-10-10T00:00:00,23.62734757070575,41083,1.0,1738.79,high,historical_dataset
2022-10-10T00:00:00,43.836453397875516,42718,1.0,974.49,medium,historical_dataset
2022-10-10T00:00:00,30.953642832449013,61366,1.0,1982.51,high,historical_dataset
2022-10-10T00:00:00,39.97526111803577,14554,1.0,364.08,low,historical_dataset
2022-10-10T00:00:00,31.510946971207144,50932,1.0,1616.33,high,historical_dataset
2022-10-10T00:00:00,40.8006912537341,33884,1.0,830.48,medium,historical_dataset
2022-10-10T00:00:00,45.85770756221534,14000,1.0,305.29,low,historical_dataset
2022-10-10T00:00:00,45.24455347043958,27575,1.0,609.47,medium,historical_dataset
2022-10-10T00:00:00,20.0,26098,1.0,1304.9,high,historical_dataset
2022-10-10T00:00:00,41.67158070779313,18383,1.0,441.14,low,historical_dataset
2022-10-11T00:00:00,53.9176427991462,22225,1.0,412.2,low,historical_dataset
2022-10-11T00:00:00,46.08745697488532,11830,1.0,256.69,low,historical_dataset
2022-10-11T00:00:00,46.439419931276774,24643,1.0,530.65,medium,historical_dataset
2022-10-11T00:00:00,54.133920236370415,13422,1.0,247.94,low,historical_dataset
2022-10-11T00:00:00,56.143762679708054,40500,1.0,721.36,medium,historical_dataset
2022-10-11T00:00:00,39.46074600505502,29605,1.0,750.24,medium,historical_dataset
2022-10-11T00:00:00,41.13098391159974,26205,1.0,637.11,medium,historical_dataset
2022-10-12T00:00:00,31.488142349146422,27702,1.0,879.76,medium,historical_dataset
2022-10-12T00:00:00,26.714413187774184,54116,1.0,2025.72,high,historical_dataset
2022-10-12T00:00:00,50.76368770989153,34048,1.0,670.72,medium,historical_dataset
2022-10-12T00:00:00,20.0,54451,1.0,2722.55,high,historical_dataset
2022-10-12T00:00:00,31.347246104161076,26479,1.0,844.7,medium,historical_dataset
2022-10-12T00:00:00,39.526724870429945,23596,1.0,596.96,medium,historical_dataset
2022-10-12T00:00:00,41.09864722436374,24943,1.0,606.91,medium,historical_dataset
2022-10-12T00:00:00,28.12976962281273,20447,1.0,726.88,medium,historical_dataset
2022-10-12T00:00:00,48.312791641573924,25920,1.0,536.5,medium,historical_dataset
2022-10-13T00:00:00,39.6500232661395,21387,1.0,539.39,medium,historical_dataset
2022-10-13T00:00:00,42.44512497402503,47553,1.0,1120.34,high,historical_dataset
2022-10-13T00:00:00,25.001210594353275,25246,1.0,1009.79,high,historical_dataset
2022-10-13T00:00:00,42.65699084994162,21042,1.0,493.28,low,historical_dataset
2022-10-13T00:00:00,20.812295505509265,61937,1.0,2975.98,high,historical_dataset
2022-10-13T00:00:00,28.71535017498535,26634,1.0,927.52,medium,historical_dataset
2022-10-13T00:00:00,40.43229353624484,30200,1.0,746.93,medium,historical_dataset
2022-10-13T00:00:00,46.25884777289951,26225,1.0,566.92,medium,historical_dataset
2022-10-13T00:00:00,37.45203400044694,27053,1.0,722.34,medium,historical_dataset
2022-10-13T00:00:00,33.16171175508504,38720,1.0,1167.61,high,historical_dataset
2022-10-13T00:00:00,53.998877172009934,13615,1.0,252.13,low,historical_dataset
2022-10-14T00:00:00,34.01446174419232,24898,1.0,731.98,medium,historical_dataset
2022-10-14T00:00:00,42.34217821605115,11505,1.0,271.71,low,historical_dataset
2022-10-14T00:00:00,28.004712415280984,26240,1.0,936.99,medium,historical_dataset
2022-10-14T00:00:00,32.88661842862956,46306,1.0,1408.05,high,historical_dataset
2022-10-14T00:00:00,29.728536660763314,43674,1.0,1469.09,high,historical_dataset
2022-10-14T00:00:00,50.991143160828834,15219,1.0,298.46,low,historical_dataset
2022-10-14T00:00:00,30.961425626158494,12735,1.0,411.32,low,historical_dataset
2022-10-14T00:00:00,28.752851564538382,53793,1.0,1870.88,high,historical_dataset
2022-10-14T00:00:00,33.73198428336778,25934,1.0,768.83,medium,historical_dataset
2022-10-15T00:00:00,42.834241232496595,22619,1.0,528.06,medium,historical_dataset
2022-10-15T00:00:00,52.146327540288276,24775,1.0,475.11,low,historical_dataset
2022-10-15T00:00:00,38.843771344838316,21356,1.0,549.79,medium,historical_dataset
2022-10-15T00:00:00,25.0580864981012,25601,1.0,1021.67,high,historical_dataset
2022-10-15T00:00:00,45.108159431443966,62262,1.0,1380.28,high,historical_dataset
2022-10-15T00:00:00,56.164248354926386,19048,1.0,339.15,low,historical_dataset
2022-10-15T00:00:00,54.569017644237405,6254,1.0,114.61,low,historical_dataset
2022-10-15T00:00:00,35.467119606098535,56026,1.0,1579.66,high,historical_dataset
2022-10-15T00:00:00,37.8304541042465,27871,1.0,736.73,medium,historical_dataset
2022-10-15T00:00:00,57.08406049334134,5820,1.0,101.95,low,historical_dataset
2022-10-15T00:00:00,47.606124139046436,8913,1.0,187.22,low,historical_dataset
2022-10-16T00:00:00,39.06921741148781,38269,1.0,979.52,medium,historical_dataset
2022-10-16T00:00:00,47.564876876332114,63496,1.0,1334.93,high,historical_dataset
2022-10-16T00:00:00,27.316070522272355,31548,1.0,1154.92,high,historical_dataset
2022-10-16T00:00:00,20.0,26179,1.0,1308.95,high,historical_dataset
2022-10-16T00:00:00,36.9432506813427,27035,1.0,731.8,medium,historical_dataset
2022-10-16T00:00:00,43.92989506921423,8369,1.0,190.51,low,historical_dataset
2022-10-16T00:00:00,20.0,37108,1.0,1855.4,high,historical_dataset
2022-10-17T00:00:00,34.56474837070769,25100,1.0,726.17,medium,historical_dataset
2022-10-17T00:00:00,41.24481461595873,41834,1.0,1014.29,high,historical_dataset
2022-10-17T00:00:00,40.36032504795467,14759,1.0,365.68,low,historical_dataset
2022-10-17T00:00:00,36.924115650821605,24104,1.0,652.8,medium,historical_dataset
2022-10-17T00:00:00,30.968022816066906,52233,1.0,1686.68,high,historical_dataset
2022-10-17T00:00:00,37.62950759394006,47162,1.0,1253.32,high,historical_dataset
2022-10-17T00:00:00,48.27598465401413,56531,1.0,1171.0,high,historical_dataset
2022-10-17T00:00:00,20.0,16260,1.0,813.0,medium,historical_dataset
2022-10-17T00:00:00,34.51098940416899,26302,1.0,762.13,medium,historical_dataset
2022-10-17T00:00:00,33.755487307200895,18651,1.0,552.53,medium,historical_dataset
2022-10-17T00:00:00,56.14650497586462,20191,1.0,359.61,low,historical_dataset
2022-10-18T00:00:00,38.92121236839327,25429,1.0,653.35,medium,historical_dataset
2022-10-18T00:00:00,41.994629889480244,14247,1.0,339.26,low,historical_dataset
2022-10-18T00:00:00,28.003516168852364,57838,1.0,2065.38,high,historical_dataset
2022-10-18T00:00:00,29.245061041436998,65516,1.0,2240.24,high,historical_dataset
2022-10-18T00:00:00,42.60772316506864,18161,1.0,426.24,low,historical_dataset
2022-10-18T00:00:00,25.361972978542386,41580,1.0,1639.46,high,historical_dataset
2022-10-18T00:00:00,54.2478820915332,23847,1.0,439.59,low,historical_dataset
2022-10-18T00:00:00,29.233472466830726,15034,1.0,514.27,medium,historical_dataset
2022-10-18T00:00:00,31.707366740701616,31106,1.0,981.03,medium,historical_dataset
2022-10-18T00:00:00,54.42216562522992,24408,1.0,448.49,low,historical_dataset
2022-10-19T00:00:00,20.0,38006,1.0,1900.3,high,historical_dataset
2022-10-19T00:00:00,32.64270530714201,35613,1.0,1090.99,high,historical_dataset
2022-10-19T00:00:00,35.573297479377814,48260,1.0,1356.64,high,historical_dataset
2022-10-19T00:00:00,56.90871029959452,10825,1.0,190.22,low,historical_dataset
2022-10-19T00:00:00,30.338409443094456,42960,1.0,1416.03,high,historical_dataset
2022-10-19T00:00:00,35.47570761728432,24203,1.0,682.24,medium,historical_dataset
2022-10-19T00:00:00,52.215628536713524,16095,1.0,308.24,low,historical_dataset
2022-10-19T00:00:00,52.80623413509066,9020,1.0,170.81,low,historical_dataset
2022-10-20T00:00:00,41.09220968858672,50029,1.0,1217.48,high,historical_dataset
2022-10-20T00:00:00,30.343220613811766,50455,1.0,1662.81,high,historical_dataset
2022-10-20T00:00:00,45.68530099115973,16654,1.0,364.54,low,historical_dataset
2022-10-20T00:00:00,25.62967794028816,38438,1.0,1499.75,high,historical_dataset
2022-10-20T00:00:00,20.0,57319,1.0,2865.95,high,historical_dataset
2022-10-20T00:00:00,22.71256237144656,40533,1.0,1784.61,high,historical_dataset
2022-10-20T00:00:00,37.800576400929025,37074,1.0,980.78,medium,historical_dataset
2022-10-20T00:00:00,44.0847967810201,18552,1.0,420.83,low,historical_dataset
2022-10-20T00:00:00,48.23025427373668,27574,1.0,571.72,medium,historical_dataset
2022-10-20T00:00:00,27.776856436019273,48279,1.0,1738.1,high,historical_dataset
2022-10-20T00:00:00,61.66691615277885,18022,1.0,292.25,low,historical_dataset
2022-10-21T00:00:00,52.067935059306066,24725,1.0,474.86,low,historical_dataset
2022-10-21T00:00:00,39.74395605447105,56221,1.0,1414.58,high,historical_dataset
2022-10-21T00:00:00,28.588587625049477,37267,1.0,1303.56,high,historical_dataset
2022-10-21T00:00:00,25.087198063921843,37721,1.0,1503.6,high,historical_dataset
2022-10-21T00:00:00,45.58245831893833,20278,1.0,444.86,low,historical_dataset
2022-10-21T00:00:00,32.834245728585344,28235,1.0,859.93,medium,historical_dataset
2022-10-21T00:00:00,45.787697571264204,41167,1.0,899.08,medium,historical_dataset
2022-10-21T00:00:00,44.637901979244155,20351,1.0,455.91,low,historical_dataset
2022-10-22T00:00:00,24.689117617679152,34536,1.0,1398.83,high,historical_dataset
2022-10-22T00:00:00,44.05089609370751,36453,1.0,827.52,medium,historical_dataset
2022-10-22T00:00:00,43.871993535606016,31269,1.0,712.73,medium,historical_dataset
2022-10-22T00:00:00,26.883986202278123,41639,1.0,1548.84,high,historical_dataset
2022-10-22T00:00:00,33.90924619301094,35213,1.0,1038.45,high,historical_dataset
2022-10-22T00:00:00,26.231375418916784,22576,1.0,860.65,medium,historical_dataset
2022-10-22T00:00:00,31.959654941733447,23350,1.0,730.61,medium,historical_dataset
2022-10-22T00:00:00,47.2563187461313,20676,1.0,437.53,low,historical_dataset
2022-10-22T00:00:00,25.50461493006178,33072,1.0,1296.71,high,historical_dataset
2022-10-22T00:00:00,37.70292121324806,23547,1.0,624.54,medium,historical_dataset
2022-10-23T00:00:00,34.91125756855522,27229,1.0,779.95,medium,historical_dataset
2022-10-23T00:00:00,53.55851357022361,6953,1.0,129.82,low,historical_dataset
2022-10-23T00:00:00,54.94196919837157,17220,1.0,313.42,low,historical_dataset
2022-10-23T00:00:00,33.56113983782152,32045,1.0,954.82,medium,historical_dataset
2022-10-23T00:00:00,27.53651252643104,43423,1.0,1576.92,high,historical_dataset
2022-10-23T00:00:00,20.612355603201603,39305,1.0,1906.87,high,historical_dataset
2022-10-23T00:00:00,29.148070288496317,31949,1.0,1096.09,high,historical_dataset
2022-10-23T00:00:00,36.31445561656179,22997,1.0,633.27,medium,historical_dataset
2022-10-23T00:00:00,49.32114165325074,10272,1.0,208.27,low,historical_dataset
2022-10-24T00:00:00,47.63334389154918,11396,1.0,239.24,low,historical_dataset
2022-10-24T00:00:00,51.38286544422378,26810,1.0,521.77,medium,historical_dataset
2022-10-24T00:00:00,20.961136749779683,29850,1.0,1424.06,high,historical_dataset
2022-10-24T00:00:00,29.199258882826356,16594,1.0,568.3,medium,historical_dataset
2022-10-24T00:00:00,20.0,43317,1.0,2165.85,high,historical_dataset
2022-10-24T00:00:00,42.49834140291314,47256,1.0,1111.95,high,historical_dataset
2022-10-24T00:00:00,38.181290939802714,36632,1.0,959.42,medium,historical_dataset
2022-10-24T00:00:00,44.08803352738749,21478,1.0,487.16,low,historical_dataset
2022-10-24T00:00:00,38.21478335307588,30461,1.0,797.1,medium,historical_dataset
2022-10-24T00:00:00,39.514827877882816,16173,1.0,409.29,low,historical_dataset
2022-10-25T00:00:00,24.45713426562904,23139,1.0,946.1,medium,historical_dataset
2022-10-25T00:00:00,39.740839560563934,32262,1.0,811.81,medium,historical_dataset
2022-10-25T00:00:00,52.13253570356002,33963,1.0,651.47,medium,historical_dataset
2022-10-25T00:00:00,35.98181925513201,31463,1.0,874.41,medium,historical_dataset
2022-10-25T00:00:00,20.0,31225,1.0,1561.25,high,historical_dataset
2022-10-25T00:00:00,35.38412762868915,25893,1.0,731.77,medium,historical_dataset
2022-10-25T00:00:00,40.61116895811993,25653,1.0,631.67,medium,historical_dataset
2022-10-25T00:00:00,41.561673283581655,11840,1.0,284.88,low,historical_dataset
2022-10-25T00:00:00,48.6764682153098,23170,1.0,476.0,low,historical_dataset
2022-10-25T00:00:00,29.203972090774005,24096,1.0,825.09,medium,historical_dataset
2022-10-26T00:00:00,44.13367783807047,23847,1.0,540.34,medium,historical_dataset
2022-10-26T00:00:00,47.44807248126972,23507,1.0,495.43,low,historical_dataset
2022-10-26T00:00:00,37.30814502410494,69272,1.0,1856.75,high,historical_dataset
2022-10-26T00:00:00,64.1156889538429,23293,1.0,363.3,low,historical_dataset
2022-10-26T00:00:00,54.7853816157262,24440,1.0,446.1,low,historical_dataset
2022-10-26T00:00:00,38.01410396758325,15019,1.0,395.09,low,historical_dataset
2022-10-27T00:00:00,21.148399569841327,22777,1.0,1077.01,high,historical_dataset
2022-10-27T00:00:00,20.0,57938,1.0,2896.9,high,historical_dataset
2022-10-27T00:00:00,43.252551697416045,30567,1.0,706.71,medium,historical_dataset
2022-10-27T00:00:00,50.731081394353765,15681,1.0,309.1,low,historical_dataset
2022-10-27T00:00:00,46.64598049646897,19121,1.0,409.92,low,historical_dataset
2022-10-27T00:00:00,32.87764695136018,56247,1.0,1710.8,high,historical_dataset
2022-10-27T00:00:00,29.051942327101173,38016,1.0,1308.55,high,historical_dataset
2022-10-27T00:00:00,50.48894608272083,28355,1.0,561.61,medium,historical_dataset
2022-10-27T00:00:00,31.43577832193188,27567,1.0,876.93,medium,historical_dataset
2022-10-27T00:00:00,36.83716642695766,31999,1.0,868.66,medium,historical_dataset
2022-10-27T00:00:00,36.69274857274897,17136,1.0,467.01,low,historical_dataset
2022-10-28T00:00:00,39.89928607066819,48026,1.0,1203.68,high,historical_dataset
2022-10-28T00:00:00,52.13339554274535,44737,1.0,858.13,medium,historical_dataset
2022-10-28T00:00:00,20.0,47167,1.0,2358.35,high,historical_dataset
2022-10-28T00:00:00,23.711370222881172,40356,1.0,1701.97,high,historical_dataset
2022-10-28T00:00:00,42.56672619137056,38464,1.0,903.62,medium,historical_dataset
2022-10-28T00:00:00,47.61838967264731,9654,1.0,202.74,low,historical_dataset
2022-10-28T00:00:00,41.78493205422648,20584,1.0,492.62,low,historical_dataset
2022-10-28T00:00:00,34.64701880255373,26195,1.0,756.05,medium,historical_dataset
2022-10-29T00:00:00,29.59733750780074,36207,1.0,1223.32,high,historical_dataset
2022-10-29T00:00:00,51.891974594729476,22483,1.0,433.27,low,historical_dataset
2022-10-29T00:00:00,35.82519104207983,27932,1.0,779.67,medium,historical_dataset
2022-10-29T00:00:00,20.608033004454843,43232,1.0,2097.82,high,historical_dataset
2022-10-29T00:00:00,46.31463820797187,45989,1.0,992.97,medium,historical_dataset
2022-10-29T00:00:00,33.03930513048664,38192,1.0,1155.96,high,historical_dataset
2022-10-29T00:00:00,51.59787091423364,26280,1.0,509.32,medium,historical_dataset
2022-10-29T00:00:00,47.63823327087623,24548,1.0,515.3,medium,historical_dataset
2022-10-29T00:00:00,53.62987455315656,17382,1.0,324.11,low,historical_dataset
2022-10-30T00:00:00,42.298264345456616,38879,1.0,919.16,medium,historical_dataset
2022-10-30T00:00:00,44.76140170599823,12114,1.0,270.63,low,historical_dataset
2022-10-30T00:00:00,35.97145876479578,33062,1.0,919.12,medium,historical_dataset
2022-10-30T00:00:00,25.32693677477405,24928,1.0,984.25,medium,historical_dataset
2022-10-30T00:00:00,56.24417468146664,13799,1.0,245.34,low,historical_dataset
2022-10-30T00:00:00,29.1505607002578,37558,1.0,1288.41,high,historical_dataset
2022-10-30T00:00:00,52.06668546891003,19289,1.0,370.47,low,historical_dataset
2022-10-30T00:00:00,42.316231024370346,20643,1.0,487.83,low,historical_dataset
2022-10-30T00:00:00,33.12988257481341,38799,1.0,1171.12,high,historical_dataset
2022-10-30T00:00:00,37.438761829340145,36860,1.0,984.54,medium,historical_dataset
2022-10-30T00:00:00,33.4547527006725,36858,1.0,1101.73,high,historical_dataset
2022-10-31T00:00:00,39.611888582411176,33412,1.0,843.48,medium,historical_dataset
2022-10-31T00:00:00,43.37868387473215,34449,1.0,794.15,medium,historical_dataset
2022-10-31T00:00:00,48.099509788444216,20048,1.0,416.8,low,historical_dataset
2022-10-31T00:00:00,28.86597273929007,43030,1.0,1490.68,high,historical_dataset
2022-10-31T00:00:00,32.402065259180745,28516,1.0,880.07,medium,historical_dataset
2022-10-31T00:00:00,41.4990333332095,23081,1.0,556.18,medium,historical_dataset
2022-10-31T00:00:00,49.76973169252579,18032,1.0,362.31,low,historical_dataset
2022-10-31T00:00:00,20.0,34826,1.0,1741.3,high,historical_dataset
2022-10-31T00:00:00,46.724699321886675,10744,1.0,229.94,low,historical_dataset
2022-10-31T00:00:00,48.03446300105805,25942,1.0,540.07,medium,historical_dataset
2022-11-01T00:00:00,39.2708327478504,36903,1.0,939.71,medium,historical_dataset
2022-11-01T00:00:00,24.479157327652658,43889,1.0,1792.91,high,historical_dataset
2022-11-01T00:00:00,50.76029258573651,21212,1.0,417.89,low,historical_dataset
2022-11-01T00:00:00,28.886060694841383,44963,1.0,1556.56,high,historical_dataset
2022-11-01T00:00:00,29.652092461689406,50186,1.0,1692.49,high,historical_dataset
2022-11-01T00:00:00,58.9744290710868,23590,1.0,400.0,low,historical_dataset
2022-11-01T00:00:00,52.27875179777506,26795,1.0,512.54,medium,historical_dataset
2022-11-01T00:00:00,35.513086196571926,28803,1.0,811.05,medium,historical_dataset
2022-11-02T00:00:00,37.029599753510915,47849,1.0,1292.18,high,historical_dataset
2022-11-02T00:00:00,35.407730254170644,12429,1.0,351.03,low,historical_dataset
2022-11-02T00:00:00,21.54952127868841,25308,1.0,1174.41,high,historical_dataset
2022-11-02T00:00:00,54.16395784827442,22268,1.0,411.12,low,historical_dataset
2022-11-02T00:00:00,30.06032899169356,31821,1.0,1058.57,high,historical_dataset
2022-11-02T00:00:00,47.38546610028283,42451,1.0,895.87,medium,historical_dataset
2022-11-02T00:00:00,41.96481309841434,40664,1.0,969.0,medium,historical_dataset
2022-11-02T00:00:00,46.960969402287354,17163,1.0,365.47,low,historical_dataset
2022-11-02T00:00:00,48.65142966601261,33919,1.0,697.18,medium,historical_dataset
2022-11-02T00:00:00,51.284254248000664,17365,1.0,338.6,low,historical_dataset
2022-11-03T00:00:00,52.3017205577164,46145,1.0,882.28,medium,historical_dataset
2022-11-03T00:00:00,51.066627236268644,23405,1.0,458.32,low,historical_dataset
2022-11-03T00:00:00,37.012151443136325,21609,1.0,583.84,medium,historical_dataset
2022-11-03T00:00:00,40.31599945259328,15144,1.0,375.63,low,historical_dataset
2022-11-03T00:00:00,20.0,54560,1.0,2728.0,high,historical_dataset
2022-11-03T00:00:00,59.405186996427155,13930,1.0,234.49,low,historical_dataset
2022-11-03T00:00:00,35.29510092376697,51478,1.0,1458.5,high,historical_dataset
2022-11-03T00:00:00,39.63643120401728,24979,1.0,630.2,medium,historical_dataset
2022-11-03T00:00:00,41.91154443170974,9491,1.0,226.45,low,historical_dataset
2022-11-03T00:00:00,47.499909607026694,44656,1.0,940.13,medium,historical_dataset
2022-11-03T00:00:00,40.0178045878036,27541,1.0,688.22,medium,historical_dataset
2022-11-03T00:00:00,63.342984482070975,19645,1.0,310.14,low,historical_dataset
2022-11-03T00:00:00,49.60466504481178,13856,1.0,279.33,low,historical_dataset
2022-11-04T00:00:00,40.54567348312655,40586,1.0,1000.99,high,historical_dataset
2022-11-04T00:00:00,43.400815012967804,22156,1.0,510.5,medium,historical_dataset
2022-11-04T00:00:00,71.52242334527784,17150,1.0,239.78,low,historical_dataset
2022-11-04T00:00:00,24.439648157351947,60411,1.0,2471.84,high,historical_dataset
2022-11-04T00:00:00,40.64460805865986,24435,1.0,601.19,medium,historical_dataset
2022-11-04T00:00:00,20.0,37895,1.0,1894.75,high,historical_dataset
2022-11-04T00:00:00,36.54245034924181,49065,1.0,1342.69,high,historical_dataset
2022-11-04T00:00:00,21.743088375738107,30047,1.0,1381.91,high,historical_dataset
2022-11-04T00:00:00,44.52090411305787,22423,1.0,503.65,medium,historical_dataset
2022-11-05T00:00:00,37.211086946892934,22356,1.0,600.79,medium,historical_dataset
2022-11-05T00:00:00,51.91476429212027,37441,1.0,721.2,medium,historical_dataset
2022-11-05T00:00:00,25.61025379546409,29764,1.0,1162.19,high,historical_dataset
2022-11-05T00:00:00,35.42479972717485,56662,1.0,1599.5,high,historical_dataset
2022-11-05T00:00:00,37.08991178656523,7977,1.0,215.07,low,historical_dataset
2022-11-05T00:00:00,51.54175123377259,28665,1.0,556.15,medium,historical_dataset
2022-11-05T00:00:00,49.05063633966067,28371,1.0,578.4,medium,historical_dataset
2022-11-05T00:00:00,20.0,26786,1.0,1339.3,high,historical_dataset
2022-11-05T00:00:00,43.87671606147808,23985,1.0,546.65,medium,historical_dataset
2022-11-05T00:00:00,35.759471360613155,29203,1.0,816.65,medium,historical_dataset
2022-11-05T00:00:00,60.675953261274024,18345,1.0,302.34,low,historical_dataset
2022-11-06T00:00:00,45.41671853941823,12335,1.0,271.6,low,historical_dataset
2022-11-06T00:00:00,44.06694852458222,48733,1.0,1105.89,high,historical_dataset
2022-11-06T00:00:00,23.220161766514156,47365,1.0,2039.82,high,historical_dataset
2022-11-06T00:00:00,42.70653716567502,25987,1.0,608.5,medium,historical_dataset
2022-11-06T00:00:00,35.663397090694374,36230,1.0,1015.89,high,historical_dataset
2022-11-06T00:00:00,38.507212852395696,52720,1.0,1369.09,high,historical_dataset
2022-11-06T00:00:00,54.66870787025279,31334,1.0,573.16,medium,historical_dataset
2022-11-06T00:00:00,38.16280428589269,37610,1.0,985.51,medium,historical_dataset
2022-11-06T00:00:00,25.33814904352312,23740,1.0,936.93,medium,historical_dataset
2022-11-06T00:00:00,44.85273181025923,29338,1.0,654.1,medium,historical_dataset
2022-11-07T00:00:00,20.0,54941,1.0,2747.05,high,historical_dataset
2022-11-07T00:00:00,45.26416175993122,45103,1.0,996.44,medium,historical_dataset
2022-11-07T00:00:00,47.69886027796389,8569,1.0,179.65,low,historical_dataset
2022-11-07T00:00:00,46.93849349149304,13324,1.0,283.86,low,historical_dataset
2022-11-07T00:00:00,23.08993927622313,41901,1.0,1814.69,high,historical_dataset
2022-11-07T00:00:00,42.218249921732244,60280,1.0,1427.82,high,historical_dataset
2022-11-07T00:00:00,45.546599711347554,23612,1.0,518.41,medium,historical_dataset
2022-11-07T00:00:00,48.49634257735314,23137,1.0,477.09,low,historical_dataset
2022-11-07T00:00:00,55.034196619815674,41162,1.0,747.93,medium,historical_dataset
2022-11-07T00:00:00,30.41157693652592,38320,1.0,1260.05,high,historical_dataset
2022-11-07T00:00:00,42.59841591025102,31627,1.0,742.45,medium,historical_dataset
2022-11-08T00:00:00,43.149310755260714,13099,1.0,303.57,low,historical_dataset
2022-11-08T00:00:00,20.0,25452,1.0,1272.6,high,historical_dataset
2022-11-08T00:00:00,30.35010984335853,30939,1.0,1019.4,high,historical_dataset
2022-11-08T00:00:00,44.88884946228592,27515,1.0,612.96,medium,historical_dataset
2022-11-08T00:00:00,42.581904631446164,55839,1.0,1311.33,high,historical_dataset
2022-11-08T00:00:00,51.17510492765394,14072,1.0,274.98,low,historical_dataset
2022-11-08T00:00:00,39.92473568511924,19807,1.0,496.11,low,historical_dataset
2022-11-08T00:00:00,30.93000017313568,37349,1.0,1207.53,high,historical_dataset
2022-11-09T00:00:00,41.373858367075485,47359,1.0,1144.66,high,historical_dataset
2022-11-09T00:00:00,40.97210178631479,10943,1.0,267.08,low,historical_dataset
2022-11-09T00:00:00,29.755004188133505,6785,1.0,228.03,low,historical_dataset
2022-11-09T00:00:00,26.71272401053055,12201,1.0,456.75,low,historical_dataset
2022-11-09T00:00:00,49.01030628051153,29956,1.0,611.22,medium,historical_dataset
2022-11-09T00:00:00,44.48294836404305,19496,1.0,438.28,low,historical_dataset
2022-11-09T00:00:00,43.88271211695033,25970,1.0,591.8,medium,historical_dataset
2022-11-09T00:00:00,49.8882340655251,45828,1.0,918.61,medium,historical_dataset
2022-11-09T00:00:00,30.681853027745625,21024,1.0,685.23,medium,historical_dataset
2022-11-09T00:00:00,21.46767172713195,19911,1.0,927.49,medium,historical_dataset
2022-11-09T00:00:00,47.653426286639785,38595,1.0,809.91,medium,historical_dataset
2022-11-09T00:00:00,51.794845339933275,20235,1.0,390.68,low,historical_dataset
2022-11-09T00:00:00,39.9182871762328,35900,1.0,899.34,medium,historical_dataset
2022-11-10T00:00:00,29.56114720517668,21996,1.0,744.08,medium,historical_dataset
2022-11-10T00:00:00,21.293907219442104,52196,1.0,2451.22,high,historical_dataset
2022-11-10T00:00:00,42.8329138781036,40287,1.0,940.56,medium,historical_dataset
2022-11-10T00:00:00,55.90869389474334,24541,1.0,438.95,low,historical_dataset
2022-11-10T00:00:00,34.49684154404264,25830,1.0,748.76,medium,historical_dataset
2022-11-10T00:00:00,42.669423571608654,12458,1.0,291.97,low,historical_dataset
2022-11-10T00:00:00,47.578834697848194,15956,1.0,335.36,low,historical_dataset
2022-11-11T00:00:00,44.076102005735535,45120,1.0,1023.68,high,historical_dataset
2022-11-11T00:00:00,35.48763442238827,21473,1.0,605.08,medium,historical_dataset
2022-11-11T00:00:00,33.50781850522088,21876,1.0,652.86,medium,historical_dataset
2022-11-11T00:00:00,25.5337324744306,25327,1.0,991.9,medium,historical_dataset
2022-11-11T00:00:00,39.06545076873898,15092,1.0,386.33,low,historical_dataset
2022-11-11T00:00:00,25.780767920846877,46639,1.0,1809.06,high,historical_dataset
2022-11-11T00:00:00,38.83095028377645,25016,1.0,644.23,medium,historical_dataset
2022-11-11T00:00:00,50.07884901462535,11758,1.0,234.79,low,historical_dataset
2022-11-11T00:00:00,31.106575795148473,15962,1.0,513.14,medium,historical_dataset
2022-11-11T00:00:00,37.52818904941981,31519,1.0,839.88,medium,historical_dataset
2022-11-11T00:00:00,55.097438857396305,18823,1.0,341.63,low,historical_dataset
2022-11-12T00:00:00,20.439561693834932,46732,1.0,2286.35,high,historical_dataset
2022-11-12T00:00:00,55.416382166335524,33279,1.0,600.53,medium,historical_dataset
2022-11-12T00:00:00,34.35937422859741,25917,1.0,754.29,medium,historical_dataset
2022-11-12T00:00:00,36.06120184892818,19129,1.0,530.46,medium,historical_dataset
2022-11-12T00:00:00,45.848324256569214,18711,1.0,408.11,low,historical_dataset
2022-11-12T00:00:00,33.72123235691099,23353,1.0,692.53,medium,historical_dataset
2022-11-12T00:00:00,45.98539154278229,24960,1.0,542.78,medium,historical_dataset
2022-11-13T00:00:00,34.21380987870465,24558,1.0,717.78,medium,historical_dataset
2022-11-13T00:00:00,45.288464693195294,22553,1.0,497.99,low,historical_dataset
2022-11-13T00:00:00,34.70479139359501,59327,1.0,1709.48,high,historical_dataset
2022-11-13T00:00:00,45.35493308697269,46238,1.0,1019.47,high,historical_dataset
2022-11-13T00:00:00,41.69889690369058,6092,1.0,146.09,low,historical_dataset
2022-11-13T00:00:00,67.03751798496748,8021,1.0,119.65,low,historical_dataset
2022-11-13T00:00:00,38.596591019916204,48572,1.0,1258.45,high,historical_dataset
2022-11-13T00:00:00,33.90039282193784,18571,1.0,547.81,medium,historical_dataset
2022-11-13T00:00:00,38.11082535114254,22958,1.0,602.4,medium,historical_dataset
2022-11-13T00:00:00,30.366476885637827,10481,1.0,345.15,low,historical_dataset
2022-11-14T00:00:00,28.862453565007385,34255,1.0,1186.84,high,historical_dataset
2022-11-14T00:00:00,43.19203518220634,48231,1.0,1116.66,high,historical_dataset
2022-11-14T00:00:00,21.86668780362318,25226,1.0,1153.63,high,historical_dataset
2022-11-14T00:00:00,21.032336507264464,48806,1.0,2320.52,high,historical_dataset
2022-11-14T00:00:00,44.07164974403683,10764,1.0,244.24,low,historical_dataset
2022-11-14T00:00:00,52.778883761949054,22556,1.0,427.37,low,historical_dataset
2022-11-14T00:00:00,30.572433824776645,41224,1.0,1348.4,high,historical_dataset
2022-11-14T00:00:00,41.14919686557977,25049,1.0,608.74,medium,historical_dataset
2022-11-14T00:00:00,40.20229119191117,27007,1.0,671.78,medium,historical_dataset
2022-11-15T00:00:00,40.462691343437605,21700,1.0,536.3,medium,historical_dataset
2022-11-15T00:00:00,40.09161042841708,32251,1.0,804.43,medium,historical_dataset
2022-11-15T00:00:00,27.62887916658905,29255,1.0,1058.86,high,historical_dataset
2022-11-15T00:00:00,41.733251084517825,32452,1.0,777.61,medium,historical_dataset
2022-11-15T00:00:00,35.22686438484168,33967,1.0,964.24,medium,historical_dataset
2022-11-15T00:00:00,32.695160290746,21197,1.0,648.32,medium,historical_dataset
2022-11-15T00:00:00,35.48103148200129,26064,1.0,734.59,medium,historical_dataset
2022-11-15T00:00:00,24.501423195049597,38262,1.0,1561.62,high,historical_dataset
2022-11-15T00:00:00,25.80067398804291,31998,1.0,1240.2,high,historical_dataset
2022-11-15T00:00:00,44.90140450856325,23372,1.0,520.52,medium,historical_dataset
2022-11-16T00:00:00,54.77845818996289,11230,1.0,205.01,low,historical_dataset
2022-11-16T00:00:00,52.04015402666774,11757,1.0,225.92,low,historical_dataset
2022-11-16T00:00:00,50.40628004731604,28421,1.0,563.84,medium,historical_dataset
2022-11-16T00:00:00,58.20423022977228,14713,1.0,252.78,low,historical_dataset
2022-11-16T00:00:00,34.1094819300828,25871,1.0,758.47,medium,historical_dataset
2022-11-16T00:00:00,44.817433412314976,25715,1.0,573.77,medium,historical_dataset
2022-11-16T00:00:00,42.60654740106895,30613,1.0,718.5,medium,historical_dataset
2022-11-16T00:00:00,41.58071221636342,21682,1.0,521.44,medium,historical_dataset
2022-11-16T00:00:00,65.02583305529936,17739,1.0,272.8,low,historical_dataset
2022-11-17T00:00:00,20.0,37446,1.0,1872.3,high,historical_dataset
2022-11-17T00:00:00,44.0605595834519,52281,1.0,1186.57,high,historical_dataset
2022-11-17T00:00:00,39.27831342999019,48792,1.0,1242.21,high,historical_dataset
2022-11-17T00:00:00,41.88109051536305,13619,1.0,325.18,low,historical_dataset
2022-11-17T00:00:00,38.84133522154544,17315,1.0,445.79,low,historical_dataset
2022-11-17T00:00:00,46.43882373495315,24190,1.0,520.9,medium,historical_dataset
2022-11-17T00:00:00,22.436463694926832,11503,1.0,512.69,medium,historical_dataset
2022-11-17T00:00:00,61.57996917927676,17243,1.0,280.01,low,historical_dataset
2022-11-17T00:00:00,34.91024725776996,27294,1.0,781.83,medium,historical_dataset
2022-11-17T00:00:00,20.0,28120,1.0,1406.0,high,historical_dataset
2022-11-17T00:00:00,54.29790961431646,16542,1.0,304.65,low,historical_dataset
2022-11-18T00:00:00,53.51270564083275,23626,1.0,441.5,low,historical_dataset
2022-11-18T00:00:00,20.0,37606,1.0,1880.3,high,historical_dataset
2022-11-18T00:00:00,49.409826473779,29904,1.0,605.22,medium,historical_dataset
2022-11-18T00:00:00,44.33339189962921,46053,1.0,1038.79,high,historical_dataset
2022-11-18T00:00:00,58.57570922599821,5523,1.0,94.29,low,historical_dataset
2022-11-18T00:00:00,33.827758361108465,37205,1.0,1099.84,high,historical_dataset
2022-11-18T00:00:00,20.0,53978,1.0,2698.9,high,historical_dataset
2022-11-18T00:00:00,37.929454889806706,31819,1.0,838.9,medium,historical_dataset
2022-11-18T00:00:00,27.788812031095055,28404,1.0,1022.14,high,historical_dataset
2022-11-18T00:00:00,50.27589195953661,27928,1.0,555.49,medium,historical_dataset
2022-11-19T00:00:00,49.902997330464586,24442,1.0,489.79,low,historical_dataset
2022-11-19T00:00:00,46.791318883768476,21402,1.0,457.39,low,historical_dataset
2022-11-19T00:00:00,37.51331376515575,15759,1.0,420.09,low,historical_dataset
2022-11-19T00:00:00,51.32259193396795,17095,1.0,333.09,low,historical_dataset
2022-11-19T00:00:00,21.658030090802967,29246,1.0,1350.35,high,historical_dataset
2022-11-19T00:00:00,31.774785465589012,42539,1.0,1338.77,high,historical_dataset
2022-11-19T00:00:00,45.43095681354111,38284,1.0,842.69,medium,historical_dataset
2022-11-19T00:00:00,47.30409535445012,24997,1.0,528.43,medium,historical_dataset
2022-11-19T00:00:00,34.87621577804448,31864,1.0,913.63,medium,historical_dataset
2022-11-19T00:00:00,47.55996521693299,23955,1.0,503.68,medium,historical_dataset
2022-11-20T00:00:00,47.72044654970425,12624,1.0,264.54,low,historical_dataset
2022-11-20T00:00:00,50.596647383309666,42595,1.0,841.85,medium,historical_dataset
2022-11-20T00:00:00,46.31719918999575,17659,1.0,381.26,low,historical_dataset
2022-11-20T00:00:00,51.22496539473213,16555,1.0,323.18,low,historical_dataset
2022-11-20T00:00:00,29.867100595745725,36260,1.0,1214.04,high,historical_dataset
2022-11-20T00:00:00,50.284629945592656,22663,1.0,450.69,low,historical_dataset
2022-11-20T00:00:00,49.626797332334036,20948,1.0,422.11,low,historical_dataset
2022-11-21T00:00:00,20.572425120690582,35593,1.0,1730.13,high,historical_dataset
2022-11-21T00:00:00,27.717353460436016,33495,1.0,1208.45,high,historical_dataset
2022-11-21T00:00:00,34.48371020624872,66047,1.0,1915.31,high,historical_dataset
2022-11-21T00:00:00,39.96713179950603,39766,1.0,994.97,medium,historical_dataset
2022-11-21T00:00:00,24.598406058515714,35647,1.0,1449.16,high,historical_dataset
2022-11-21T00:00:00,36.93451382732638,28136,1.0,761.78,medium,historical_dataset
2022-11-21T00:00:00,30.681821549622,29332,1.0,956.01,medium,historical_dataset
2022-11-21T00:00:00,35.19974879525332,15314,1.0,435.06,low,historical_dataset
2022-11-21T00:00:00,32.80125199847438,5371,1.0,163.74,low,historical_dataset
2022-11-22T00:00:00,44.0434727486643,36833,1.0,836.29,medium,historical_dataset
2022-11-22T00:00:00,34.42471169224383,38100,1.0,1106.76,high,historical_dataset
2022-11-22T00:00:00,47.29004552290648,17078,1.0,361.13,low,historical_dataset
2022-11-22T00:00:00,45.31005143465169,29756,1.0,656.72,medium,historical_dataset
2022-11-22T00:00:00,20.0,60818,1.0,3040.9,high,historical_dataset
2022-11-22T00:00:00,56.22746259723803,22425,1.0,398.83,low,historical_dataset
2022-11-22T00:00:00,38.163961127908564,25665,1.0,672.49,medium,historical_dataset
2022-11-22T00:00:00,54.70824149238065,12483,1.0,228.17,low,historical_dataset
2022-11-22T00:00:00,47.60144954968563,42085,1.0,884.11,medium,historical_dataset
2022-11-22T00:00:00,51.61117170190094,19177,1.0,371.57,low,historical_dataset
2022-11-22T00:00:00,47.00798090272092,31832,1.0,677.16,medium,historical_dataset
2022-11-22T00:00:00,33.10449397835906,19020,1.0,574.54,medium,historical_dataset
2022-11-22T00:00:00,37.92484852817006,12002,1.0,316.47,low,historical_dataset
2022-11-23T00:00:00,34.48817335524535,31873,1.0,924.17,medium,historical_dataset
2022-11-23T00:00:00,28.8524097237827,39926,1.0,1383.8,high,historical_dataset
2022-11-23T00:00:00,51.03549266422447,8684,1.0,170.16,low,historical_dataset
2022-11-23T00:00:00,35.24087259328512,15621,1.0,443.26,low,historical_dataset
2022-11-23T00:00:00,54.26630886661083,41464,1.0,764.08,medium,historical_dataset
2022-11-23T00:00:00,52.13734606173076,24833,1.0,476.3,low,historical_dataset
2022-11-23T00:00:00,37.36150794920756,20397,1.0,545.94,medium,historical_dataset
2022-11-23T00:00:00,21.77043440914923,26085,1.0,1198.18,high,historical_dataset
2022-11-23T00:00:00,51.03064411169075,21095,1.0,413.38,low,historical_dataset
2022-11-24T00:00:00,31.975224576161644,37067,1.0,1159.24,high,historical_dataset
2022-11-24T00:00:00,58.896879086219045,37872,1.0,643.02,medium,historical_dataset
2022-11-24T00:00:00,58.0874181439611,24387,1.0,419.83,low,historical_dataset
2022-11-24T00:00:00,50.75696264654135,33894,1.0,667.77,medium,historical_dataset
2022-11-24T00:00:00,38.53237089240185,56752,1.0,1472.84,high,historical_dataset
2022-11-24T00:00:00,26.22917556459547,26818,1.0,1022.45,high,historical_dataset
2022-11-24T00:00:00,50.85802543533618,9563,1.0,188.03,low,historical_dataset
2022-11-24T00:00:00,47.527162447854174,24797,1.0,521.74,medium,historical_dataset
2022-11-24T00:00:00,41.913331526586546,22017,1.0,525.3,medium,historical_dataset
2022-11-25T00:00:00,51.55356940705191,11461,1.0,222.31,low,historical_dataset
2022-11-25T00:00:00,30.24435940758636,37458,1.0,1238.51,high,historical_dataset
2022-11-25T00:00:00,41.13068963239465,36116,1.0,878.08,medium,historical_dataset
2022-11-25T00:00:00,44.97652188331048,45983,1.0,1022.38,high,historical_dataset
2022-11-25T00:00:00,39.1323751861621,15549,1.0,397.34,low,historical_dataset
2022-11-25T00:00:00,50.86406256502778,24217,1.0,476.11,low,historical_dataset
2022-11-25T00:00:00,44.13216258713615,25701,1.0,582.36,medium,historical_dataset
2022-11-25T00:00:00,29.156379101262136,38212,1.0,1310.59,high,historical_dataset
2022-11-25T00:00:00,30.078658653154292,27775,1.0,923.41,medium,historical_dataset
2022-11-25T00:00:00,36.09125452765362,28479,1.0,789.08,medium,historical_dataset
2022-11-26T00:00:00,22.963093979544446,35324,1.0,1538.29,high,historical_dataset
2022-11-26T00:00:00,55.616836450226955,23888,1.0,429.51,low,historical_dataset
2022-11-26T00:00:00,59.52684492718362,21374,1.0,359.06,low,historical_dataset
2022-11-26T00:00:00,30.055107158870545,29313,1.0,975.31,medium,historical_dataset
2022-11-26T00:00:00,40.18407096378214,64615,1.0,1607.98,high,historical_dataset
2022-11-26T00:00:00,52.93201646471307,32087,1.0,606.19,medium,historical_dataset
2022-11-26T00:00:00,47.50229520262139,51892,1.0,1092.41,high,historical_dataset
2022-11-26T00:00:00,31.389874471506463,44004,1.0,1401.85,high,historical_dataset
2022-11-26T00:00:00,55.443839627284014,17984,1.0,324.36,low,historical_dataset
2022-11-26T00:00:00,50.159749612163814,23047,1.0,459.47,low,historical_dataset
2022-11-26T00:00:00,40.52649471228067,20282,1.0,500.46,medium,historical_dataset
2022-11-27T00:00:00,22.526009256280254,55106,1.0,2446.33,high,historical_dataset
2022-11-27T00:00:00,51.76374798928256,24335,1.0,470.12,low,historical_dataset
2022-11-27T00:00:00,54.50858966996647,14170,1.0,259.96,low,historical_dataset
2022-11-27T00:00:00,61.84057815367615,56394,1.0,911.93,medium,historical_dataset
2022-11-27T00:00:00,29.984907681670514,35218,1.0,1174.52,high,historical_dataset
2022-11-27T00:00:00,46.048485291084994,9591,1.0,208.28,low,historical_dataset
2022-11-27T00:00:00,39.972344935690366,30369,1.0,759.75,medium,historical_dataset
2022-11-28T00:00:00,29.146119885764406,39136,1.0,1342.75,high,historical_dataset
2022-11-28T00:00:00,28.716749037877936,38129,1.0,1327.76,high,historical_dataset
2022-11-28T00:00:00,20.0,32978,1.0,1648.9,high,historical_dataset
2022-11-28T00:00:00,46.02177082179796,28173,1.0,612.17,medium,historical_dataset
2022-11-28T00:00:00,37.391065462895206,41973,1.0,1122.54,high,historical_dataset
2022-11-28T00:00:00,40.54949158811698,53902,1.0,1329.29,high,historical_dataset
2022-11-28T00:00:00,20.0,29941,1.0,1497.05,high,historical_dataset
2022-11-28T00:00:00,21.237340283741347,35251,1.0,1659.86,high,historical_dataset
2022-11-28T00:00:00,20.0,31017,1.0,1550.85,high,historical_dataset
2022-11-29T00:00:00,37.33478328310802,53569,1.0,1434.83,high,historical_dataset
2022-11-29T00:00:00,35.23162701469607,37833,1.0,1073.84,high,historical_dataset
2022-11-29T00:00:00,48.373675847311276,16809,1.0,347.48,low,historical_dataset
2022-11-29T00:00:00,30.934481508047284,44206,1.0,1429.02,high,historical_dataset
2022-11-29T00:00:00,37.46078902459508,45374,1.0,1211.24,high,historical_dataset
2022-11-29T00:00:00,48.723370831402136,53479,1.0,1097.6,high,historical_dataset
2022-11-29T00:00:00,33.47055109673926,29194,1.0,872.23,medium,historical_dataset
2022-11-29T00:00:00,26.283502720503655,28469,1.0,1083.15,high,historical_dataset
2022-11-29T00:00:00,40.006997778974224,18284,1.0,457.02,low,historical_dataset
2022-11-29T00:00:00,21.501126319562452,40256,1.0,1872.27,high,historical_dataset
2022-11-29T00:00:00,58.73822982790129,22515,1.0,383.31,low,historical_dataset
2022-11-29T00:00:00,47.81999911417222,16267,1.0,340.17,low,historical_dataset
2022-11-30T00:00:00,43.700353546917455,43381,1.0,992.69,medium,historical_dataset
2022-11-30T00:00:00,27.05234798782477,23326,1.0,862.25,medium,historical_dataset
2022-11-30T00:00:00,59.97616955197227,45363,1.0,756.35,medium,historical_dataset
2022-11-30T00:00:00,47.70416044108485,47214,1.0,989.72,medium,historical_dataset
2022-11-30T00:00:00,32.047356590541675,40809,1.0,1273.4,high,historical_dataset
2022-11-30T00:00:00,49.662125146334944,16428,1.0,330.8,low,historical_dataset
2022-11-30T00:00:00,37.72453301292511,31258,1.0,828.59,medium,historical_dataset
2022-11-30T00:00:00,37.40669928821157,16073,1.0,429.68,low,historical_dataset
2022-11-30T00:00:00,23.82264999736517,26732,1.0,1122.13,high,historical_dataset
2022-11-30T00:00:00,30.077782706187207,12954,1.0,430.68,low,historical_dataset
2022-12-01T00:00:00,51.302844946994725,36310,1.0,707.76,medium,historical_dataset
2022-12-01T00:00:00,36.873648671890365,39268,1.0,1064.93,high,historical_dataset
2022-12-01T00:00:00,43.76709626892928,27401,1.0,626.06,medium,historical_dataset
2022-12-01T00:00:00,32.86888532449719,6983,1.0,212.45,low,historical_dataset
2022-12-02T00:00:00,35.94873269968857,10423,1.0,289.94,low,historical_dataset
2022-12-02T00:00:00,20.0,36120,1.0,1806.0,high,historical_dataset
2022-12-02T00:00:00,34.948708599837225,15316,1.0,438.24,low,historical_dataset
2022-12-02T00:00:00,50.17815324199256,65742,1.0,1310.17,high,historical_dataset
2022-12-02T00:00:00,46.28879256873594,46106,1.0,996.05,medium,historical_dataset
2022-12-02T00:00:00,46.091698497800984,39559,1.0,858.27,medium,historical_dataset
2022-12-02T00:00:00,51.51405648173437,20272,1.0,393.52,low,historical_dataset
2022-12-02T00:00:00,53.801087040750346,14585,1.0,271.09,low,historical_dataset
2022-12-02T00:00:00,53.04265741202434,20840,1.0,392.89,low,historical_dataset
2022-12-02T00:00:00,40.37737899352017,38165,1.0,945.21,medium,historical_dataset
2022-12-02T00:00:00,41.44219934644724,20072,1.0,484.34,low,historical_dataset
2022-12-02T00:00:00,43.8412094743873,19757,1.0,450.65,low,historical_dataset
2022-12-03T00:00:00,42.41242089991563,23813,1.0,561.46,medium,historical_dataset
2022-12-03T00:00:00,33.91159683489601,12796,1.0,377.33,low,historical_dataset
2022-12-03T00:00:00,36.82478199089145,12004,1.0,325.98,low,historical_dataset
2022-12-03T00:00:00,50.2226232390289,52458,1.0,1044.51,high,historical_dataset
2022-12-03T00:00:00,50.25852901140747,18766,1.0,373.39,low,historical_dataset
2022-12-03T00:00:00,35.14253928444107,20297,1.0,577.56,medium,historical_dataset
2022-12-03T00:00:00,46.63365007450505,22702,1.0,486.82,low,historical_dataset
2022-12-04T00:00:00,45.822147847134346,13437,1.0,293.24,low,historical_dataset
2022-12-04T00:00:00,43.425297179400175,22927,1.0,527.96,medium,historical_dataset
2022-12-04T00:00:00,39.775796714015684,62902,1.0,1581.41,high,historical_dataset
2022-12-04T00:00:00,40.10295823004336,36295,1.0,905.05,medium,historical_dataset
2022-12-04T00:00:00,49.9297340792909,33420,1.0,669.34,medium,historical_dataset
2022-12-04T00:00:00,34.89945047817222,28308,1.0,811.13,medium,historical_dataset
2022-12-04T00:00:00,46.47041231469582,24007,1.0,516.61,medium,historical_dataset
2022-12-05T00:00:00,38.911685572746755,34629,1.0,889.94,medium,historical_dataset
2022-12-05T00:00:00,22.91660760469698,55447,1.0,2419.51,high,historical_dataset
2022-12-05T00:00:00,27.686005146763236,40597,1.0,1466.34,high,historical_dataset
2022-12-05T00:00:00,26.86587838327182,34864,1.0,1297.71,high,historical_dataset
2022-12-05T00:00:00,31.63003736547521,27521,1.0,870.09,medium,historical_dataset
2022-12-05T00:00:00,39.387774635523314,24213,1.0,614.73,medium,historical_dataset
2022-12-05T00:00:00,32.13439411740981,19717,1.0,613.58,medium,historical_dataset
2022-12-05T00:00:00,27.575234591331053,21487,1.0,779.21,medium,historical_dataset
2022-12-05T00:00:00,28.55618266979693,20519,1.0,718.55,medium,historical_dataset
2022-12-06T00:00:00,44.17616782484423,20174,1.0,456.67,low,historical_dataset
2022-12-06T00:00:00,33.04541385806013,47619,1.0,1441.02,high,historical_dataset
2022-12-06T00:00:00,46.96473990242252,8209,1.0,174.79,low,historical_dataset
2022-12-06T00:00:00,36.1525825520081,46721,1.0,1292.33,high,historical_dataset
2022-12-06T00:00:00,37.51637953704798,29268,1.0,780.14,medium,historical_dataset
2022-12-06T00:00:00,40.743458701410916,25861,1.0,634.73,medium,historical_dataset
2022-12-06T00:00:00,40.023676454908475,12320,1.0,307.82,low,historical_dataset
2022-12-06T00:00:00,20.0,29177,1.0,1458.85,high,historical_dataset
2022-12-07T00:00:00,32.66690703576608,47356,1.0,1449.66,high,historical_dataset
2022-12-07T00:00:00,27.91587147512802,51829,1.0,1856.61,high,historical_dataset
2022-12-07T00:00:00,42.76812419248737,19613,1.0,458.59,low,historical_dataset
2022-12-07T00:00:00,26.99640230074766,37675,1.0,1395.56,high,historical_dataset
2022-12-07T00:00:00,48.18317391191665,54227,1.0,1125.43,high,historical_dataset
2022-12-07T00:00:00,63.23506110431249,10073,1.0,159.29,low,historical_dataset
2022-12-07T00:00:00,40.22783143545896,36222,1.0,900.42,medium,historical_dataset
2022-12-07T00:00:00,64.21457414498798,19605,1.0,305.3,low,historical_dataset
2022-12-07T00:00:00,53.07963788981465,14342,1.0,270.2,low,historical_dataset
2022-12-07T00:00:00,21.93634855585518,30760,1.0,1402.24,high,historical_dataset
2022-12-08T00:00:00,25.832062254545928,11069,1.0,428.5,low,historical_dataset
2022-12-08T00:00:00,43.37527556463876,24151,1.0,556.79,medium,historical_dataset
2022-12-08T00:00:00,45.47053497791873,16909,1.0,371.87,low,historical_dataset
2022-12-08T00:00:00,20.0,47093,1.0,2354.65,high,historical_dataset
2022-12-08T00:00:00,20.0,59664,1.0,2983.2,high,historical_dataset
2022-12-08T00:00:00,62.2720309567145,23559,1.0,378.32,low,historical_dataset
2022-12-08T00:00:00,36.210855934028714,37072,1.0,1023.78,high,historical_dataset
2022-12-08T00:00:00,42.88354445004254,15716,1.0,366.48,low,historical_dataset
2022-12-08T00:00:00,45.47406417779338,15035,1.0,330.63,low,historical_dataset
2022-12-08T00:00:00,42.72956371146026,25683,1.0,601.06,medium,historical_dataset
2022-12-09T00:00:00,31.837408671568635,37367,1.0,1173.68,high,historical_dataset
2022-12-09T00:00:00,45.43691783547174,53109,1.0,1168.85,high,historical_dataset
2022-12-09T00:00:00,30.61919239829974,31242,1.0,1020.34,high,historical_dataset
2022-12-09T00:00:00,28.667491286176528,39569,1.0,1380.27,high,historical_dataset
2022-12-09T00:00:00,65.42460873033647,14923,1.0,228.09,low,historical_dataset
2022-12-09T00:00:00,24.21155445368487,35470,1.0,1465.0,high,historical_dataset
2022-12-09T00:00:00,20.0,29071,1.0,1453.55,high,historical_dataset
2022-12-10T00:00:00,20.0,39998,1.0,1999.9,high,historical_dataset
2022-12-10T00:00:00,47.01160509852474,38180,1.0,812.14,medium,historical_dataset
2022-12-10T00:00:00,33.022874447000824,31981,1.0,968.45,medium,historical_dataset
2022-12-10T00:00:00,50.61949036604578,11696,1.0,231.06,low,historical_dataset
2022-12-10T00:00:00,43.26535815124334,12464,1.0,288.08,low,historical_dataset
2022-12-10T00:00:00,42.12326498267172,14231,1.0,337.84,low,historical_dataset
2022-12-10T00:00:00,34.258794543934656,20533,1.0,599.35,medium,historical_dataset
2022-12-10T00:00:00,32.02120929860527,13359,1.0,417.19,low,historical_dataset
2022-12-11T00:00:00,22.523009947282688,35993,1.0,1598.05,high,historical_dataset
2022-12-11T00:00:00,34.73937504982789,52955,1.0,1524.35,high,historical_dataset
2022-12-11T00:00:00,43.56680551208015,16249,1.0,372.97,low,historical_dataset
2022-12-11T00:00:00,29.18292441407509,38008,1.0,1302.41,high,historical_dataset
2022-12-11T00:00:00,49.303467394251754,29249,1.0,593.24,medium,historical_dataset
2022-12-11T00:00:00,40.165934864688566,14114,1.0,351.39,low,historical_dataset
2022-12-11T00:00:00,20.0,26532,1.0,1326.6,high,historical_dataset
2022-12-11T00:00:00,26.203115145178778,42147,1.0,1608.47,high,historical_dataset
2022-12-11T00:00:00,24.051842572092998,27918,1.0,1160.74,high,historical_dataset
2022-12-11T00:00:00,42.78212482371743,28878,1.0,675.0,medium,historical_dataset
2022-12-11T00:00:00,35.15796692825586,30490,1.0,867.23,medium,historical_dataset
2022-12-12T00:00:00,22.865540657066937,44994,1.0,1967.76,high,historical_dataset
2022-12-12T00:00:00,50.898776160510295,17926,1.0,352.19,low,historical_dataset
2022-12-12T00:00:00,45.24271273364256,22598,1.0,499.48,low,historical_dataset
2022-12-12T00:00:00,54.52700614292733,13963,1.0,256.07,low,historical_dataset
2022-12-12T00:00:00,51.03249572330991,29782,1.0,583.59,medium,historical_dataset
2022-12-12T00:00:00,27.264897083887256,51947,1.0,1905.27,high,historical_dataset
2022-12-12T00:00:00,34.23694068783758,18663,1.0,545.11,medium,historical_dataset
2022-12-12T00:00:00,34.905194851130155,16576,1.0,474.89,low,historical_dataset
2022-12-12T00:00:00,43.191217067447006,27963,1.0,647.42,medium,historical_dataset
2022-12-12T00:00:00,52.934755356405915,39083,1.0,738.32,medium,historical_dataset
2022-12-13T00:00:00,35.20016806016486,38636,1.0,1097.61,high,historical_dataset
2022-12-13T00:00:00,38.85315244282782,13746,1.0,353.79,low,historical_dataset
2022-12-13T00:00:00,37.68910871200571,29385,1.0,779.67,medium,historical_dataset
2022-12-13T00:00:00,30.334532883969256,45907,1.0,1513.36,high,historical_dataset
2022-12-13T00:00:00,29.527620204335733,10566,1.0,357.83,low,historical_dataset
2022-12-13T00:00:00,20.0,51853,1.0,2592.65,high,historical_dataset
2022-12-13T00:00:00,34.067120734184165,43499,1.0,1276.86,high,historical_dataset
2022-12-13T00:00:00,58.16299687188384,23168,1.0,398.33,low,historical_dataset
2022-12-14T00:00:00,28.55020016454652,25233,1.0,883.81,medium,historical_dataset
2022-12-14T00:00:00,37.10398802095723,39653,1.0,1068.7,high,historical_dataset
2022-12-14T00:00:00,43.619715997209696,8280,1.0,189.82,low,historical_dataset
2022-12-14T00:00:00,24.98118440737825,41545,1.0,1663.05,high,historical_dataset
2022-12-14T00:00:00,30.532137915112482,36912,1.0,1208.96,high,historical_dataset
2022-12-14T00:00:00,55.953967559766575,15403,1.0,275.28,low,historical_dataset
2022-12-14T00:00:00,35.60847431397672,19559,1.0,549.28,medium,historical_dataset
2022-12-14T00:00:00,42.72393243087698,20918,1.0,489.61,low,historical_dataset
2022-12-14T00:00:00,37.22558759719132,6770,1.0,181.86,low,historical_dataset
2022-12-15T00:00:00,40.166866985485676,36302,1.0,903.78,medium,historical_dataset
2022-12-15T00:00:00,50.16147309613252,22983,1.0,458.18,low,historical_dataset
2022-12-15T00:00:00,51.35001733914644,51493,1.0,1002.78,high,historical_dataset
2022-12-15T00:00:00,64.65859892778738,12025,1.0,185.98,low,historical_dataset
2022-12-15T00:00:00,42.421061750501906,36683,1.0,864.74,medium,historical_dataset
2022-12-15T00:00:00,32.01706603123349,17950,1.0,560.64,medium,historical_dataset
2022-12-15T00:00:00,43.1156132469017,28155,1.0,653.01,medium,historical_dataset
2022-12-15T00:00:00,54.48234995333758,26679,1.0,489.68,low,historical_dataset
2022-12-15T00:00:00,49.62590522676954,19107,1.0,385.02,low,historical_dataset
2022-12-16T00:00:00,46.1823525457482,53247,1.0,1152.97,high,historical_dataset
2022-12-16T00:00:00,31.66376860445852,35876,1.0,1133.03,high,historical_dataset
2022-12-16T00:00:00,53.967958803511785,22933,1.0,424.94,low,historical_dataset
2022-12-16T00:00:00,65.80295643152161,13839,1.0,210.31,low,historical_dataset
2022-12-16T00:00:00,32.76018040492089,36742,1.0,1121.54,high,historical_dataset
2022-12-16T00:00:00,46.77032822760353,16483,1.0,352.42,low,historical_dataset
2022-12-16T00:00:00,33.22261480412608,21038,1.0,633.24,medium,historical_dataset
2022-12-17T00:00:00,33.7946935569566,26244,1.0,776.57,medium,historical_dataset
2022-12-17T00:00:00,30.422441849187543,18949,1.0,622.86,medium,historical_dataset
2022-12-17T00:00:00,30.396672861301774,27469,1.0,903.68,medium,historical_dataset
2022-12-17T00:00:00,32.58209214588638,36849,1.0,1130.96,high,historical_dataset
2022-12-17T00:00:00,27.713015367133092,51104,1.0,1844.04,high,historical_dataset
2022-12-17T00:00:00,36.69355704192262,28648,1.0,780.74,medium,historical_dataset
2022-12-17T00:00:00,36.68154521531483,30242,1.0,824.45,medium,historical_dataset
2022-12-18T00:00:00,45.02281802322575,28091,1.0,623.93,medium,historical_dataset
2022-12-18T00:00:00,44.022099011866935,31712,1.0,720.37,medium,historical_dataset
2022-12-18T00:00:00,44.896039874934644,62267,1.0,1386.92,high,historical_dataset
2022-12-18T00:00:00,32.54291423697111,65437,1.0,2010.79,high,historical_dataset
2022-12-18T00:00:00,55.17817286474413,18376,1.0,333.03,low,historical_dataset
2022-12-18T00:00:00,20.0,38788,1.0,1939.4,high,historical_dataset
2022-12-18T00:00:00,36.79379835371785,35412,1.0,962.44,medium,historical_dataset
2022-12-18T00:00:00,51.694975570550014,18885,1.0,365.32,low,historical_dataset
2022-12-18T00:00:00,20.901375222226477,34237,1.0,1638.03,high,historical_dataset
2022-12-18T00:00:00,41.4101980620348,24948,1.0,602.46,medium,historical_dataset
2022-12-19T00:00:00,35.42747065652402,14202,1.0,400.88,low,historical_dataset
2022-12-19T00:00:00,57.27002573628148,10167,1.0,177.53,low,historical_dataset
2022-12-19T00:00:00,33.95656803723973,52019,1.0,1531.93,high,historical_dataset
2022-12-19T00:00:00,29.025643578782248,34979,1.0,1205.11,high,historical_dataset
2022-12-19T00:00:00,41.262911028981094,23955,1.0,580.55,medium,historical_dataset
2022-12-19T00:00:00,49.4791914188519,10081,1.0,203.74,low,historical_dataset
2022-12-20T00:00:00,37.777351049350386,24681,1.0,653.33,medium,historical_dataset
2022-12-20T00:00:00,33.755039462919015,31368,1.0,929.28,medium,historical_dataset
2022-12-20T00:00:00,43.41033639937584,31485,1.0,725.29,medium,historical_dataset
2022-12-20T00:00:00,41.137238793466494,61908,1.0,1504.91,high,historical_dataset
2022-12-20T00:00:00,26.067301640804118,66660,1.0,2557.23,high,historical_dataset
2022-12-20T00:00:00,27.808175532997616,26247,1.0,943.86,medium,historical_dataset
2022-12-20T00:00:00,35.60661269234058,30566,1.0,858.44,medium,historical_dataset
2022-12-20T00:00:00,52.948687567780176,18372,1.0,346.98,low,historical_dataset
2022-12-20T00:00:00,41.79670466186723,19127,1.0,457.62,low,historical_dataset
2022-12-21T00:00:00,20.159479741444542,37345,1.0,1852.48,high,historical_dataset
2022-12-21T00:00:00,40.50992241367934,38793,1.0,957.62,medium,historical_dataset
2022-12-21T00:00:00,57.732738265199984,20880,1.0,361.67,low,historical_dataset
2022-12-21T00:00:00,38.033597102859865,49474,1.0,1300.8,high,historical_dataset
2022-12-21T00:00:00,27.566743200338433,51844,1.0,1880.67,high,historical_dataset
2022-12-21T00:00:00,36.02440596314684,27541,1.0,764.51,medium,historical_dataset
2022-12-21T00:00:00,53.61225723466313,16483,1.0,307.45,low,historical_dataset
2022-12-21T00:00:00,37.52640628386001,32162,1.0,857.05,medium,historical_dataset
2022-12-21T00:00:00,44.465325642612065,10769,1.0,242.19,low,historical_dataset
2022-12-22T00:00:00,46.82142090626384,23174,1.0,494.94,low,historical_dataset
2022-12-22T00:00:00,48.589045344620644,25473,1.0,524.25,medium,historical_dataset
2022-12-22T00:00:00,24.305035952801283,58437,1.0,2404.32,high,historical_dataset
2022-12-22T00:00:00,50.646327578566115,60477,1.0,1194.1,high,historical_dataset
2022-12-22T00:00:00,43.76995651271576,38148,1.0,871.56,medium,historical_dataset
2022-12-22T00:00:00,31.58884620202675,9512,1.0,301.12,low,historical_dataset
2022-12-23T00:00:00,37.991009577021075,47327,1.0,1245.74,high,historical_dataset
2022-12-23T00:00:00,44.95949084760517,32001,1.0,711.77,medium,historical_dataset
2022-12-23T00:00:00,21.12551095994852,39105,1.0,1851.08,high,historical_dataset
2022-12-23T00:00:00,40.77546626413355,32065,1.0,786.38,medium,historical_dataset
2022-12-23T00:00:00,37.94693413043576,15608,1.0,411.31,low,historical_dataset
2022-12-24T00:00:00,42.396610909540286,42996,1.0,1014.14,high,historical_dataset
2022-12-24T00:00:00,39.27477629507775,28314,1.0,720.92,medium,historical_dataset
2022-12-24T00:00:00,25.833089919326536,19544,1.0,756.55,medium,historical_dataset
2022-12-24T00:00:00,44.08470282365733,53106,1.0,1204.64,high,historical_dataset
2022-12-24T00:00:00,59.94840126394109,18388,1.0,306.73,low,historical_dataset
2022-12-24T00:00:00,33.03199322664711,37117,1.0,1123.67,high,historical_dataset
2022-12-24T00:00:00,29.651794339188665,41244,1.0,1390.94,high,historical_dataset
2022-12-24T00:00:00,28.07004267302332,34753,1.0,1238.08,high,historical_dataset
2022-12-24T00:00:00,38.451078601287946,22468,1.0,584.33,medium,historical_dataset
2022-12-24T00:00:00,62.64903143154464,25102,1.0,400.68,low,historical_dataset
2022-12-25T00:00:00,47.491012245572286,34120,1.0,718.45,medium,historical_dataset
2022-12-25T00:00:00,39.28382461140386,52718,1.0,1341.98,high,historical_dataset
2022-12-25T00:00:00,53.96862218191569,14352,1.0,265.93,low,historical_dataset
2022-12-25T00:00:00,35.1720059235104,44136,1.0,1254.86,high,historical_dataset
2022-12-25T00:00:00,61.14868925073185,13359,1.0,218.47,low,historical_dataset
2022-12-25T00:00:00,20.44747156327655,47161,1.0,2306.45,high,historical_dataset
2022-12-25T00:00:00,46.94929656252766,20220,1.0,430.68,low,historical_dataset
2022-12-25T00:00:00,40.47178143936207,34125,1.0,843.18,medium,historical_dataset
2022-12-25T00:00:00,45.502912353344676,21149,1.0,464.78,low,historical_dataset
2022-12-25T00:00:00,24.61920561201896,25262,1.0,1026.11,high,historical_dataset
2022-12-26T00:00:00,56.95152510130332,12003,1.0,210.76,low,historical_dataset
2022-12-26T00:00:00,54.414946461079865,18616,1.0,342.11,low,historical_dataset
2022-12-26T00:00:00,20.0,47285,1.0,2364.25,high,historical_dataset
2022-12-26T00:00:00,20.745685502602495,39729,1.0,1915.05,high,historical_dataset
2022-12-26T00:00:00,28.19962629968574,19388,1.0,687.53,medium,historical_dataset
2022-12-26T00:00:00,33.87578636449791,40882,1.0,1206.82,high,historical_dataset
2022-12-26T00:00:00,38.6762775603394,14098,1.0,364.51,low,historical_dataset
2022-12-26T00:00:00,30.04777756290163,26780,1.0,891.25,medium,historical_dataset
2022-12-26T00:00:00,43.50977307457703,20626,1.0,474.05,low,historical_dataset
2022-12-26T00:00:00,60.732554875338124,20389,1.0,335.72,low,historical_dataset
2022-12-26T00:00:00,34.78615033679174,26068,1.0,749.38,medium,historical_dataset
2022-12-27T00:00:00,56.84253464560505,23938,1.0,421.13,low,historical_dataset
2022-12-27T00:00:00,24.03977208797201,45895,1.0,1909.13,high,historical_dataset
2022-12-27T00:00:00,42.06965129409205,43620,1.0,1036.85,high,historical_dataset
2022-12-27T00:00:00,32.48544011239136,13009,1.0,400.46,low,historical_dataset
2022-12-27T00:00:00,51.73050641565003,27411,1.0,529.88,medium,historical_dataset
2022-12-27T00:00:00,33.1686782369775,22255,1.0,670.96,medium,historical_dataset
2022-12-27T00:00:00,40.71520459373604,8486,1.0,208.42,low,historical_dataset
2022-12-27T00:00:00,27.99888369848306,30597,1.0,1092.79,high,historical_dataset
2022-12-27T00:00:00,52.348859131328254,41150,1.0,786.07,medium,historical_dataset
2022-12-28T00:00:00,35.43570607285189,35740,1.0,1008.59,high,historical_dataset
2022-12-28T00:00:00,32.81295380988478,10180,1.0,310.24,low,historical_dataset
2022-12-28T00:00:00,39.1781757927797,40311,1.0,1028.91,high,historical_dataset
2022-12-28T00:00:00,20.0,25505,1.0,1275.25,high,historical_dataset
2022-12-28T00:00:00,33.23404407741648,50654,1.0,1524.16,high,historical_dataset
2022-12-28T00:00:00,40.8911754358612,44548,1.0,1089.43,high,historical_dataset
2022-12-28T00:00:00,55.773211873650574,27270,1.0,488.94,low,historical_dataset
2022-12-28T00:00:00,56.790371266471325,16140,1.0,284.2,low,historical_dataset
2022-12-29T00:00:00,47.08666715382928,38270,1.0,812.76,medium,historical_dataset
2022-12-29T00:00:00,44.28130379491381,35755,1.0,807.45,medium,historical_dataset
2022-12-29T00:00:00,43.05463404387789,16170,1.0,375.57,low,historical_dataset
2022-12-29T00:00:00,36.28859786231581,40659,1.0,1120.43,high,historical_dataset
2022-12-29T00:00:00,25.2127896251353,36289,1.0,1439.31,high,historical_dataset
2022-12-29T00:00:00,38.387249442317994,38851,1.0,1012.08,high,historical_dataset
2022-12-29T00:00:00,20.0,40774,1.0,2038.7,high,historical_dataset
2022-12-29T00:00:00,31.054630321913145,34935,1.0,1124.95,high,historical_dataset
2022-12-29T00:00:00,33.09702213652788,28157,1.0,850.74,medium,historical_dataset
2022-12-29T00:00:00,54.40818989228657,29154,1.0,535.84,medium,historical_dataset
2022-12-30T00:00:00,25.887757267969913,32530,1.0,1256.58,high,historical_dataset
2022-12-30T00:00:00,51.26785796254879,23779,1.0,463.82,low,historical_dataset
2022-12-30T00:00:00,45.038584300317304,14170,1.0,314.62,low,historical_dataset
2022-12-30T00:00:00,52.24230814358703,16599,1.0,317.73,low,historical_dataset
2022-12-30T00:00:00,37.166959544344934,9934,1.0,267.28,low,historical_dataset
2022-12-30T00:00:00,21.259677073772696,25065,1.0,1178.99,high,historical_dataset
2022-12-30T00:00:00,25.129676343752152,41634,1.0,1656.77,high,historical_dataset
2022-12-30T00:00:00,27.250019382219364,34459,1.0,1264.55,high,historical_dataset
2022-12-30T00:00:00,38.73059621691719,26091,1.0,673.65,medium,historical_dataset
2022-12-31T00:00:00,44.55046749024827,43430,1.0,974.85,medium,historical_dataset
2022-12-31T00:00:00,37.80440511870123,21723,1.0,574.62,medium,historical_dataset
2022-12-31T00:00:00,33.73177966056866,15329,1.0,454.44,low,historical_dataset
2022-12-31T00:00:00,29.78788071708899,42875,1.0,1439.34,high,historical_dataset
2022-12-31T00:00:00,30.911083640066302,51809,1.0,1676.07,high,historical_dataset
2022-12-31T00:00:00,33.11859716456688,38519,1.0,1163.06,high,historical_dataset
2022-12-31T00:00:00,41.04844762216408,20737,1.0,505.18,medium,historical_dataset
2022-12-31T00:00:00,56.9081679379799,21282,1.0,373.97,low,historical_dataset
2022-12-31T00:00:00,40.40325356487871,15724,1.0,389.18,low,historical_dataset
2023-01-01T00:00:00,34.52467704960778,38088,1.0,1103.21,high,historical_dataset
2023-01-01T00:00:00,55.23881134977163,11455,1.0,207.37,low,historical_dataset
2023-01-01T00:00:00,41.124461311513045,57026,1.0,1386.67,high,historical_dataset
2023-01-01T00:00:00,22.379864979670188,29119,1.0,1301.12,high,historical_dataset
2023-01-01T00:00:00,31.116683310303763,41318,1.0,1327.84,high,historical_dataset
2023-01-01T00:00:00,26.574120989458873,17109,1.0,643.82,medium,historical_dataset
2023-01-02T00:00:00,50.8089401459522,24106,1.0,474.44,low,historical_dataset
2023-01-02T00:00:00,35.67073798957518,24152,1.0,677.08,medium,historical_dataset
2023-01-02T00:00:00,43.898302132857324,11160,1.0,254.22,low,historical_dataset
2023-01-02T00:00:00,44.354497436204966,43541,1.0,981.66,medium,historical_dataset
2023-01-02T00:00:00,33.69586882642742,59924,1.0,1778.38,high,historical_dataset
2023-01-02T00:00:00,41.74873356970846,35381,1.0,847.47,medium,historical_dataset
2023-01-02T00:00:00,22.523218554585576,26557,1.0,1179.09,high,historical_dataset
2023-01-02T00:00:00,27.27886999420104,33013,1.0,1210.2,high,historical_dataset
2023-01-02T00:00:00,41.40884404031344,23788,1.0,574.47,medium,historical_dataset
2023-01-02T00:00:00,28.051216996681624,31494,1.0,1122.73,high,historical_dataset
2023-01-02T00:00:00,36.76844549820478,13936,1.0,379.02,low,historical_dataset
2023-01-03T00:00:00,36.60479880535099,38288,1.0,1045.98,high,historical_dataset
2023-01-03T00:00:00,40.22308555358297,32720,1.0,813.46,medium,historical_dataset
2023-01-03T00:00:00,24.88813049615542,30730,1.0,1234.73,high,historical_dataset
2023-01-03T00:00:00,37.03543171929119,45187,1.0,1220.1,high,historical_dataset
2023-01-03T00:00:00,58.06453506825694,13038,1.0,224.54,low,historical_dataset
2023-01-03T00:00:00,38.43696222149558,23004,1.0,598.49,medium,historical_dataset
2023-01-03T00:00:00,31.572807679468674,35327,1.0,1118.91,high,historical_dataset
2023-01-03T00:00:00,46.21082149351284,36561,1.0,791.18,medium,historical_dataset
2023-01-03T00:00:00,54.325294858465355,15615,1.0,287.44,low,historical_dataset
2023-01-04T00:00:00,51.63309492084395,24452,1.0,473.57,low,historical_dataset
2023-01-04T00:00:00,20.0,38671,1.0,1933.55,high,historical_dataset
2023-01-04T00:00:00,60.42758056101036,22341,1.0,369.72,low,historical_dataset
2023-01-04T00:00:00,61.34345357901938,15827,1.0,258.01,low,historical_dataset
2023-01-04T00:00:00,34.76584377867176,29832,1.0,858.08,medium,historical_dataset
2023-01-04T00:00:00,49.38896929523789,11838,1.0,239.69,low,historical_dataset
2023-01-04T00:00:00,37.01057414567522,40620,1.0,1097.52,high,historical_dataset
2023-01-04T00:00:00,43.581958262129575,38704,1.0,888.07,medium,historical_dataset
2023-01-04T00:00:00,60.23343348571573,33465,1.0,555.59,medium,historical_dataset
2023-01-04T00:00:00,31.25743962473209,35273,1.0,1128.47,high,historical_dataset
2023-01-04T00:00:00,24.939247045033177,47449,1.0,1902.58,high,historical_dataset
2023-01-05T00:00:00,43.73573400992209,18409,1.0,420.91,low,historical_dataset
2023-01-05T00:00:00,41.893746134047376,45897,1.0,1095.56,high,historical_dataset
2023-01-05T00:00:00,33.660472749583526,41455,1.0,1231.56,high,historical_dataset
2023-01-05T00:00:00,27.463006284369577,39964,1.0,1455.19,high,historical_dataset
2023-01-05T00:00:00,40.318234333634564,42662,1.0,1058.13,high,historical_dataset
2023-01-05T00:00:00,31.720309305707584,9935,1.0,313.21,low,historical_dataset
2023-01-05T00:00:00,48.29541155152203,20527,1.0,425.03,low,historical_dataset
2023-01-06T00:00:00,42.44218661083437,24943,1.0,587.69,medium,historical_dataset
2023-01-06T00:00:00,37.68419158414687,24139,1.0,640.56,medium,historical_dataset
2023-01-06T00:00:00,38.12358492548875,26781,1.0,702.48,medium,historical_dataset
2023-01-06T00:00:00,47.91503130283091,13298,1.0,277.53,low,historical_dataset
2023-01-06T00:00:00,40.37606348847432,59850,1.0,1482.31,high,historical_dataset
2023-01-06T00:00:00,39.3436668475792,66055,1.0,1678.92,high,historical_dataset
2023-01-06T00:00:00,44.13205377122557,13810,1.0,312.92,low,historical_dataset
2023-01-06T00:00:00,58.63424732252243,13530,1.0,230.75,low,historical_dataset
2023-01-06T00:00:00,40.78811753680798,20076,1.0,492.2,low,historical_dataset
2023-01-06T00:00:00,21.192832203947617,29504,1.0,1392.17,high,historical_dataset
2023-01-06T00:00:00,50.009521764188506,19516,1.0,390.25,low,historical_dataset
2023-01-07T00:00:00,56.52336923812146,24589,1.0,435.02,low,historical_dataset
2023-01-07T00:00:00,51.56774369522968,37688,1.0,730.84,medium,historical_dataset
2023-01-07T00:00:00,50.825425982216245,7382,1.0,145.24,low,historical_dataset
2023-01-07T00:00:00,63.02945662838716,15465,1.0,245.36,low,historical_dataset
2023-01-07T00:00:00,27.05612824753985,39254,1.0,1450.84,high,historical_dataset
2023-01-07T00:00:00,35.13051119874597,40230,1.0,1145.16,high,historical_dataset
2023-01-07T00:00:00,53.97248832960096,14755,1.0,273.38,low,historical_dataset
2023-01-07T00:00:00,39.564784040502374,22551,1.0,569.98,medium,historical_dataset
2023-01-08T00:00:00,52.38053806197743,21858,1.0,417.29,low,historical_dataset
2023-01-08T00:00:00,32.40266578840018,24569,1.0,758.24,medium,historical_dataset
2023-01-08T00:00:00,34.74182346158994,6813,1.0,196.1,low,historical_dataset
2023-01-08T00:00:00,23.570382070321983,29254,1.0,1241.13,high,historical_dataset
2023-01-08T00:00:00,42.53687609365563,30103,1.0,707.69,medium,historical_dataset
2023-01-08T00:00:00,39.39053295016594,12983,1.0,329.6,low,historical_dataset
2023-01-08T00:00:00,54.07769998868276,24747,1.0,457.62,low,historical_dataset
2023-01-08T00:00:00,43.72814640428856,23069,1.0,527.55,medium,historical_dataset
2023-01-08T00:00:00,37.2394369577262,14457,1.0,388.22,low,historical_dataset
2023-01-08T00:00:00,30.976837094909765,35716,1.0,1152.99,high,historical_dataset
2023-01-08T00:00:00,21.875692142168266,27136,1.0,1240.46,high,historical_dataset
2023-01-08T00:00:00,50.939218868526,14771,1.0,289.97,low,historical_dataset
2023-01-09T00:00:00,28.918183625060145,27038,1.0,934.98,medium,historical_dataset
2023-01-09T00:00:00,46.03396580525975,19430,1.0,422.08,low,historical_dataset
2023-01-09T00:00:00,63.66838112897187,18348,1.0,288.18,low,historical_dataset
2023-01-09T00:00:00,37.062977391379114,35875,1.0,967.95,medium,historical_dataset
2023-01-09T00:00:00,29.360443904234632,44103,1.0,1502.12,high,historical_dataset
2023-01-09T00:00:00,36.14146669379887,38326,1.0,1060.44,high,historical_dataset
2023-01-09T00:00:00,36.19192096019003,27451,1.0,758.48,medium,historical_dataset
2023-01-09T00:00:00,29.77390628781196,25974,1.0,872.37,medium,historical_dataset
2023-01-09T00:00:00,35.150671317367056,18713,1.0,532.37,medium,historical_dataset
2023-01-10T00:00:00,27.902455175987406,35323,1.0,1265.95,high,historical_dataset
2023-01-10T00:00:00,25.619875532867596,44821,1.0,1749.46,high,historical_dataset
2023-01-10T00:00:00,39.621062342890234,25703,1.0,648.72,medium,historical_dataset
2023-01-10T00:00:00,30.792817230252457,29681,1.0,963.89,medium,historical_dataset
2023-01-10T00:00:00,36.00225479160089,29144,1.0,809.5,medium,historical_dataset
2023-01-10T00:00:00,35.10958187625097,33882,1.0,965.04,medium,historical_dataset
2023-01-10T00:00:00,38.9637383386557,13000,1.0,333.64,low,historical_dataset
2023-01-10T00:00:00,40.95004936891562,21256,1.0,519.07,medium,historical_dataset
2023-01-10T00:00:00,66.66449128316361,9509,1.0,142.64,low,historical_dataset
2023-01-11T00:00:00,33.213085533567465,36016,1.0,1084.39,high,historical_dataset
2023-01-11T00:00:00,36.3171862606867,10347,1.0,284.91,low,historical_dataset
2023-01-11T00:00:00,37.6514023830385,9585,1.0,254.57,low,historical_dataset
2023-01-11T00:00:00,45.27859348270482,32097,1.0,708.88,medium,historical_dataset
2023-01-11T00:00:00,33.91365496149921,6323,1.0,186.44,low,historical_dataset
2023-01-11T00:00:00,31.054078841312172,49285,1.0,1587.07,high,historical_dataset
2023-01-11T00:00:00,31.791010021945173,53004,1.0,1667.26,high,historical_dataset
2023-01-11T00:00:00,30.436440726478914,29390,1.0,965.62,medium,historical_dataset
2023-01-11T00:00:00,38.1141342573396,32279,1.0,846.9,medium,historical_dataset
2023-01-11T00:00:00,45.450189915923225,12682,1.0,279.03,low,historical_dataset
2023-01-12T00:00:00,27.744617394384605,32680,1.0,1177.89,high,historical_dataset
2023-01-12T00:00:00,20.0,34130,1.0,1706.5,high,historical_dataset
2023-01-12T00:00:00,42.44439214289815,16199,1.0,381.65,low,historical_dataset
2023-01-12T00:00:00,34.33809552874244,45122,1.0,1314.05,high,historical_dataset
2023-01-12T00:00:00,39.68182185939466,44066,1.0,1110.48,high,historical_dataset
2023-01-12T00:00:00,33.99114676536517,37019,1.0,1089.08,high,historical_dataset
2023-01-12T00:00:00,26.78877190582312,57347,1.0,2140.71,high,historical_dataset
2023-01-12T00:00:00,44.04232403906887,25516,1.0,579.35,medium,historical_dataset
2023-01-12T00:00:00,31.680257621404326,25095,1.0,792.13,medium,historical_dataset
2023-01-13T00:00:00,39.05674474911667,35408,1.0,906.58,medium,historical_dataset
2023-01-13T00:00:00,20.0,28595,1.0,1429.75,high,historical_dataset
2023-01-13T00:00:00,52.334722675905695,15311,1.0,292.56,low,historical_dataset
2023-01-13T00:00:00,25.51565217623426,44659,1.0,1750.26,high,historical_dataset
2023-01-13T00:00:00,38.51742428366356,46871,1.0,1216.88,high,historical_dataset
2023-01-13T00:00:00,44.8759218424679,26671,1.0,594.33,medium,historical_dataset
2023-01-13T00:00:00,37.230133917855376,10706,1.0,287.56,low,historical_dataset
2023-01-13T00:00:00,44.26744183502547,31631,1.0,714.54,medium,historical_dataset
2023-01-13T00:00:00,44.0577024368296,6936,1.0,157.43,low,historical_dataset
2023-01-14T00:00:00,36.11014700282056,26182,1.0,725.06,medium,historical_dataset
2023-01-14T00:00:00,41.61631481210649,33423,1.0,803.12,medium,historical_dataset
2023-01-14T00:00:00,58.23565770420703,15407,1.0,264.56,low,historical_dataset
2023-01-14T00:00:00,33.759031731102326,29281,1.0,867.35,medium,historical_dataset
2023-01-14T00:00:00,33.96383354002583,48832,1.0,1437.76,high,historical_dataset
2023-01-14T00:00:00,27.310636883419306,52201,1.0,1911.38,high,historical_dataset
2023-01-14T00:00:00,27.206169331400446,31563,1.0,1160.14,high,historical_dataset
2023-01-14T00:00:00,49.53298374341481,17222,1.0,347.69,low,historical_dataset
2023-01-14T00:00:00,47.90620971705493,9225,1.0,192.56,low,historical_dataset
2023-01-15T00:00:00,40.437918577045615,49820,1.0,1232.01,high,historical_dataset
2023-01-15T00:00:00,20.0,37195,1.0,1859.75,high,historical_dataset
2023-01-15T00:00:00,49.97563860869096,17473,1.0,349.63,low,historical_dataset
2023-01-15T00:00:00,39.023366427484284,25888,1.0,663.4,medium,historical_dataset
2023-01-15T00:00:00,36.26968412815883,36506,1.0,1006.52,high,historical_dataset
2023-01-15T00:00:00,41.00512844363843,28206,1.0,687.87,medium,historical_dataset
2023-01-15T00:00:00,26.50791424062708,28225,1.0,1064.78,high,historical_dataset
2023-01-16T00:00:00,23.10574355294041,25055,1.0,1084.36,high,historical_dataset
2023-01-16T00:00:00,47.444226107915945,17718,1.0,373.45,low,historical_dataset
2023-01-16T00:00:00,41.67108991929203,49631,1.0,1191.02,high,historical_dataset
2023-01-16T00:00:00,32.507826871626705,31265,1.0,961.77,medium,historical_dataset
2023-01-16T00:00:00,62.13266845469296,38118,1.0,613.49,medium,historical_dataset
2023-01-16T00:00:00,68.21068510688198,17266,1.0,253.13,low,historical_dataset
2023-01-16T00:00:00,34.464074852796166,19367,1.0,561.95,medium,historical_dataset
2023-01-16T00:00:00,38.66302533222508,7083,1.0,183.2,low,historical_dataset
2023-01-17T00:00:00,59.934177143063415,24218,1.0,404.08,low,historical_dataset
2023-01-17T00:00:00,50.3941796003272,46404,1.0,920.82,medium,historical_dataset
2023-01-17T00:00:00,20.34187087324298,30655,1.0,1506.99,high,historical_dataset
2023-01-17T00:00:00,52.77187880755034,17385,1.0,329.44,low,historical_dataset
2023-01-17T00:00:00,27.983854488484646,25071,1.0,895.91,medium,historical_dataset
2023-01-17T00:00:00,20.0,38647,1.0,1932.35,high,historical_dataset
2023-01-17T00:00:00,41.050031563679994,11864,1.0,289.01,low,historical_dataset
2023-01-17T00:00:00,49.67738747977797,18068,1.0,363.71,low,historical_dataset
2023-01-17T00:00:00,49.50783310133711,6259,1.0,126.42,low,historical_dataset
2023-01-17T00:00:00,35.41925122686447,19103,1.0,539.34,medium,historical_dataset
2023-01-18T00:00:00,43.14167379619858,39999,1.0,927.15,medium,historical_dataset
2023-01-18T00:00:00,44.23510469006716,43505,1.0,983.49,medium,historical_dataset
2023-01-18T00:00:00,35.127757659110934,16164,1.0,460.15,low,historical_dataset
2023-01-18T00:00:00,36.307174160738214,19217,1.0,529.29,medium,historical_dataset
2023-01-18T00:00:00,37.89390472369446,37594,1.0,992.09,medium,historical_dataset
2023-01-18T00:00:00,47.52020739211078,27797,1.0,584.95,medium,historical_dataset
2023-01-18T00:00:00,40.31408067312779,29197,1.0,724.24,medium,historical_dataset
2023-01-18T00:00:00,35.602888843349085,36081,1.0,1013.43,high,historical_dataset
2023-01-18T00:00:00,42.77889373758953,40111,1.0,937.64,medium,historical_dataset
2023-01-19T00:00:00,48.83328058595975,20520,1.0,420.21,low,historical_dataset
2023-01-19T00:00:00,57.9452950863024,33572,1.0,579.37,medium,historical_dataset
2023-01-19T00:00:00,57.195441913761535,7189,1.0,125.69,low,historical_dataset
2023-01-19T00:00:00,67.41580503237151,23675,1.0,351.18,low,historical_dataset
2023-01-19T00:00:00,36.325116974386624,30811,1.0,848.2,medium,historical_dataset
2023-01-19T00:00:00,25.834800829936043,51972,1.0,2011.71,high,historical_dataset
2023-01-19T00:00:00,43.7190724684314,6139,1.0,140.42,low,historical_dataset
2023-01-19T00:00:00,25.548706807373165,41992,1.0,1643.61,high,historical_dataset
2023-01-19T00:00:00,30.81580525552866,32220,1.0,1045.57,high,historical_dataset
2023-01-19T00:00:00,37.463091203218035,31682,1.0,845.69,medium,historical_dataset
2023-01-19T00:00:00,20.0,39494,1.0,1974.7,high,historical_dataset
2023-01-19T00:00:00,39.43307860590223,9066,1.0,229.91,low,historical_dataset
2023-01-20T00:00:00,34.11550095624775,44958,1.0,1317.82,high,historical_dataset
2023-01-20T00:00:00,28.823308174095104,27670,1.0,959.99,medium,historical_dataset
2023-01-20T00:00:00,41.80166807005427,49849,1.0,1192.51,high,historical_dataset
2023-01-20T00:00:00,20.971541573775678,54667,1.0,2606.72,high,historical_dataset
2023-01-20T00:00:00,42.346056627087286,28173,1.0,665.3,medium,historical_dataset
2023-01-20T00:00:00,34.97881488314489,26105,1.0,746.31,medium,historical_dataset
2023-01-20T00:00:00,38.49963820299031,22963,1.0,596.45,medium,historical_dataset
2023-01-21T00:00:00,42.407144659618844,32664,1.0,770.25,medium,historical_dataset
2023-01-21T00:00:00,27.612602928509695,34904,1.0,1264.06,high,historical_dataset
2023-01-21T00:00:00,55.13603911034224,16318,1.0,295.96,low,historical_dataset
2023-01-21T00:00:00,26.272925936094666,29627,1.0,1127.66,high,historical_dataset
2023-01-21T00:00:00,21.89257109444513,65332,1.0,2984.21,high,historical_dataset
2023-01-21T00:00:00,23.460346019574395,34717,1.0,1479.82,high,historical_dataset
2023-01-21T00:00:00,40.77844528367435,44464,1.0,1090.38,high,historical_dataset
2023-01-21T00:00:00,44.358917711233964,20196,1.0,455.29,low,historical_dataset
2023-01-22T00:00:00,25.346293413341744,10156,1.0,400.69,low,historical_dataset
2023-01-22T00:00:00,42.54072960923416,13148,1.0,309.07,low,historical_dataset
2023-01-22T00:00:00,32.62464177824096,28441,1.0,871.76,medium,historical_dataset
2023-01-22T00:00:00,31.46387407104682,14553,1.0,462.53,low,historical_dataset
2023-01-22T00:00:00,46.33435722174053,35341,1.0,762.74,medium,historical_dataset
2023-01-22T00:00:00,49.1665950980639,33997,1.0,691.47,medium,historical_dataset
2023-01-22T00:00:00,31.85974701378204,21002,1.0,659.2,medium,historical_dataset
2023-01-22T00:00:00,57.26314397286565,38708,1.0,675.97,medium,historical_dataset
2023-01-23T00:00:00,27.854927088365304,21531,1.0,772.97,medium,historical_dataset
2023-01-23T00:00:00,32.66944802963685,27609,1.0,845.1,medium,historical_dataset
2023-01-23T00:00:00,56.85501636168577,12518,1.0,220.17,low,historical_dataset
2023-01-23T00:00:00,28.433046684427097,33196,1.0,1167.51,high,historical_dataset
2023-01-23T00:00:00,46.64927236795503,32717,1.0,701.34,medium,historical_dataset
2023-01-23T00:00:00,34.01967323839922,12361,1.0,363.35,low,historical_dataset
2023-01-23T00:00:00,39.54517040278295,53813,1.0,1360.8,high,historical_dataset
2023-01-23T00:00:00,42.429739600131,26434,1.0,623.01,medium,historical_dataset
2023-01-23T00:00:00,72.72611283105618,22224,1.0,305.58,low,historical_dataset
2023-01-23T00:00:00,23.649264166175193,33876,1.0,1432.43,high,historical_dataset
2023-01-23T00:00:00,60.19873966437896,20131,1.0,334.41,low,historical_dataset
2023-01-23T00:00:00,35.63618993881921,20467,1.0,574.33,medium,historical_dataset
2023-01-24T00:00:00,42.79297465342529,35549,1.0,830.72,medium,historical_dataset
2023-01-24T00:00:00,27.741987801283177,27807,1.0,1002.34,high,historical_dataset
2023-01-24T00:00:00,45.344824653239314,13543,1.0,298.67,low,historical_dataset
2023-01-24T00:00:00,39.04916661151096,32788,1.0,839.66,medium,historical_dataset
2023-01-24T00:00:00,40.48553731967968,14680,1.0,362.6,low,historical_dataset
2023-01-24T00:00:00,32.10924271026964,49010,1.0,1526.35,high,historical_dataset
2023-01-24T00:00:00,36.169229244849966,14729,1.0,407.22,low,historical_dataset
2023-01-24T00:00:00,43.2430955711099,12465,1.0,288.25,low,historical_dataset
2023-01-24T00:00:00,33.51912490705957,12452,1.0,371.49,low,historical_dataset
2023-01-24T00:00:00,40.90837887964899,39383,1.0,962.71,medium,historical_dataset
2023-01-24T00:00:00,42.2618496018745,39355,1.0,931.22,medium,historical_dataset
2023-01-24T00:00:00,28.65310758051438,31608,1.0,1103.13,high,historical_dataset
2023-01-24T00:00:00,32.579785588870635,26406,1.0,810.5,medium,historical_dataset
2023-01-24T00:00:00,43.77183223452415,22217,1.0,507.56,medium,historical_dataset
2023-01-24T00:00:00,41.34231581833601,15585,1.0,376.97,low,historical_dataset
2023-01-25T00:00:00,36.81103999399022,32376,1.0,879.52,medium,historical_dataset
2023-01-25T00:00:00,53.580775561635974,23047,1.0,430.14,low,historical_dataset
2023-01-25T00:00:00,20.940467911523783,29580,1.0,1412.58,high,historical_dataset
2023-01-25T00:00:00,32.924923033830794,51743,1.0,1571.55,high,historical_dataset
2023-01-25T00:00:00,31.51750541775518,12593,1.0,399.56,low,historical_dataset
2023-01-25T00:00:00,49.87104373361179,4233,1.0,84.88,low,historical_dataset
2023-01-25T00:00:00,38.708859389871826,39413,1.0,1018.19,high,historical_dataset
2023-01-25T00:00:00,54.60051095508882,12872,1.0,235.75,low,historical_dataset
2023-01-25T00:00:00,30.10666382049715,24582,1.0,816.5,medium,historical_dataset
2023-01-25T00:00:00,51.27919635447948,37615,1.0,733.53,medium,historical_dataset
2023-01-25T00:00:00,40.91844432065154,10106,1.0,246.98,low,historical_dataset
2023-01-26T00:00:00,35.73474971408234,33226,1.0,929.8,medium,historical_dataset
2023-01-26T00:00:00,20.0,35292,1.0,1764.6,high,historical_dataset
2023-01-26T00:00:00,29.30727309068376,25403,1.0,866.78,medium,historical_dataset
2023-01-26T00:00:00,38.88512257460163,35801,1.0,920.69,medium,historical_dataset
2023-01-26T00:00:00,26.03883495517838,56293,1.0,2161.89,high,historical_dataset
2023-01-26T00:00:00,43.499202343507584,13920,1.0,320.01,low,historical_dataset
2023-01-26T00:00:00,50.718708253057244,39674,1.0,782.24,medium,historical_dataset
2023-01-26T00:00:00,36.808216870874325,20022,1.0,543.95,medium,historical_dataset
2023-01-27T00:00:00,39.4956692844401,49899,1.0,1263.4,high,historical_dataset
2023-01-27T00:00:00,34.88303743547411,37244,1.0,1067.68,high,historical_dataset
2023-01-27T00:00:00,29.2955273082563,35404,1.0,1208.51,high,historical_dataset
2023-01-27T00:00:00,41.76536337338775,29322,1.0,702.07,medium,historical_dataset
2023-01-27T00:00:00,53.4624452391248,51311,1.0,959.76,medium,historical_dataset
2023-01-27T00:00:00,62.006255387482646,10658,1.0,171.89,low,historical_dataset
2023-01-27T00:00:00,46.634589041468146,8495,1.0,182.16,low,historical_dataset
2023-01-27T00:00:00,26.425885273772757,31217,1.0,1181.3,high,historical_dataset
2023-01-27T00:00:00,27.553856213781014,31334,1.0,1137.19,high,historical_dataset
2023-01-27T00:00:00,36.695042691608776,21559,1.0,587.52,medium,historical_dataset
2023-01-28T00:00:00,36.77663210706045,11383,1.0,309.52,low,historical_dataset
2023-01-28T00:00:00,42.366668212243965,41545,1.0,980.61,medium,historical_dataset
2023-01-28T00:00:00,45.96002515624136,30799,1.0,670.13,medium,historical_dataset
2023-01-28T00:00:00,20.0,63264,1.0,3163.2,high,historical_dataset
2023-01-28T00:00:00,26.756403470856498,26596,1.0,994.01,medium,historical_dataset
2023-01-28T00:00:00,44.326418037390546,17752,1.0,400.48,low,historical_dataset
2023-01-28T00:00:00,57.33351309403378,20715,1.0,361.31,low,historical_dataset
2023-01-28T00:00:00,50.10428875367828,9934,1.0,198.27,low,historical_dataset
2023-01-28T00:00:00,36.54118208401704,16436,1.0,449.79,low,historical_dataset
2023-01-28T00:00:00,45.663854014447516,10993,1.0,240.74,low,historical_dataset
2023-01-28T00:00:00,50.262810346984445,15638,1.0,311.12,low,historical_dataset
2023-01-29T00:00:00,37.37103217240744,44054,1.0,1178.83,high,historical_dataset
2023-01-29T00:00:00,49.37152466128215,14125,1.0,286.1,low,historical_dataset
2023-01-29T00:00:00,34.29350795750933,10768,1.0,314.0,low,historical_dataset
2023-01-29T00:00:00,35.415395151969854,14664,1.0,414.06,low,historical_dataset
2023-01-29T00:00:00,45.74024393554093,18065,1.0,394.95,low,historical_dataset
2023-01-29T00:00:00,39.52009162788871,28793,1.0,728.57,medium,historical_dataset
2023-01-29T00:00:00,23.95559978506612,59667,1.0,2490.73,high,historical_dataset
2023-01-29T00:00:00,61.01388441653306,24663,1.0,404.22,low,historical_dataset
2023-01-29T00:00:00,59.46399185761445,21905,1.0,368.37,low,historical_dataset
2023-01-29T00:00:00,69.06530139628101,20280,1.0,293.64,low,historical_dataset
2023-01-30T00:00:00,32.79959613319492,57944,1.0,1766.61,high,historical_dataset
2023-01-30T00:00:00,44.56327817415594,13135,1.0,294.75,low,historical_dataset
2023-01-30T00:00:00,30.222774468441685,32122,1.0,1062.84,high,historical_dataset
2023-01-30T00:00:00,49.00707466432961,15185,1.0,309.85,low,historical_dataset
2023-01-30T00:00:00,44.010587897611885,13258,1.0,301.25,low,historical_dataset
2023-01-30T00:00:00,26.939784371986896,26123,1.0,969.68,medium,historical_dataset
2023-01-30T00:00:00,38.3564663385262,54450,1.0,1419.58,high,historical_dataset
2023-01-30T00:00:00,46.22881306072842,10024,1.0,216.83,low,historical_dataset
2023-01-30T00:00:00,34.14044538702768,6383,1.0,186.96,low,historical_dataset
2023-01-31T00:00:00,42.500977574678394,22026,1.0,518.25,medium,historical_dataset
2023-01-31T00:00:00,38.305890604662544,36190,1.0,944.76,medium,historical_dataset
2023-01-31T00:00:00,31.31913604314136,33992,1.0,1085.34,high,historical_dataset
2023-01-31T00:00:00,49.7028514992796,17628,1.0,354.67,low,historical_dataset
2023-01-31T00:00:00,50.27709903309313,45464,1.0,904.27,medium,historical_dataset
2023-01-31T00:00:00,31.66253017611698,48317,1.0,1526.0,high,historical_dataset
2023-01-31T00:00:00,35.66703951713301,27967,1.0,784.11,medium,historical_dataset
2023-01-31T00:00:00,36.75884257632635,42361,1.0,1152.4,high,historical_dataset
2023-01-31T00:00:00,44.211913987652615,44068,1.0,996.74,medium,historical_dataset
2023-01-31T00:00:00,41.25283953615074,20807,1.0,504.38,medium,historical_dataset
2023-02-01T00:00:00,59.12589542376263,23629,1.0,399.64,low,historical_dataset
2023-02-01T00:00:00,40.82274115914514,61208,1.0,1499.36,high,historical_dataset
2023-02-01T00:00:00,31.72328950791323,46062,1.0,1451.99,high,historical_dataset
2023-02-01T00:00:00,66.6287000275638,24575,1.0,368.84,low,historical_dataset
2023-02-01T00:00:00,41.09369537692034,23250,1.0,565.78,medium,historical_dataset
2023-02-01T00:00:00,39.73317643750843,40977,1.0,1031.3,high,historical_dataset
2023-02-01T00:00:00,60.07098322313282,22760,1.0,378.89,low,historical_dataset
2023-02-01T00:00:00,46.164273608244926,24509,1.0,530.91,medium,historical_dataset
2023-02-02T00:00:00,36.14153224792793,38874,1.0,1075.6,high,historical_dataset
2023-02-02T00:00:00,43.378094372665736,23089,1.0,532.27,medium,historical_dataset
2023-02-02T00:00:00,53.312852463674474,46815,1.0,878.12,medium,historical_dataset
2023-02-02T00:00:00,59.894305791892975,13140,1.0,219.39,low,historical_dataset
2023-02-02T00:00:00,20.754705537551654,33777,1.0,1627.44,high,historical_dataset
2023-02-02T00:00:00,51.3789888100945,20595,1.0,400.84,low,historical_dataset
2023-02-03T00:00:00,44.08773324390909,23375,1.0,530.19,medium,historical_dataset
2023-02-03T00:00:00,39.76696510803608,10288,1.0,258.71,low,historical_dataset
2023-02-03T00:00:00,20.0,64048,1.0,3202.4,high,historical_dataset
2023-02-03T00:00:00,40.65323789015884,41207,1.0,1013.62,high,historical_dataset
2023-02-03T00:00:00,40.523692851736016,30093,1.0,742.6,medium,historical_dataset
2023-02-03T00:00:00,36.1151068579746,18292,1.0,506.49,medium,historical_dataset
2023-02-03T00:00:00,21.130374876031087,14919,1.0,706.05,medium,historical_dataset
2023-02-04T00:00:00,62.084535221185064,36590,1.0,589.36,medium,historical_dataset
2023-02-04T00:00:00,58.40097816244559,24078,1.0,412.29,low,historical_dataset
2023-02-04T00:00:00,34.45661426139416,35745,1.0,1037.39,high,historical_dataset
2023-02-04T00:00:00,60.58720109918989,14474,1.0,238.9,low,historical_dataset
2023-02-04T00:00:00,37.00116112784717,24636,1.0,665.82,medium,historical_dataset
2023-02-04T00:00:00,38.72165237861839,30774,1.0,794.75,medium,historical_dataset
2023-02-05T00:00:00,44.263575093978076,26344,1.0,595.16,medium,historical_dataset
2023-02-05T00:00:00,44.5536629266736,13572,1.0,304.62,low,historical_dataset
2023-02-05T00:00:00,32.22827407237442,55463,1.0,1720.94,high,historical_dataset
2023-02-05T00:00:00,28.649224588076255,61639,1.0,2151.51,high,historical_dataset
2023-02-05T00:00:00,34.32374608619258,26134,1.0,761.4,medium,historical_dataset
2023-02-05T00:00:00,63.237137593863416,19321,1.0,305.53,low,historical_dataset
2023-02-05T00:00:00,44.23855887817886,41050,1.0,927.92,medium,historical_dataset
2023-02-05T00:00:00,32.008972311824735,6900,1.0,215.56,low,historical_dataset
2023-02-05T00:00:00,26.744161190160856,28284,1.0,1057.58,high,historical_dataset
2023-02-06T00:00:00,28.81540782673732,21818,1.0,757.16,medium,historical_dataset
2023-02-06T00:00:00,33.41548200421518,43281,1.0,1295.24,high,historical_dataset
2023-02-06T00:00:00,46.99930952010335,29576,1.0,629.29,medium,historical_dataset
2023-02-06T00:00:00,37.407032250322196,29267,1.0,782.39,medium,historical_dataset
2023-02-06T00:00:00,45.659874545133185,45771,1.0,1002.43,high,historical_dataset
2023-02-06T00:00:00,48.027073557633415,12957,1.0,269.79,low,historical_dataset
2023-02-06T00:00:00,47.45878675890731,4734,1.0,99.75,low,historical_dataset
2023-02-06T00:00:00,22.84195653239081,37366,1.0,1635.85,high,historical_dataset
2023-02-06T00:00:00,31.258513863513443,36210,1.0,1158.4,high,historical_dataset
2023-02-06T00:00:00,47.97202667967532,12929,1.0,269.51,low,historical_dataset
2023-02-07T00:00:00,41.75739861586169,11040,1.0,264.38,low,historical_dataset
2023-02-07T00:00:00,27.34369040289218,20190,1.0,738.38,medium,historical_dataset
2023-02-07T00:00:00,34.55142642076805,45200,1.0,1308.19,high,historical_dataset
2023-02-07T00:00:00,34.87097609316326,28169,1.0,807.81,medium,historical_dataset
2023-02-07T00:00:00,31.765591778211437,25519,1.0,803.35,medium,historical_dataset
2023-02-07T00:00:00,28.65562031847022,27136,1.0,946.97,medium,historical_dataset
2023-02-07T00:00:00,34.1698709505638,34614,1.0,1013.0,high,historical_dataset
2023-02-07T00:00:00,39.28985770492437,30424,1.0,774.35,medium,historical_dataset
2023-02-07T00:00:00,39.75082524472801,31384,1.0,789.52,medium,historical_dataset
2023-02-07T00:00:00,51.604757604660975,18601,1.0,360.45,low,historical_dataset
2023-02-08T00:00:00,47.77588977393538,36099,1.0,755.59,medium,historical_dataset
2023-02-08T00:00:00,39.19717954297791,42153,1.0,1075.41,high,historical_dataset
2023-02-08T00:00:00,37.67412129131272,23625,1.0,627.09,medium,historical_dataset
2023-02-08T00:00:00,33.95601589101967,26656,1.0,785.02,medium,historical_dataset
2023-02-08T00:00:00,26.546179682847942,58229,1.0,2193.5,high,historical_dataset
2023-02-08T00:00:00,51.1673577565959,25159,1.0,491.7,low,historical_dataset
2023-02-08T00:00:00,40.78766925607699,27310,1.0,669.57,medium,historical_dataset
2023-02-08T00:00:00,49.18733579567741,34339,1.0,698.13,medium,historical_dataset
2023-02-08T00:00:00,25.56302330687923,28432,1.0,1112.23,high,historical_dataset
2023-02-08T00:00:00,29.377334727413533,39362,1.0,1339.88,high,historical_dataset
2023-02-08T00:00:00,38.0896974668738,25998,1.0,682.55,medium,historical_dataset
2023-02-09T00:00:00,52.6603631415084,22791,1.0,432.79,low,historical_dataset
2023-02-09T00:00:00,20.46944373974741,53001,1.0,2589.27,high,historical_dataset
2023-02-09T00:00:00,57.51033916618299,15026,1.0,261.27,low,historical_dataset
2023-02-09T00:00:00,39.280924258401534,62127,1.0,1581.61,high,historical_dataset
2023-02-09T00:00:00,20.0,46223,1.0,2311.15,high,historical_dataset
2023-02-09T00:00:00,31.414043306305654,15625,1.0,497.39,low,historical_dataset
2023-02-09T00:00:00,40.76486576737882,37706,1.0,924.96,medium,historical_dataset
2023-02-09T00:00:00,49.410465075799316,24514,1.0,496.13,low,historical_dataset
2023-02-09T00:00:00,22.644075131652578,29870,1.0,1319.11,high,historical_dataset
2023-02-09T00:00:00,40.42592305365535,8967,1.0,221.81,low,historical_dataset
2023-02-09T00:00:00,49.02302883441081,18888,1.0,385.29,low,historical_dataset
2023-02-09T00:00:00,20.0,27390,1.0,1369.5,high,historical_dataset
2023-02-10T00:00:00,42.015071835050385,47705,1.0,1135.43,high,historical_dataset
2023-02-10T00:00:00,51.1899343817082,19914,1.0,389.02,low,historical_dataset
2023-02-10T00:00:00,45.903197268407254,28797,1.0,627.34,medium,historical_dataset
2023-02-10T00:00:00,42.84249408453091,6584,1.0,153.68,low,historical_dataset
2023-02-10T00:00:00,49.550276076515715,30916,1.0,623.93,medium,historical_dataset
2023-02-10T00:00:00,47.17125440003955,11464,1.0,243.03,low,historical_dataset
2023-02-10T00:00:00,45.22782962533981,24820,1.0,548.78,medium,historical_dataset
2023-02-10T00:00:00,48.03479283903817,13899,1.0,289.35,low,historical_dataset
2023-02-10T00:00:00,57.36321394046596,31552,1.0,550.04,medium,historical_dataset
2023-02-10T00:00:00,28.324242119848858,8843,1.0,312.21,low,historical_dataset
2023-02-11T00:00:00,30.732087372438112,38220,1.0,1243.65,high,historical_dataset
2023-02-11T00:00:00,36.0579429004194,32931,1.0,913.28,medium,historical_dataset
2023-02-11T00:00:00,45.759511053322136,16299,1.0,356.19,low,historical_dataset
2023-02-11T00:00:00,28.710410563949598,38892,1.0,1354.63,high,historical_dataset
2023-02-11T00:00:00,43.916354122447444,25000,1.0,569.26,medium,historical_dataset
2023-02-12T00:00:00,58.76575892747225,11761,1.0,200.13,low,historical_dataset
2023-02-12T00:00:00,61.45369378270871,9054,1.0,147.33,low,historical_dataset
2023-02-12T00:00:00,40.70427384420876,49125,1.0,1206.88,high,historical_dataset
2023-02-12T00:00:00,35.9181930165728,12345,1.0,343.7,low,historical_dataset
2023-02-12T00:00:00,38.49918736715247,9513,1.0,247.1,low,historical_dataset
2023-02-12T00:00:00,49.573746127158955,30462,1.0,614.48,medium,historical_dataset
2023-02-12T00:00:00,20.935840105290225,18062,1.0,862.73,medium,historical_dataset
2023-02-12T00:00:00,47.361887668844325,28922,1.0,610.66,medium,historical_dataset
2023-02-13T00:00:00,52.711317994949994,45747,1.0,867.88,medium,historical_dataset
2023-02-13T00:00:00,35.01439548404284,47002,1.0,1342.36,high,historical_dataset
2023-02-13T00:00:00,52.206369714055676,13705,1.0,262.52,low,historical_dataset
2023-02-13T00:00:00,44.719635780432064,47718,1.0,1067.05,high,historical_dataset
2023-02-13T00:00:00,26.422478058215546,40257,1.0,1523.59,high,historical_dataset
2023-02-13T00:00:00,48.37624603779738,35989,1.0,743.94,medium,historical_dataset
2023-02-13T00:00:00,46.69470868965692,40563,1.0,868.69,medium,historical_dataset
2023-02-13T00:00:00,44.91359293620142,9757,1.0,217.24,low,historical_dataset
2023-02-14T00:00:00,31.668648129819132,45608,1.0,1440.16,high,historical_dataset
2023-02-14T00:00:00,33.680882022604855,24146,1.0,716.91,medium,historical_dataset
2023-02-14T00:00:00,43.32600516023985,29106,1.0,671.79,medium,historical_dataset
2023-02-14T00:00:00,44.06180004617137,6362,1.0,144.39,low,historical_dataset
2023-02-14T00:00:00,40.85814382688813,49872,1.0,1220.61,high,historical_dataset
2023-02-14T00:00:00,27.7492561015437,8418,1.0,303.36,low,historical_dataset
2023-02-14T00:00:00,40.72724630559183,24433,1.0,599.92,medium,historical_dataset
2023-02-14T00:00:00,39.47066091895108,10019,1.0,253.83,low,historical_dataset
2023-02-15T00:00:00,28.027960221352643,34880,1.0,1244.47,high,historical_dataset
2023-02-15T00:00:00,31.319001645910024,13435,1.0,428.97,low,historical_dataset
2023-02-15T00:00:00,31.24129323761082,44613,1.0,1428.01,high,historical_dataset
2023-02-15T00:00:00,29.406690219473713,48931,1.0,1663.94,high,historical_dataset
2023-02-15T00:00:00,48.08818048149418,20836,1.0,433.29,low,historical_dataset
2023-02-15T00:00:00,45.66642739039137,43979,1.0,963.05,medium,historical_dataset
2023-02-15T00:00:00,20.93262740296138,27712,1.0,1323.87,high,historical_dataset
2023-02-15T00:00:00,27.948317411924066,28681,1.0,1026.22,high,historical_dataset
2023-02-16T00:00:00,40.840287038386485,40226,1.0,984.96,medium,historical_dataset
2023-02-16T00:00:00,61.48886706379008,13331,1.0,216.8,low,historical_dataset
2023-02-16T00:00:00,21.365327924210924,40342,1.0,1888.2,high,historical_dataset
2023-02-16T00:00:00,25.131437583370136,44735,1.0,1780.04,high,historical_dataset
2023-02-16T00:00:00,35.96851250933382,27343,1.0,760.19,medium,historical_dataset
2023-02-16T00:00:00,37.680578535047964,27273,1.0,723.79,medium,historical_dataset
2023-02-16T00:00:00,20.11342948373049,7908,1.0,393.17,low,historical_dataset
2023-02-16T00:00:00,55.598496287299795,34393,1.0,618.6,medium,historical_dataset
2023-02-16T00:00:00,58.970475724532164,18708,1.0,317.24,low,historical_dataset
2023-02-16T00:00:00,30.894790276686585,14996,1.0,485.39,low,historical_dataset
2023-02-17T00:00:00,31.266341237966753,36943,1.0,1181.56,high,historical_dataset
2023-02-17T00:00:00,57.50152260755615,12182,1.0,211.86,low,historical_dataset
2023-02-17T00:00:00,29.471197827023236,33711,1.0,1143.86,high,historical_dataset
2023-02-17T00:00:00,27.095948480495057,45876,1.0,1693.09,high,historical_dataset
2023-02-17T00:00:00,38.066173802707844,13009,1.0,341.75,low,historical_dataset
2023-02-17T00:00:00,38.44964863146842,49334,1.0,1283.08,high,historical_dataset
2023-02-17T00:00:00,42.20020762506333,18067,1.0,428.13,low,historical_dataset
2023-02-17T00:00:00,36.3465012601457,35930,1.0,988.54,medium,historical_dataset
2023-02-17T00:00:00,38.94758815762462,31212,1.0,801.38,medium,historical_dataset
2023-02-17T00:00:00,31.373544432918685,16063,1.0,511.99,medium,historical_dataset
2023-02-18T00:00:00,48.641722703986254,51656,1.0,1061.97,high,historical_dataset
2023-02-18T00:00:00,39.43081813258485,42440,1.0,1076.32,high,historical_dataset
2023-02-18T00:00:00,41.28338618894345,23198,1.0,561.92,medium,historical_dataset
2023-02-18T00:00:00,32.21608156488345,7799,1.0,242.08,low,historical_dataset
2023-02-18T00:00:00,31.880380829571354,32479,1.0,1018.78,high,historical_dataset
2023-02-18T00:00:00,33.93672881240395,45452,1.0,1339.32,high,historical_dataset
2023-02-18T00:00:00,34.305329933623355,27063,1.0,788.89,medium,historical_dataset
2023-02-18T00:00:00,57.292411573561054,16725,1.0,291.92,low,historical_dataset
2023-02-18T00:00:00,35.591526298946135,24682,1.0,693.48,medium,historical_dataset
2023-02-18T00:00:00,38.46298575866436,18527,1.0,481.68,low,historical_dataset
2023-02-18T00:00:00,58.68786631089256,13265,1.0,226.03,low,historical_dataset
2023-02-18T00:00:00,42.50152912633531,13165,1.0,309.75,low,historical_dataset
2023-02-19T00:00:00,26.415617734094052,39377,1.0,1490.67,high,historical_dataset
2023-02-19T00:00:00,49.53349435769963,23785,1.0,480.18,low,historical_dataset
2023-02-19T00:00:00,43.13265910260916,13481,1.0,312.55,low,historical_dataset
2023-02-19T00:00:00,22.636148862684745,46100,1.0,2036.57,high,historical_dataset
2023-02-19T00:00:00,53.69195166354224,14513,1.0,270.3,low,historical_dataset
2023-02-19T00:00:00,38.169359332171986,33506,1.0,877.82,medium,historical_dataset
2023-02-19T00:00:00,35.901822460808525,40645,1.0,1132.12,high,historical_dataset
2023-02-19T00:00:00,36.09140578968345,11095,1.0,307.41,low,historical_dataset
2023-02-19T00:00:00,55.23481244594397,20579,1.0,372.57,low,historical_dataset
2023-02-20T00:00:00,40.05026501829619,23589,1.0,588.98,medium,historical_dataset
2023-02-20T00:00:00,47.189867012857334,41122,1.0,871.42,medium,historical_dataset
2023-02-20T00:00:00,37.64518079396931,45365,1.0,1205.07,high,historical_dataset
2023-02-20T00:00:00,41.665843866716095,58808,1.0,1411.42,high,historical_dataset
2023-02-20T00:00:00,60.10930118489799,24677,1.0,410.54,low,historical_dataset
2023-02-20T00:00:00,46.430778953398566,11842,1.0,255.05,low,historical_dataset
2023-02-20T00:00:00,41.52815341702899,41458,1.0,998.31,medium,historical_dataset
2023-02-20T00:00:00,35.31278490683103,10736,1.0,304.03,low,historical_dataset
2023-02-20T00:00:00,59.585574803602626,13189,1.0,221.35,low,historical_dataset
2023-02-21T00:00:00,59.51969776121265,11325,1.0,190.27,low,historical_dataset
2023-02-21T00:00:00,34.42929874901617,23865,1.0,693.16,medium,historical_dataset
2023-02-21T00:00:00,32.00261790123515,22039,1.0,688.66,medium,historical_dataset
2023-02-21T00:00:00,40.532227904731826,58395,1.0,1440.71,high,historical_dataset
2023-02-21T00:00:00,48.28807074341824,15317,1.0,317.2,low,historical_dataset
2023-02-21T00:00:00,41.822803308705616,26140,1.0,625.02,medium,historical_dataset
2023-02-21T00:00:00,34.53159047065331,14189,1.0,410.9,low,historical_dataset
2023-02-21T00:00:00,28.291458329122044,33997,1.0,1201.67,high,historical_dataset
2023-02-21T00:00:00,47.939484342094325,17936,1.0,374.14,low,historical_dataset
2023-02-21T00:00:00,24.859029275904906,21784,1.0,876.3,medium,historical_dataset
2023-02-21T00:00:00,36.64216491390118,13323,1.0,363.6,low,historical_dataset
2023-02-22T00:00:00,43.47980193336905,24229,1.0,557.25,medium,historical_dataset
2023-02-22T00:00:00,51.756187421260776,15994,1.0,309.03,low,historical_dataset
2023-02-22T00:00:00,39.699683648681884,24770,1.0,623.93,medium,historical_dataset
2023-02-22T00:00:00,33.463484321678884,45539,1.0,1360.86,high,historical_dataset
2023-02-22T00:00:00,51.501998846849915,14675,1.0,284.94,low,historical_dataset
2023-02-22T00:00:00,37.526752282198856,20625,1.0,549.61,medium,historical_dataset
2023-02-22T00:00:00,42.88669089930344,12265,1.0,285.99,low,historical_dataset
2023-02-22T00:00:00,37.23065653476448,39119,1.0,1050.72,high,historical_dataset
2023-02-22T00:00:00,20.0,17446,1.0,872.3,medium,historical_dataset
2023-02-22T00:00:00,24.641716841067336,29736,1.0,1206.73,high,historical_dataset
2023-02-22T00:00:00,46.93402946559226,20226,1.0,430.95,low,historical_dataset
2023-02-22T00:00:00,64.14875549226964,8039,1.0,125.32,low,historical_dataset
2023-02-23T00:00:00,41.949679248373116,24547,1.0,585.15,medium,historical_dataset
2023-02-23T00:00:00,38.56695089888201,43955,1.0,1139.71,high,historical_dataset
2023-02-23T00:00:00,33.79839169890293,28806,1.0,852.29,medium,historical_dataset
2023-02-23T00:00:00,37.131266697843365,4355,1.0,117.29,low,historical_dataset
2023-02-23T00:00:00,27.47288115940229,58610,1.0,2133.38,high,historical_dataset
2023-02-23T00:00:00,41.32756327206592,25026,1.0,605.55,medium,historical_dataset
2023-02-23T00:00:00,34.55253234778748,28331,1.0,819.94,medium,historical_dataset
2023-02-23T00:00:00,37.43449311726809,30321,1.0,809.97,medium,historical_dataset
2023-02-24T00:00:00,47.23110863384046,37781,1.0,799.92,medium,historical_dataset
2023-02-24T00:00:00,56.0487314570044,17587,1.0,313.78,low,historical_dataset
2023-02-24T00:00:00,45.39600776965784,17619,1.0,388.12,low,historical_dataset
2023-02-24T00:00:00,30.92027439074201,46474,1.0,1503.03,high,historical_dataset
2023-02-24T00:00:00,61.19455302325659,5859,1.0,95.74,low,historical_dataset
2023-02-24T00:00:00,37.241237158544294,21436,1.0,575.6,medium,historical_dataset
2023-02-24T00:00:00,45.48581919837221,9018,1.0,198.26,low,historical_dataset
2023-02-25T00:00:00,24.39847551983788,36605,1.0,1500.3,high,historical_dataset
2023-02-25T00:00:00,47.9460186729506,11981,1.0,249.89,low,historical_dataset
2023-02-25T00:00:00,44.77239259275985,13570,1.0,303.09,low,historical_dataset
2023-02-25T00:00:00,36.03905143952842,61508,1.0,1706.7,high,historical_dataset
2023-02-25T00:00:00,32.93449629641253,45015,1.0,1366.8,high,historical_dataset
2023-02-25T00:00:00,36.250647326943,25015,1.0,690.06,medium,historical_dataset
2023-02-25T00:00:00,33.721545982466935,37977,1.0,1126.19,high,historical_dataset
2023-02-25T00:00:00,37.556127689873335,20054,1.0,533.97,medium,historical_dataset
2023-02-25T00:00:00,39.10143685550434,23060,1.0,589.75,medium,historical_dataset
2023-02-26T00:00:00,32.29085512900789,26272,1.0,813.6,medium,historical_dataset
2023-02-26T00:00:00,34.64838359688582,49534,1.0,1429.62,high,historical_dataset
2023-02-26T00:00:00,35.97116264807575,36952,1.0,1027.27,high,historical_dataset
2023-02-26T00:00:00,25.868501363004206,58250,1.0,2251.77,high,historical_dataset
2023-02-26T00:00:00,38.69422916451649,34844,1.0,900.5,medium,historical_dataset
2023-02-26T00:00:00,46.72902791787431,12908,1.0,276.23,low,historical_dataset
2023-02-26T00:00:00,25.954321461030325,29319,1.0,1129.64,high,historical_dataset
2023-02-26T00:00:00,45.02023919287968,41189,1.0,914.9,medium,historical_dataset
2023-02-26T00:00:00,20.0,37954,1.0,1897.7,high,historical_dataset
2023-02-26T00:00:00,42.36003057667278,13229,1.0,312.3,low,historical_dataset
2023-02-27T00:00:00,53.892352625347165,45227,1.0,839.21,medium,historical_dataset
2023-02-27T00:00:00,44.35171916679374,40035,1.0,902.67,medium,historical_dataset
2023-02-27T00:00:00,48.90026624837142,15578,1.0,318.57,low,historical_dataset
2023-02-27T00:00:00,40.69375998307011,43238,1.0,1062.52,high,historical_dataset
2023-02-27T00:00:00,42.938748548636326,40154,1.0,935.15,medium,historical_dataset
2023-02-27T00:00:00,38.878464155411535,43384,1.0,1115.89,high,historical_dataset
2023-02-27T00:00:00,55.2841589074725,19416,1.0,351.2,low,historical_dataset
2023-02-27T00:00:00,31.014234689890436,12537,1.0,404.23,low,historical_dataset
2023-02-27T00:00:00,20.0,27543,1.0,1377.15,high,historical_dataset
2023-02-27T00:00:00,48.33572152537534,15770,1.0,326.26,low,historical_dataset
2023-02-28T00:00:00,27.171631998966454,25402,1.0,934.87,medium,historical_dataset
2023-02-28T00:00:00,57.90993110083129,8521,1.0,147.14,low,historical_dataset
2023-02-28T00:00:00,51.62348118665473,47286,1.0,915.98,medium,historical_dataset
2023-02-28T00:00:00,42.8335413348572,8678,1.0,202.6,low,historical_dataset
2023-02-28T00:00:00,34.96268130346993,42139,1.0,1205.26,high,historical_dataset
2023-02-28T00:00:00,51.85347266218469,41268,1.0,795.86,medium,historical_dataset
2023-02-28T00:00:00,36.2146976681833,34048,1.0,940.17,medium,historical_dataset
2023-02-28T00:00:00,32.74816832244828,30969,1.0,945.67,medium,historical_dataset
2023-03-01T00:00:00,20.0,53158,1.0,2657.9,high,historical_dataset
2023-03-01T00:00:00,31.721139948342604,43317,1.0,1365.56,high,historical_dataset
2023-03-01T00:00:00,30.72326275165576,33998,1.0,1106.59,high,historical_dataset
2023-03-01T00:00:00,26.838076488285346,14242,1.0,530.66,medium,historical_dataset
2023-03-01T00:00:00,20.948480671458842,61404,1.0,2931.19,high,historical_dataset
2023-03-01T00:00:00,49.297190912171374,7290,1.0,147.88,low,historical_dataset
2023-03-01T00:00:00,22.278925043475432,34467,1.0,1547.07,high,historical_dataset
2023-03-01T00:00:00,35.16489506326776,20009,1.0,569.0,medium,historical_dataset
2023-03-01T00:00:00,64.43556706664249,20341,1.0,315.68,low,historical_dataset
2023-03-02T00:00:00,32.68897719064785,50183,1.0,1535.17,high,historical_dataset
2023-03-02T00:00:00,35.26834322451442,14161,1.0,401.52,low,historical_dataset
2023-03-02T00:00:00,41.36317459932556,24989,1.0,604.14,medium,historical_dataset
2023-03-02T00:00:00,45.723815664139465,34153,1.0,746.94,medium,historical_dataset
2023-03-02T00:00:00,48.476517616975066,13863,1.0,285.97,low,historical_dataset
2023-03-02T00:00:00,42.40388674995264,24082,1.0,567.92,medium,historical_dataset
2023-03-02T00:00:00,35.03600375806937,31135,1.0,888.66,medium,historical_dataset
2023-03-03T00:00:00,34.71497082085167,35513,1.0,1022.99,high,historical_dataset
2023-03-03T00:00:00,20.0,40823,1.0,2041.15,high,historical_dataset
2023-03-03T00:00:00,47.32433842389284,24455,1.0,516.75,medium,historical_dataset
2023-03-03T00:00:00,36.209780700674685,53535,1.0,1478.47,high,historical_dataset
2023-03-03T00:00:00,40.93421520323153,24834,1.0,606.68,medium,historical_dataset
2023-03-03T00:00:00,38.778212697125475,34769,1.0,896.61,medium,historical_dataset
2023-03-03T00:00:00,30.351590320432805,40435,1.0,1332.22,high,historical_dataset
2023-03-03T00:00:00,33.30804153226672,11521,1.0,345.89,low,historical_dataset
2023-03-03T00:00:00,34.45752965988914,28967,1.0,840.66,medium,historical_dataset
2023-03-03T00:00:00,43.908042387721906,14870,1.0,338.66,low,historical_dataset
2023-03-03T00:00:00,55.61097950802798,24620,1.0,442.72,low,historical_dataset
2023-03-04T00:00:00,39.470848089400675,29500,1.0,747.39,medium,historical_dataset
2023-03-04T00:00:00,35.163757203585476,36515,1.0,1038.43,high,historical_dataset
2023-03-04T00:00:00,27.64300105456593,22153,1.0,801.4,medium,historical_dataset
2023-03-04T00:00:00,58.2953930730416,14597,1.0,250.4,low,historical_dataset
2023-03-04T00:00:00,53.95059093269997,27803,1.0,515.34,medium,historical_dataset
2023-03-04T00:00:00,42.46445041741727,11186,1.0,263.42,low,historical_dataset
2023-03-04T00:00:00,29.157625552359455,14019,1.0,480.8,low,historical_dataset
2023-03-04T00:00:00,35.99850483099024,26302,1.0,730.64,medium,historical_dataset
2023-03-04T00:00:00,44.14669649330395,34313,1.0,777.25,medium,historical_dataset
2023-03-04T00:00:00,43.95701689684295,7269,1.0,165.37,low,historical_dataset
2023-03-05T00:00:00,28.23116147487726,33110,1.0,1172.82,high,historical_dataset
2023-03-05T00:00:00,41.070299676849345,13792,1.0,335.81,low,historical_dataset
2023-03-05T00:00:00,42.207369412686816,34770,1.0,823.79,medium,historical_dataset
2023-03-05T00:00:00,54.62429414102819,69494,1.0,1272.22,high,historical_dataset
2023-03-05T00:00:00,44.65201333289756,11840,1.0,265.16,low,historical_dataset
2023-03-05T00:00:00,34.33177219192574,42189,1.0,1228.86,high,historical_dataset
2023-03-05T00:00:00,35.801359373340105,15481,1.0,432.41,low,historical_dataset
2023-03-05T00:00:00,30.03287176132753,39761,1.0,1323.92,high,historical_dataset
2023-03-05T00:00:00,34.86965023318008,21458,1.0,615.38,medium,historical_dataset
2023-03-06T00:00:00,45.44306694400632,26348,1.0,579.8,medium,historical_dataset
2023-03-06T00:00:00,54.70708168235218,14148,1.0,258.61,low,historical_dataset
2023-03-06T00:00:00,38.1615501912221,25608,1.0,671.04,medium,historical_dataset
2023-03-06T00:00:00,33.51414207385961,28730,1.0,857.25,medium,historical_dataset
2023-03-06T00:00:00,56.05841391492665,28837,1.0,514.41,medium,historical_dataset
2023-03-07T00:00:00,32.473259382612554,11014,1.0,339.17,low,historical_dataset
2023-03-07T00:00:00,35.71445098587504,38063,1.0,1065.76,high,historical_dataset
2023-03-07T00:00:00,33.39474839453546,26091,1.0,781.29,medium,historical_dataset
2023-03-07T00:00:00,33.722117349576585,31072,1.0,921.41,medium,historical_dataset
2023-03-07T00:00:00,42.19327477750349,13871,1.0,328.75,low,historical_dataset
2023-03-07T00:00:00,44.337537771804236,22412,1.0,505.49,medium,historical_dataset
2023-03-07T00:00:00,43.32225267825545,24869,1.0,574.05,medium,historical_dataset
2023-03-07T00:00:00,44.155529110007485,24520,1.0,555.31,medium,historical_dataset
2023-03-07T00:00:00,46.847733411515755,21304,1.0,454.75,low,historical_dataset
2023-03-08T00:00:00,42.75923272119451,21160,1.0,494.86,low,historical_dataset
2023-03-08T00:00:00,24.952848685632432,20947,1.0,839.46,medium,historical_dataset
2023-03-08T00:00:00,28.56931341010716,45034,1.0,1576.31,high,historical_dataset
2023-03-08T00:00:00,56.61084644423507,14992,1.0,264.83,low,historical_dataset
2023-03-08T00:00:00,53.11588031612429,18994,1.0,357.6,low,historical_dataset
2023-03-08T00:00:00,52.55174229674907,40856,1.0,777.44,medium,historical_dataset
2023-03-08T00:00:00,20.0,42618,1.0,2130.9,high,historical_dataset
2023-03-08T00:00:00,27.260973506779678,22147,1.0,812.41,medium,historical_dataset
2023-03-08T00:00:00,42.157040409029676,25656,1.0,608.58,medium,historical_dataset
2023-03-08T00:00:00,53.66589345067723,27174,1.0,506.36,medium,historical_dataset
2023-03-08T00:00:00,43.981161506696736,25274,1.0,574.66,medium,historical_dataset
2023-03-08T00:00:00,39.251130375671586,19427,1.0,494.94,low,historical_dataset
2023-03-09T00:00:00,21.05784087761133,36329,1.0,1725.2,high,historical_dataset
2023-03-09T00:00:00,32.65454849236131,23369,1.0,715.64,medium,historical_dataset
2023-03-09T00:00:00,39.58989447007862,27993,1.0,707.07,medium,historical_dataset
2023-03-09T00:00:00,40.74569731877357,46756,1.0,1147.51,high,historical_dataset
2023-03-09T00:00:00,50.59129736174166,21904,1.0,432.96,low,historical_dataset
2023-03-09T00:00:00,41.29539622226181,7670,1.0,185.73,low,historical_dataset
2023-03-09T00:00:00,53.04533756895532,6177,1.0,116.45,low,historical_dataset
2023-03-10T00:00:00,22.225729302086165,35103,1.0,1579.39,high,historical_dataset
2023-03-10T00:00:00,20.0,60273,1.0,3013.65,high,historical_dataset
2023-03-10T00:00:00,22.810861304905572,28426,1.0,1246.16,high,historical_dataset
2023-03-10T00:00:00,41.05741237109923,53681,1.0,1307.46,high,historical_dataset
2023-03-10T00:00:00,34.49886725980529,31974,1.0,926.81,medium,historical_dataset
2023-03-10T00:00:00,56.353459517541324,9181,1.0,162.92,low,historical_dataset
2023-03-10T00:00:00,58.67488992680754,23939,1.0,407.99,low,historical_dataset
2023-03-10T00:00:00,52.789816205872945,25990,1.0,492.33,low,historical_dataset
2023-03-11T00:00:00,38.55146921500329,20987,1.0,544.39,medium,historical_dataset
2023-03-11T00:00:00,40.72662202133217,12496,1.0,306.83,low,historical_dataset
2023-03-11T00:00:00,20.0,25561,1.0,1278.05,high,historical_dataset
2023-03-11T00:00:00,22.49522568161538,31406,1.0,1396.12,high,historical_dataset
2023-03-11T00:00:00,24.249906364939914,29081,1.0,1199.22,high,historical_dataset
2023-03-11T00:00:00,33.940560101584744,43831,1.0,1291.4,high,historical_dataset
2023-03-11T00:00:00,36.99082359781056,50635,1.0,1368.85,high,historical_dataset
2023-03-12T00:00:00,39.459835486950695,49336,1.0,1250.28,high,historical_dataset
2023-03-12T00:00:00,38.22871485764577,31659,1.0,828.15,medium,historical_dataset
2023-03-12T00:00:00,65.19714649831828,11260,1.0,172.71,low,historical_dataset
2023-03-12T00:00:00,27.468980555059442,47742,1.0,1738.03,high,historical_dataset
2023-03-12T00:00:00,35.060812320512966,56194,1.0,1602.76,high,historical_dataset
2023-03-12T00:00:00,42.184069399241906,8290,1.0,196.52,low,historical_dataset
2023-03-12T00:00:00,41.20426325360401,47618,1.0,1155.66,high,historical_dataset
2023-03-12T00:00:00,33.547816305324254,36194,1.0,1078.88,high,historical_dataset
2023-03-12T00:00:00,40.30320453025137,25349,1.0,628.96,medium,historical_dataset
2023-03-13T00:00:00,49.799304508839285,12738,1.0,255.79,low,historical_dataset
2023-03-13T00:00:00,48.16106971996622,33315,1.0,691.74,medium,historical_dataset
2023-03-13T00:00:00,29.168028459452927,14203,1.0,486.94,low,historical_dataset
2023-03-13T00:00:00,32.52699773685243,26470,1.0,813.79,medium,historical_dataset
2023-03-13T00:00:00,30.632903253411705,40441,1.0,1320.18,high,historical_dataset
2023-03-13T00:00:00,47.47147178640668,30733,1.0,647.4,medium,historical_dataset
2023-03-13T00:00:00,36.61923020089623,25488,1.0,696.03,medium,historical_dataset
2023-03-13T00:00:00,57.71155849177079,20699,1.0,358.66,low,historical_dataset
2023-03-13T00:00:00,39.02520870255604,35165,1.0,901.08,medium,historical_dataset
2023-03-13T00:00:00,37.1490528313777,21340,1.0,574.44,medium,historical_dataset
2023-03-14T00:00:00,34.48561989875606,38685,1.0,1121.77,high,historical_dataset
2023-03-14T00:00:00,42.677302865527864,20524,1.0,480.91,low,historical_dataset
2023-03-14T00:00:00,23.989567578177216,31104,1.0,1296.56,high,historical_dataset
2023-03-14T00:00:00,43.29776492046659,27291,1.0,630.31,medium,historical_dataset
2023-03-14T00:00:00,50.170326778564515,5048,1.0,100.62,low,historical_dataset
2023-03-14T00:00:00,33.464305934856846,13300,1.0,397.44,low,historical_dataset
2023-03-14T00:00:00,44.487384225887325,35130,1.0,789.66,medium,historical_dataset
2023-03-14T00:00:00,21.434163105962043,25831,1.0,1205.13,high,historical_dataset
2023-03-14T00:00:00,52.94433282555032,10372,1.0,195.9,low,historical_dataset
2023-03-14T00:00:00,34.269669936880426,34599,1.0,1009.61,high,historical_dataset
2023-03-15T00:00:00,43.29892358933243,55288,1.0,1276.89,high,historical_dataset
2023-03-15T00:00:00,28.346354604938565,27167,1.0,958.39,medium,historical_dataset
2023-03-15T00:00:00,37.044795179309695,13368,1.0,360.86,low,historical_dataset
2023-03-15T00:00:00,23.501985061291972,30343,1.0,1291.08,high,historical_dataset
2023-03-15T00:00:00,33.53236411628358,53156,1.0,1585.21,high,historical_dataset
2023-03-15T00:00:00,35.500072756971726,45221,1.0,1273.83,high,historical_dataset
2023-03-15T00:00:00,30.654582080286197,30790,1.0,1004.42,high,historical_dataset
2023-03-15T00:00:00,41.61337690805713,14346,1.0,344.74,low,historical_dataset
2023-03-15T00:00:00,28.703715357287273,21470,1.0,747.99,medium,historical_dataset
2023-03-16T00:00:00,45.0753404650537,12830,1.0,284.63,low,historical_dataset
2023-03-16T00:00:00,41.3169571945924,38188,1.0,924.27,medium,historical_dataset
2023-03-16T00:00:00,38.79999118013671,19256,1.0,496.29,low,historical_dataset
2023-03-16T00:00:00,27.851458012283263,67016,1.0,2406.19,high,historical_dataset
2023-03-16T00:00:00,42.62880615145673,14713,1.0,345.14,low,historical_dataset
2023-03-16T00:00:00,20.0,45334,1.0,2266.7,high,historical_dataset
2023-03-16T00:00:00,44.24336119726997,26787,1.0,605.45,medium,historical_dataset
2023-03-16T00:00:00,35.845482546000326,26269,1.0,732.84,medium,historical_dataset
2023-03-16T00:00:00,28.360632847078787,18993,1.0,669.7,medium,historical_dataset
2023-03-17T00:00:00,54.54076363305789,24373,1.0,446.88,low,historical_dataset
2023-03-17T00:00:00,60.32956977354453,23189,1.0,384.37,low,historical_dataset
2023-03-17T00:00:00,42.30249650467024,16811,1.0,397.4,low,historical_dataset
2023-03-17T00:00:00,34.654510724097605,41388,1.0,1194.3,high,historical_dataset
2023-03-17T00:00:00,26.539468802544953,31246,1.0,1177.34,high,historical_dataset
2023-03-17T00:00:00,31.589986222539906,38653,1.0,1223.58,high,historical_dataset
2023-03-17T00:00:00,20.0,27364,1.0,1368.2,high,historical_dataset
2023-03-17T00:00:00,22.224887583067414,32407,1.0,1458.14,high,historical_dataset
2023-03-17T00:00:00,42.83368739817752,32516,1.0,759.12,medium,historical_dataset
2023-03-17T00:00:00,54.53842269572927,23570,1.0,432.17,low,historical_dataset
2023-03-18T00:00:00,51.786576333560134,20790,1.0,401.46,low,historical_dataset
2023-03-18T00:00:00,35.82960534892928,48350,1.0,1349.44,high,historical_dataset
2023-03-18T00:00:00,46.882772668762016,17894,1.0,381.68,low,historical_dataset
2023-03-18T00:00:00,38.54547516341207,33435,1.0,867.42,medium,historical_dataset
2023-03-18T00:00:00,24.419421069132706,46073,1.0,1886.74,high,historical_dataset
2023-03-18T00:00:00,20.0,29883,1.0,1494.15,high,historical_dataset
2023-03-18T00:00:00,39.165061244123976,59435,1.0,1517.55,high,historical_dataset
2023-03-18T00:00:00,31.698615791547702,26893,1.0,848.4,medium,historical_dataset
2023-03-18T00:00:00,31.38540456353034,30883,1.0,983.99,medium,historical_dataset
2023-03-18T00:00:00,50.68961647215348,14059,1.0,277.35,low,historical_dataset
2023-03-18T00:00:00,32.247204614206424,23677,1.0,734.23,medium,historical_dataset
2023-03-19T00:00:00,20.0,31111,1.0,1555.55,high,historical_dataset
2023-03-19T00:00:00,31.22039311475568,37605,1.0,1204.5,high,historical_dataset
2023-03-19T00:00:00,32.724483809519,17269,1.0,527.71,medium,historical_dataset
2023-03-19T00:00:00,54.62553014131165,29042,1.0,531.66,medium,historical_dataset
2023-03-19T00:00:00,30.110929550015115,22373,1.0,743.02,medium,historical_dataset
2023-03-19T00:00:00,51.33985124231504,13346,1.0,259.95,low,historical_dataset
2023-03-19T00:00:00,24.95712749590476,17684,1.0,708.58,medium,historical_dataset
2023-03-19T00:00:00,47.15023460871968,24359,1.0,516.63,medium,historical_dataset
2023-03-19T00:00:00,27.38893594876233,17343,1.0,633.21,medium,historical_dataset
2023-03-19T00:00:00,50.27218874129875,19296,1.0,383.83,low,historical_dataset
2023-03-20T00:00:00,36.81052609800086,40983,1.0,1113.35,high,historical_dataset
2023-03-20T00:00:00,28.71278100546586,52764,1.0,1837.65,high,historical_dataset
2023-03-20T00:00:00,49.73654601182271,17326,1.0,348.36,low,historical_dataset
2023-03-20T00:00:00,49.99497031430492,15597,1.0,311.97,low,historical_dataset
2023-03-20T00:00:00,31.55242622907257,27841,1.0,882.37,medium,historical_dataset
2023-03-20T00:00:00,39.97980448525902,51330,1.0,1283.9,high,historical_dataset
2023-03-20T00:00:00,38.27739570791019,39298,1.0,1026.66,high,historical_dataset
2023-03-20T00:00:00,39.19124246839528,57125,1.0,1457.6,high,historical_dataset
2023-03-20T00:00:00,37.18138345347694,7289,1.0,196.04,low,historical_dataset
2023-03-21T00:00:00,45.683480568072596,24341,1.0,532.82,medium,historical_dataset
2023-03-21T00:00:00,42.59797540398193,32823,1.0,770.53,medium,historical_dataset
2023-03-21T00:00:00,32.7373141214877,23406,1.0,714.96,medium,historical_dataset
2023-03-21T00:00:00,43.90682253915568,21830,1.0,497.19,low,historical_dataset
2023-03-21T00:00:00,30.04565357805766,42688,1.0,1420.77,high,historical_dataset
2023-03-21T00:00:00,24.36643231864457,47567,1.0,1952.15,high,historical_dataset
2023-03-21T00:00:00,57.82734017307703,19745,1.0,341.45,low,historical_dataset
2023-03-21T00:00:00,37.542083491593715,17148,1.0,456.77,low,historical_dataset
2023-03-21T00:00:00,42.08301784003277,27253,1.0,647.6,medium,historical_dataset
2023-03-22T00:00:00,38.7582363625106,50485,1.0,1302.56,high,historical_dataset
2023-03-22T00:00:00,44.51003654414807,24101,1.0,541.47,medium,historical_dataset
2023-03-22T00:00:00,46.140156864463435,24646,1.0,534.16,medium,historical_dataset
2023-03-22T00:00:00,40.09124704358737,32278,1.0,805.11,medium,historical_dataset
2023-03-22T00:00:00,46.81268994033964,42606,1.0,910.14,medium,historical_dataset
2023-03-22T00:00:00,37.08018820475751,48288,1.0,1302.26,high,historical_dataset
2023-03-22T00:00:00,23.37322446945622,13153,1.0,562.74,medium,historical_dataset
2023-03-22T00:00:00,45.93573011451694,48055,1.0,1046.14,high,historical_dataset
2023-03-23T00:00:00,39.89560507036839,29719,1.0,744.92,medium,historical_dataset
2023-03-23T00:00:00,33.78961913829561,29332,1.0,868.08,medium,historical_dataset
2023-03-23T00:00:00,55.29969649777067,14347,1.0,259.44,low,historical_dataset
2023-03-23T00:00:00,41.329023597298786,27524,1.0,665.97,medium,historical_dataset
2023-03-23T00:00:00,27.93476682049174,54190,1.0,1939.88,high,historical_dataset
2023-03-23T00:00:00,43.006713436574,53149,1.0,1235.83,high,historical_dataset
2023-03-23T00:00:00,20.0,25887,1.0,1294.35,high,historical_dataset
2023-03-23T00:00:00,38.006112604217016,30975,1.0,815.0,medium,historical_dataset
2023-03-23T00:00:00,48.36518809049756,24105,1.0,498.4,low,historical_dataset
2023-03-23T00:00:00,44.37212746105287,17334,1.0,390.65,low,historical_dataset
2023-03-24T00:00:00,31.601272136707742,34541,1.0,1093.03,high,historical_dataset
2023-03-24T00:00:00,42.60215142384289,32737,1.0,768.44,medium,historical_dataset
2023-03-24T00:00:00,54.47377809034962,24735,1.0,454.07,low,historical_dataset
2023-03-24T00:00:00,41.08385093290847,49340,1.0,1200.96,high,historical_dataset
2023-03-24T00:00:00,43.314599392721796,47599,1.0,1098.91,high,historical_dataset
2023-03-24T00:00:00,33.941858969091996,13000,1.0,383.01,low,historical_dataset
2023-03-24T00:00:00,37.09289087434046,41125,1.0,1108.7,high,historical_dataset
2023-03-24T00:00:00,47.878617364362114,50740,1.0,1059.76,high,historical_dataset
2023-03-24T00:00:00,21.707345501542946,36929,1.0,1701.22,high,historical_dataset
2023-03-24T00:00:00,53.319793737405924,7929,1.0,148.71,low,historical_dataset
2023-03-25T00:00:00,46.06820583391204,36204,1.0,785.88,medium,historical_dataset
2023-03-25T00:00:00,20.201803728526553,52491,1.0,2598.33,high,historical_dataset
2023-03-25T00:00:00,52.59627177553818,9208,1.0,175.07,low,historical_dataset
2023-03-25T00:00:00,31.61938912033606,15562,1.0,492.17,low,historical_dataset
2023-03-25T00:00:00,28.831090641684582,50347,1.0,1746.27,high,historical_dataset
2023-03-25T00:00:00,46.48040831086789,22799,1.0,490.51,low,historical_dataset
2023-03-25T00:00:00,20.0,34262,1.0,1713.1,high,historical_dataset
2023-03-25T00:00:00,45.35563426460903,16003,1.0,352.83,low,historical_dataset
2023-03-25T00:00:00,40.99605699909109,26569,1.0,648.09,medium,historical_dataset
2023-03-25T00:00:00,33.3029079677479,19676,1.0,590.82,medium,historical_dataset
2023-03-25T00:00:00,34.452373216424924,26102,1.0,757.63,medium,historical_dataset
2023-03-25T00:00:00,20.0,27534,1.0,1376.7,high,historical_dataset
2023-03-26T00:00:00,27.503039856544746,45475,1.0,1653.45,high,historical_dataset
2023-03-26T00:00:00,35.33038157813141,39526,1.0,1118.75,high,historical_dataset
2023-03-26T00:00:00,27.088967094656724,34970,1.0,1290.93,high,historical_dataset
2023-03-26T00:00:00,45.45849007916599,12821,1.0,282.04,low,historical_dataset
2023-03-26T00:00:00,33.186487421081345,34322,1.0,1034.22,high,historical_dataset
2023-03-26T00:00:00,48.18793906771063,16318,1.0,338.63,low,historical_dataset
2023-03-26T00:00:00,39.632032987859276,33954,1.0,856.73,medium,historical_dataset
2023-03-26T00:00:00,52.596606539095774,26327,1.0,500.55,medium,historical_dataset
2023-03-27T00:00:00,48.237665645598796,35514,1.0,736.23,medium,historical_dataset
2023-03-27T00:00:00,30.847666595457852,52279,1.0,1694.75,high,historical_dataset
2023-03-27T00:00:00,42.677046811059085,44843,1.0,1050.75,high,historical_dataset
2023-03-27T00:00:00,59.25240079599095,15660,1.0,264.29,low,historical_dataset
2023-03-27T00:00:00,41.18361141543028,36536,1.0,887.15,medium,historical_dataset
2023-03-27T00:00:00,30.333676452871263,48745,1.0,1606.96,high,historical_dataset
2023-03-27T00:00:00,56.25671663737768,16775,1.0,298.19,low,historical_dataset
2023-03-27T00:00:00,53.116637964760926,7256,1.0,136.61,low,historical_dataset
2023-03-27T00:00:00,52.29637707174896,20567,1.0,393.28,low,historical_dataset
2023-03-28T00:00:00,31.558305327905142,36211,1.0,1147.43,high,historical_dataset
2023-03-28T00:00:00,46.036548324011584,26877,1.0,583.82,medium,historical_dataset
2023-03-28T00:00:00,60.04469357221339,23911,1.0,398.22,low,historical_dataset
2023-03-28T00:00:00,57.27672170636077,22120,1.0,386.2,low,historical_dataset
2023-03-28T00:00:00,44.785864438298766,44140,1.0,985.58,medium,historical_dataset
2023-03-28T00:00:00,34.054099307131125,43111,1.0,1265.96,high,historical_dataset
2023-03-28T00:00:00,30.996257409265695,52264,1.0,1686.14,high,historical_dataset
2023-03-28T00:00:00,47.015008176467674,23496,1.0,499.76,low,historical_dataset
2023-03-28T00:00:00,20.0,41250,1.0,2062.5,high,historical_dataset
2023-03-29T00:00:00,30.34957833615578,35874,1.0,1182.03,high,historical_dataset
2023-03-29T00:00:00,38.80050463630712,30261,1.0,779.91,medium,historical_dataset
2023-03-29T00:00:00,31.085702189962902,44557,1.0,1433.36,high,historical_dataset
2023-03-29T00:00:00,39.15517359967433,46483,1.0,1187.15,high,historical_dataset
2023-03-29T00:00:00,45.074624696751364,32412,1.0,719.07,medium,historical_dataset
2023-03-29T00:00:00,39.147676201167414,29862,1.0,762.8,medium,historical_dataset
2023-03-29T00:00:00,35.42899962317483,32035,1.0,904.2,medium,historical_dataset
2023-03-29T00:00:00,41.416275311328576,24834,1.0,599.62,medium,historical_dataset
2023-03-30T00:00:00,47.59210076009032,22178,1.0,466.0,low,historical_dataset
2023-03-30T00:00:00,40.7391837976486,30499,1.0,748.64,medium,historical_dataset
2023-03-30T00:00:00,33.04214420578529,27378,1.0,828.58,medium,historical_dataset
2023-03-30T00:00:00,28.20124213483276,45188,1.0,1602.34,high,historical_dataset
2023-03-30T00:00:00,20.0,48692,1.0,2434.6,high,historical_dataset
2023-03-30T00:00:00,59.17664814634619,14914,1.0,252.03,low,historical_dataset
2023-03-30T00:00:00,28.088527975570837,11323,1.0,403.12,low,historical_dataset
2023-03-30T00:00:00,33.18026728677631,28334,1.0,853.94,medium,historical_dataset
2023-03-30T00:00:00,51.38148339168808,17703,1.0,344.54,low,historical_dataset
2023-03-30T00:00:00,35.30298018591117,29341,1.0,831.12,medium,historical_dataset
2023-03-30T00:00:00,54.612892256978505,23018,1.0,421.48,low,historical_dataset
2023-03-31T00:00:00,61.03990003927599,24550,1.0,402.2,low,historical_dataset
2023-03-31T00:00:00,40.70047079257597,24776,1.0,608.74,medium,historical_dataset
2023-03-31T00:00:00,40.629010528678094,14034,1.0,345.42,low,historical_dataset
2023-03-31T00:00:00,37.64845836767358,39920,1.0,1060.34,high,historical_dataset
2023-03-31T00:00:00,31.83858990721027,30859,1.0,969.23,medium,historical_dataset
2023-03-31T00:00:00,30.055543999210855,6743,1.0,224.35,low,historical_dataset
2023-03-31T00:00:00,44.427136426031176,20108,1.0,452.61,low,historical_dataset
2023-03-31T00:00:00,40.034585503574206,41668,1.0,1040.8,high,historical_dataset
2023-03-31T00:00:00,48.77651894990431,11677,1.0,239.4,low,historical_dataset
2023-03-31T00:00:00,46.659970997549834,13058,1.0,279.85,low,historical_dataset
2023-03-31T00:00:00,33.30084005594909,23806,1.0,714.88,medium,historical_dataset
2023-03-31T00:00:00,56.14855718920461,33056,1.0,588.72,medium,historical_dataset
2023-03-31T00:00:00,46.12792123581152,17151,1.0,371.81,low,historical_dataset
2023-04-01T00:00:00,44.90229817442513,12279,1.0,273.46,low,historical_dataset
2023-04-01T00:00:00,36.76030462638422,34755,1.0,945.45,medium,historical_dataset
2023-04-01T00:00:00,36.6621261385612,15617,1.0,425.97,low,historical_dataset
2023-04-01T00:00:00,37.93075249746379,40997,1.0,1080.84,high,historical_dataset
2023-04-01T00:00:00,46.02059813766012,34177,1.0,742.65,medium,historical_dataset
2023-04-01T00:00:00,33.45316674774469,27725,1.0,828.77,medium,historical_dataset
2023-04-01T00:00:00,52.196597092799664,18344,1.0,351.44,low,historical_dataset
2023-04-01T00:00:00,43.252175259587155,18849,1.0,435.79,low,historical_dataset
2023-04-02T00:00:00,52.19371367470616,24523,1.0,469.85,low,historical_dataset
2023-04-02T00:00:00,33.892727813762285,50784,1.0,1498.37,high,historical_dataset
2023-04-02T00:00:00,35.53251740269973,43780,1.0,1232.11,high,historical_dataset
2023-04-02T00:00:00,40.770661438600925,27689,1.0,679.14,medium,historical_dataset
2023-04-02T00:00:00,57.38226424517025,10441,1.0,181.96,low,historical_dataset
2023-04-02T00:00:00,42.719435319830296,47032,1.0,1100.95,high,historical_dataset
2023-04-02T00:00:00,52.03546714289027,27696,1.0,532.25,medium,historical_dataset
2023-04-02T00:00:00,31.27414647709099,25778,1.0,824.26,medium,historical_dataset
2023-04-02T00:00:00,49.43020999641335,18703,1.0,378.37,low,historical_dataset
2023-04-02T00:00:00,36.10580814980918,10098,1.0,279.68,low,historical_dataset
2023-04-03T00:00:00,37.906477111592444,25362,1.0,669.07,medium,historical_dataset
2023-04-03T00:00:00,32.13481689877502,36112,1.0,1123.77,high,historical_dataset
2023-04-03T00:00:00,24.15198488710356,49256,1.0,2039.42,high,historical_dataset
2023-04-03T00:00:00,25.25322574067436,44740,1.0,1771.65,high,historical_dataset
2023-04-03T00:00:00,23.97367253104217,26356,1.0,1099.37,high,historical_dataset
2023-04-03T00:00:00,60.14309360202981,37550,1.0,624.34,medium,historical_dataset
2023-04-03T00:00:00,37.97851460504549,20062,1.0,528.25,medium,historical_dataset
2023-04-03T00:00:00,23.851845104549824,28841,1.0,1209.17,high,historical_dataset
2023-04-04T00:00:00,28.639926078009715,45427,1.0,1586.14,high,historical_dataset
2023-04-04T00:00:00,37.765843347488754,22345,1.0,591.67,medium,historical_dataset
2023-04-04T00:00:00,40.34383129677566,29140,1.0,722.29,medium,historical_dataset
2023-04-04T00:00:00,33.406234708294974,20313,1.0,608.06,medium,historical_dataset
2023-04-04T00:00:00,25.840516696525718,29458,1.0,1139.99,high,historical_dataset
2023-04-04T00:00:00,46.64402861276407,13535,1.0,290.18,low,historical_dataset
2023-04-04T00:00:00,30.488236951687675,23332,1.0,765.28,medium,historical_dataset
2023-04-04T00:00:00,53.496227601596374,17889,1.0,334.4,low,historical_dataset
2023-04-04T00:00:00,40.07998282931282,17795,1.0,443.99,low,historical_dataset
2023-04-05T00:00:00,37.725617759747685,46354,1.0,1228.71,high,historical_dataset
2023-04-05T00:00:00,49.78714791796798,11101,1.0,222.97,low,historical_dataset
2023-04-05T00:00:00,52.05989115737499,9146,1.0,175.68,low,historical_dataset
2023-04-05T00:00:00,28.268923572390065,43199,1.0,1528.14,high,historical_dataset
2023-04-05T00:00:00,35.340222597291316,44467,1.0,1258.25,high,historical_dataset
2023-04-05T00:00:00,33.948019088676375,37688,1.0,1110.17,high,historical_dataset
2023-04-05T00:00:00,30.140364850307737,44192,1.0,1466.21,high,historical_dataset
2023-04-05T00:00:00,49.25126258607101,30525,1.0,619.78,medium,historical_dataset
2023-04-05T00:00:00,40.592548502234926,30456,1.0,750.29,medium,historical_dataset
2023-04-05T00:00:00,36.30530423960571,26620,1.0,733.23,medium,historical_dataset
2023-04-06T00:00:00,28.766752819903633,48946,1.0,1701.48,high,historical_dataset
2023-04-06T00:00:00,47.496064954574265,35359,1.0,744.46,medium,historical_dataset
2023-04-06T00:00:00,31.57653897717651,42613,1.0,1349.51,high,historical_dataset
2023-04-06T00:00:00,40.11060226108099,22728,1.0,566.63,medium,historical_dataset
2023-04-06T00:00:00,44.4088140057144,28455,1.0,640.75,medium,historical_dataset
2023-04-06T00:00:00,41.74112803637016,32229,1.0,772.12,medium,historical_dataset
2023-04-06T00:00:00,56.90259637631978,10574,1.0,185.83,low,historical_dataset
2023-04-06T00:00:00,47.80546602217418,22541,1.0,471.52,low,historical_dataset
2023-04-07T00:00:00,47.0816969759845,23171,1.0,492.14,low,historical_dataset
2023-04-07T00:00:00,20.0,25652,1.0,1282.6,high,historical_dataset
2023-04-07T00:00:00,43.13502803806437,19456,1.0,451.05,low,historical_dataset
2023-04-07T00:00:00,41.85571739750932,13193,1.0,315.2,low,historical_dataset
2023-04-07T00:00:00,25.30614726405498,14841,1.0,586.46,medium,historical_dataset
2023-04-07T00:00:00,28.24300035821873,38547,1.0,1364.83,high,historical_dataset
2023-04-07T00:00:00,39.48084651790924,9962,1.0,252.32,low,historical_dataset
2023-04-07T00:00:00,67.73118504911591,18501,1.0,273.15,low,historical_dataset
2023-04-07T00:00:00,40.70560130209611,9411,1.0,231.2,low,historical_dataset
2023-04-07T00:00:00,52.17733904991522,24646,1.0,472.35,low,historical_dataset
2023-04-08T00:00:00,42.74265193957032,36045,1.0,843.3,medium,historical_dataset
2023-04-08T00:00:00,38.966386160638436,27124,1.0,696.09,medium,historical_dataset
2023-04-08T00:00:00,33.69901954118486,26013,1.0,771.92,medium,historical_dataset
2023-04-08T00:00:00,36.098848511906155,57996,1.0,1606.59,high,historical_dataset
2023-04-08T00:00:00,20.0,25755,1.0,1287.75,high,historical_dataset
2023-04-08T00:00:00,53.49708106046468,8746,1.0,163.49,low,historical_dataset
2023-04-08T00:00:00,32.84857939097642,35971,1.0,1095.05,high,historical_dataset
2023-04-09T00:00:00,31.939193121187504,48452,1.0,1517.01,high,historical_dataset
2023-04-09T00:00:00,55.66424258274594,10917,1.0,196.12,low,historical_dataset
2023-04-09T00:00:00,33.92492443731713,49903,1.0,1470.98,high,historical_dataset
2023-04-09T00:00:00,33.773102138838205,17995,1.0,532.82,medium,historical_dataset
2023-04-09T00:00:00,40.70938660567176,47676,1.0,1171.13,high,historical_dataset
2023-04-09T00:00:00,20.64435803997709,40557,1.0,1964.56,high,historical_dataset
2023-04-09T00:00:00,35.352498745202645,30581,1.0,865.03,medium,historical_dataset
2023-04-10T00:00:00,47.50681437923354,33704,1.0,709.46,medium,historical_dataset
2023-04-10T00:00:00,27.831023296686897,47578,1.0,1709.53,high,historical_dataset
2023-04-10T00:00:00,43.46130109514312,13608,1.0,313.11,low,historical_dataset
2023-04-10T00:00:00,21.036025998471963,55556,1.0,2640.99,high,historical_dataset
2023-04-10T00:00:00,24.821267434806742,38415,1.0,1547.66,high,historical_dataset
2023-04-10T00:00:00,41.854729614840416,28269,1.0,675.41,medium,historical_dataset
2023-04-10T00:00:00,36.04389128874268,10857,1.0,301.22,low,historical_dataset
2023-04-10T00:00:00,34.84769959655375,29900,1.0,858.02,medium,historical_dataset
2023-04-11T00:00:00,46.20597231418985,37222,1.0,805.57,medium,historical_dataset
2023-04-11T00:00:00,52.426924444665325,20460,1.0,390.26,low,historical_dataset
2023-04-11T00:00:00,25.124673603302046,16224,1.0,645.74,medium,historical_dataset
2023-04-11T00:00:00,23.99494593191854,30976,1.0,1290.94,high,historical_dataset
2023-04-11T00:00:00,51.08422176169743,16483,1.0,322.66,low,historical_dataset
2023-04-11T00:00:00,37.3579233698507,38897,1.0,1041.2,high,historical_dataset
2023-04-11T00:00:00,28.054369857915482,37125,1.0,1323.32,high,historical_dataset
2023-04-11T00:00:00,41.85783210390329,15108,1.0,360.94,low,historical_dataset
2023-04-11T00:00:00,37.332797115657826,30954,1.0,829.14,medium,historical_dataset
2023-04-11T00:00:00,43.010916072860724,32096,1.0,746.23,medium,historical_dataset
2023-04-12T00:00:00,41.09708922715511,25051,1.0,609.56,medium,historical_dataset
2023-04-12T00:00:00,39.271486963854265,30634,1.0,780.06,medium,historical_dataset
2023-04-12T00:00:00,27.033423148139455,46597,1.0,1723.68,high,historical_dataset
2023-04-12T00:00:00,45.261170055129426,22527,1.0,497.71,low,historical_dataset
2023-04-12T00:00:00,47.740172493825234,24201,1.0,506.93,medium,historical_dataset
2023-04-12T00:00:00,40.321314139619325,28345,1.0,702.98,medium,historical_dataset
2023-04-12T00:00:00,43.496174568646275,32080,1.0,737.54,medium,historical_dataset
2023-04-12T00:00:00,43.366516926799434,27539,1.0,635.03,medium,historical_dataset
2023-04-13T00:00:00,50.76442303817054,10803,1.0,212.81,low,historical_dataset
2023-04-13T00:00:00,33.40778902330885,23041,1.0,689.69,medium,historical_dataset
2023-04-13T00:00:00,56.27277955017133,23805,1.0,423.03,low,historical_dataset
2023-04-13T00:00:00,30.310387013573663,63444,1.0,2093.14,high,historical_dataset
2023-04-13T00:00:00,32.58372763242264,42885,1.0,1316.15,high,historical_dataset
2023-04-13T00:00:00,26.018968341493395,13600,1.0,522.7,medium,historical_dataset
2023-04-13T00:00:00,33.273742764007345,38691,1.0,1162.81,high,historical_dataset
2023-04-13T00:00:00,29.926925679798266,38529,1.0,1287.44,high,historical_dataset
2023-04-13T00:00:00,26.66399138086717,19711,1.0,739.24,medium,historical_dataset
2023-04-14T00:00:00,34.83977040762874,22819,1.0,654.97,medium,historical_dataset
2023-04-14T00:00:00,48.88735101863515,21284,1.0,435.37,low,historical_dataset
2023-04-14T00:00:00,51.784901527124056,24328,1.0,469.79,low,historical_dataset
2023-04-14T00:00:00,48.21549705156887,47648,1.0,988.23,medium,historical_dataset
2023-04-14T00:00:00,29.80646675303148,25749,1.0,863.87,medium,historical_dataset
2023-04-14T00:00:00,36.62314253047694,43826,1.0,1196.68,high,historical_dataset
2023-04-14T00:00:00,55.24708250886757,9834,1.0,178.0,low,historical_dataset
2023-04-14T00:00:00,39.476690759587875,23420,1.0,593.26,medium,historical_dataset
2023-04-15T00:00:00,20.0,41824,1.0,2091.2,high,historical_dataset
2023-04-15T00:00:00,72.17826377269168,20696,1.0,286.73,low,historical_dataset
2023-04-15T00:00:00,37.85106108998515,62703,1.0,1656.57,high,historical_dataset
2023-04-15T00:00:00,52.00890963391116,20240,1.0,389.16,low,historical_dataset
2023-04-15T00:00:00,29.454618767460055,35398,1.0,1201.78,high,historical_dataset
2023-04-15T00:00:00,49.06235103942181,25378,1.0,517.26,medium,historical_dataset
2023-04-15T00:00:00,28.44948189806231,18777,1.0,660.01,medium,historical_dataset
2023-04-15T00:00:00,34.956415690599535,31877,1.0,911.91,medium,historical_dataset
2023-04-15T00:00:00,56.28310235035613,8193,1.0,145.57,low,historical_dataset
2023-04-15T00:00:00,33.39144533106836,35186,1.0,1053.74,high,historical_dataset
2023-04-15T00:00:00,48.59119312971627,22081,1.0,454.42,low,historical_dataset
2023-04-16T00:00:00,23.48231800410693,44975,1.0,1915.27,high,historical_dataset
2023-04-16T00:00:00,33.5499260625651,38809,1.0,1156.75,high,historical_dataset
2023-04-16T00:00:00,38.297266276387106,25018,1.0,653.26,medium,historical_dataset
2023-04-16T00:00:00,49.90307714334896,31886,1.0,638.96,medium,historical_dataset
2023-04-16T00:00:00,37.625634102693,49293,1.0,1310.09,high,historical_dataset
2023-04-16T00:00:00,46.61628106112534,13135,1.0,281.77,low,historical_dataset
2023-04-16T00:00:00,30.794529912977584,53313,1.0,1731.25,high,historical_dataset
2023-04-16T00:00:00,35.83381410428434,55474,1.0,1548.09,high,historical_dataset
2023-04-16T00:00:00,32.236161565805496,41302,1.0,1281.23,high,historical_dataset
2023-04-16T00:00:00,32.397889157055985,18330,1.0,565.78,medium,historical_dataset
2023-04-16T00:00:00,54.12073226119236,26241,1.0,484.86,low,historical_dataset
2023-04-17T00:00:00,30.25206097560065,38635,1.0,1277.1,high,historical_dataset
2023-04-17T00:00:00,25.11012951477766,42943,1.0,1710.19,high,historical_dataset
2023-04-17T00:00:00,56.8454710264281,13524,1.0,237.91,low,historical_dataset
2023-04-17T00:00:00,45.680642181211354,15108,1.0,330.73,low,historical_dataset
2023-04-17T00:00:00,31.87528459422542,51750,1.0,1623.51,high,historical_dataset
2023-04-17T00:00:00,34.854682793060555,54520,1.0,1564.21,high,historical_dataset
2023-04-17T00:00:00,57.07079147945786,23175,1.0,406.07,low,historical_dataset
2023-04-18T00:00:00,60.63470532165927,22801,1.0,376.04,low,historical_dataset
2023-04-18T00:00:00,32.83284914586365,38443,1.0,1170.87,high,historical_dataset
2023-04-18T00:00:00,35.55797984497213,18041,1.0,507.37,medium,historical_dataset
2023-04-18T00:00:00,30.64283026090325,46344,1.0,1512.39,high,historical_dataset
2023-04-18T00:00:00,37.58792023457671,44541,1.0,1184.98,high,historical_dataset
2023-04-18T00:00:00,44.62747390192479,14941,1.0,334.79,low,historical_dataset
2023-04-18T00:00:00,26.38964541836736,13186,1.0,499.67,low,historical_dataset
2023-04-18T00:00:00,57.20740225760446,13662,1.0,238.82,low,historical_dataset
2023-04-18T00:00:00,45.50704130263971,23033,1.0,506.14,medium,historical_dataset
2023-04-18T00:00:00,56.26555005549214,44922,1.0,798.39,medium,historical_dataset
2023-04-18T00:00:00,38.85740328215622,43057,1.0,1108.08,high,historical_dataset
2023-04-19T00:00:00,62.39035474660639,34646,1.0,555.31,medium,historical_dataset
2023-04-19T00:00:00,44.60847953709529,45263,1.0,1014.67,high,historical_dataset
2023-04-19T00:00:00,42.06370391893998,30517,1.0,725.49,medium,historical_dataset
2023-04-19T00:00:00,31.629522182525807,25097,1.0,793.47,medium,historical_dataset
2023-04-19T00:00:00,57.0207965907886,17988,1.0,315.46,low,historical_dataset
2023-04-20T00:00:00,30.114799037491544,37674,1.0,1251.01,high,historical_dataset
2023-04-20T00:00:00,37.74243532432656,38429,1.0,1018.19,high,historical_dataset
2023-04-20T00:00:00,34.127737492547574,23204,1.0,679.92,medium,historical_dataset
2023-04-20T00:00:00,33.72468097145671,29379,1.0,871.14,medium,historical_dataset
2023-04-20T00:00:00,51.54499643048192,21113,1.0,409.6,low,historical_dataset
2023-04-20T00:00:00,38.921362746424215,24716,1.0,635.02,medium,historical_dataset
2023-04-20T00:00:00,47.121361007658415,51772,1.0,1098.69,high,historical_dataset
2023-04-20T00:00:00,44.30504201646186,19054,1.0,430.06,low,historical_dataset
2023-04-20T00:00:00,30.241675892281208,31859,1.0,1053.48,high,historical_dataset
2023-04-21T00:00:00,34.07400510590642,23945,1.0,702.74,medium,historical_dataset
2023-04-21T00:00:00,58.43368259269647,12170,1.0,208.27,low,historical_dataset
2023-04-21T00:00:00,54.95549677483286,17848,1.0,324.77,low,historical_dataset
2023-04-21T00:00:00,58.93113602594329,58679,1.0,995.72,medium,historical_dataset
2023-04-21T00:00:00,53.777432085410595,4924,1.0,91.56,low,historical_dataset
2023-04-21T00:00:00,32.12446737546787,37683,1.0,1173.03,high,historical_dataset
2023-04-21T00:00:00,32.70105416364177,39894,1.0,1219.96,high,historical_dataset
2023-04-21T00:00:00,29.80378646359498,31281,1.0,1049.56,high,historical_dataset
2023-04-22T00:00:00,24.995548798397962,38600,1.0,1544.27,high,historical_dataset
2023-04-22T00:00:00,45.74112112481362,48402,1.0,1058.17,high,historical_dataset
2023-04-22T00:00:00,34.39920332366054,67271,1.0,1955.6,high,historical_dataset
2023-04-22T00:00:00,40.42276192439336,18637,1.0,461.05,low,historical_dataset
2023-04-22T00:00:00,50.46217246560832,21791,1.0,431.83,low,historical_dataset
2023-04-22T00:00:00,43.29384603418104,34935,1.0,806.93,medium,historical_dataset
2023-04-22T00:00:00,40.173849412781486,13987,1.0,348.16,low,historical_dataset
2023-04-22T00:00:00,38.38980700579418,27416,1.0,714.15,medium,historical_dataset
2023-04-22T00:00:00,39.741468040532084,40697,1.0,1024.04,high,historical_dataset
2023-04-22T00:00:00,51.51685151443381,9625,1.0,186.83,low,historical_dataset
2023-04-23T00:00:00,27.321514054176625,32263,1.0,1180.86,high,historical_dataset
2023-04-23T00:00:00,47.75205556221246,34195,1.0,716.09,medium,historical_dataset
2023-04-23T00:00:00,36.83517593564355,34717,1.0,942.5,medium,historical_dataset
2023-04-23T00:00:00,20.0,52173,1.0,2608.65,high,historical_dataset
2023-04-23T00:00:00,36.43450459248875,58371,1.0,1602.08,high,historical_dataset
2023-04-23T00:00:00,43.55273887664835,43459,1.0,997.85,medium,historical_dataset
2023-04-23T00:00:00,45.51102781034555,25812,1.0,567.16,medium,historical_dataset
2023-04-23T00:00:00,28.32182669619735,25975,1.0,917.14,medium,historical_dataset
2023-04-23T00:00:00,20.0,28622,1.0,1431.1,high,historical_dataset
2023-04-23T00:00:00,32.48794930603971,31717,1.0,976.27,medium,historical_dataset
2023-04-23T00:00:00,35.5236588348979,16754,1.0,471.63,low,historical_dataset
2023-04-24T00:00:00,36.560706444377296,23508,1.0,642.99,medium,historical_dataset
2023-04-24T00:00:00,20.0,25390,1.0,1269.5,high,historical_dataset
2023-04-24T00:00:00,31.458378922514218,51447,1.0,1635.4,high,historical_dataset
2023-04-24T00:00:00,54.10617934838331,22582,1.0,417.36,low,historical_dataset
2023-04-24T00:00:00,46.368322944562735,11199,1.0,241.52,low,historical_dataset
2023-04-24T00:00:00,36.774530837452986,29031,1.0,789.43,medium,historical_dataset
2023-04-24T00:00:00,22.603119995463906,37535,1.0,1660.61,high,historical_dataset
2023-04-24T00:00:00,45.772873865394075,11255,1.0,245.89,low,historical_dataset
2023-04-25T00:00:00,40.510543226257624,22730,1.0,561.09,medium,historical_dataset
2023-04-25T00:00:00,44.62824203036789,40912,1.0,916.73,medium,historical_dataset
2023-04-25T00:00:00,46.79325947811414,16932,1.0,361.85,low,historical_dataset
2023-04-25T00:00:00,32.950646971853466,8400,1.0,254.93,low,historical_dataset
2023-04-25T00:00:00,20.0,60314,1.0,3015.7,high,historical_dataset
2023-04-25T00:00:00,28.69612517703482,22017,1.0,767.25,medium,historical_dataset
2023-04-25T00:00:00,35.51316400385865,40508,1.0,1140.65,high,historical_dataset
2023-04-25T00:00:00,48.11932446827046,24906,1.0,517.59,medium,historical_dataset
2023-04-25T00:00:00,43.48893757026538,23397,1.0,538.0,medium,historical_dataset
2023-04-25T00:00:00,56.484901778258326,18095,1.0,320.35,low,historical_dataset
2023-04-25T00:00:00,65.31813959920396,21798,1.0,333.72,low,historical_dataset
2023-04-25T00:00:00,36.51667958928032,9636,1.0,263.88,low,historical_dataset
2023-04-26T00:00:00,42.9503296510271,11814,1.0,275.06,low,historical_dataset
2023-04-26T00:00:00,47.18708779815986,36512,1.0,773.77,medium,historical_dataset
2023-04-26T00:00:00,32.18837844713151,14165,1.0,440.07,low,historical_dataset
2023-04-26T00:00:00,34.82946931313756,50640,1.0,1453.94,high,historical_dataset
2023-04-26T00:00:00,33.46333444134804,39805,1.0,1189.51,high,historical_dataset
2023-04-26T00:00:00,30.0169583933872,25228,1.0,840.46,medium,historical_dataset
2023-04-26T00:00:00,31.746490387905247,29735,1.0,936.64,medium,historical_dataset
2023-04-26T00:00:00,48.17160837123114,22177,1.0,460.37,low,historical_dataset
2023-04-27T00:00:00,21.607939838512753,38544,1.0,1783.79,high,historical_dataset
2023-04-27T00:00:00,48.2173164331682,10537,1.0,218.53,low,historical_dataset
2023-04-27T00:00:00,52.031900145922336,31940,1.0,613.85,medium,historical_dataset
2023-04-27T00:00:00,35.00922306442532,57462,1.0,1641.34,high,historical_dataset
2023-04-27T00:00:00,31.957573428900798,53516,1.0,1674.6,high,historical_dataset
2023-04-27T00:00:00,26.408519937863616,33922,1.0,1284.51,high,historical_dataset
2023-04-27T00:00:00,34.005022224422774,12386,1.0,364.24,low,historical_dataset
2023-04-28T00:00:00,43.78211213245071,11213,1.0,256.11,low,historical_dataset
2023-04-28T00:00:00,24.436352990182968,37166,1.0,1520.93,high,historical_dataset
2023-04-28T00:00:00,39.31319625544505,6970,1.0,177.29,low,historical_dataset
2023-04-28T00:00:00,33.48674933097264,36705,1.0,1096.11,high,historical_dataset
2023-04-28T00:00:00,43.77590772268304,44069,1.0,1006.7,high,historical_dataset
2023-04-28T00:00:00,41.18157384204781,9742,1.0,236.56,low,historical_dataset
2023-04-28T00:00:00,20.0,29128,1.0,1456.4,high,historical_dataset
2023-04-29T00:00:00,25.863422695945033,32628,1.0,1261.55,high,historical_dataset
2023-04-29T00:00:00,33.95026524231594,40228,1.0,1184.91,high,historical_dataset
2023-04-29T00:00:00,52.967213573520425,16752,1.0,316.27,low,historical_dataset
2023-04-29T00:00:00,23.329023513979525,30690,1.0,1315.53,high,historical_dataset
2023-04-29T00:00:00,20.0,54608,1.0,2730.4,high,historical_dataset
2023-04-29T00:00:00,38.67231467713875,13780,1.0,356.33,low,historical_dataset
2023-04-29T00:00:00,35.81159983038842,17567,1.0,490.54,low,historical_dataset
2023-04-29T00:00:00,50.27445928770635,7013,1.0,139.49,low,historical_dataset
2023-04-30T00:00:00,27.995579222613095,41972,1.0,1499.24,high,historical_dataset
2023-04-30T00:00:00,42.16414899921342,38978,1.0,924.43,medium,historical_dataset
2023-04-30T00:00:00,32.29134848209055,20831,1.0,645.1,medium,historical_dataset
2023-04-30T00:00:00,30.903859425075687,41887,1.0,1355.4,high,historical_dataset
2023-04-30T00:00:00,30.75761887096988,55212,1.0,1795.07,high,historical_dataset
2023-04-30T00:00:00,44.16880566672619,11818,1.0,267.56,low,historical_dataset
2023-04-30T00:00:00,20.202547413056628,36676,1.0,1815.41,high,historical_dataset
2023-04-30T00:00:00,39.34131419574866,20258,1.0,514.93,medium,historical_dataset
2023-04-30T00:00:00,26.986197805635523,18297,1.0,678.01,medium,historical_dataset
2023-04-30T00:00:00,20.0,43120,1.0,2156.0,high,historical_dataset
2023-05-01T00:00:00,35.09061141274068,31236,1.0,890.15,medium,historical_dataset
2023-05-01T00:00:00,30.23911493218269,25186,1.0,832.89,medium,historical_dataset
2023-05-01T00:00:00,43.759021170872415,42608,1.0,973.7,medium,historical_dataset
2023-05-01T00:00:00,45.97637159889846,14607,1.0,317.71,low,historical_dataset
2023-05-01T00:00:00,38.207960455547266,37401,1.0,978.88,medium,historical_dataset
2023-05-01T00:00:00,49.02508575631021,23534,1.0,480.04,low,historical_dataset
2023-05-01T00:00:00,36.647568767186215,19066,1.0,520.25,medium,historical_dataset
2023-05-01T00:00:00,43.794174880502545,18255,1.0,416.84,low,historical_dataset
2023-05-01T00:00:00,32.63996550918649,30784,1.0,943.14,medium,historical_dataset
2023-05-01T00:00:00,36.96218704211924,19434,1.0,525.78,medium,historical_dataset
2023-05-02T00:00:00,22.933859154858265,38297,1.0,1669.89,high,historical_dataset
2023-05-02T00:00:00,44.98282805009398,39523,1.0,878.62,medium,historical_dataset
2023-05-02T00:00:00,39.72174024815756,15182,1.0,382.21,low,historical_dataset
2023-05-02T00:00:00,21.163999943627473,55703,1.0,2631.97,high,historical_dataset
2023-05-02T00:00:00,21.61369618997136,25471,1.0,1178.47,high,historical_dataset
2023-05-02T00:00:00,41.575990955105866,9521,1.0,229.0,low,historical_dataset
2023-05-02T00:00:00,41.08739263821945,29259,1.0,712.12,medium,historical_dataset
2023-05-03T00:00:00,38.513572326436645,24362,1.0,632.56,medium,historical_dataset
2023-05-03T00:00:00,27.045104038922478,11523,1.0,426.07,low,historical_dataset
2023-05-03T00:00:00,38.29612907213291,30565,1.0,798.12,medium,historical_dataset
2023-05-03T00:00:00,59.70247070368116,18701,1.0,313.24,low,historical_dataset
2023-05-03T00:00:00,46.95480559005479,42983,1.0,915.41,medium,historical_dataset
2023-05-03T00:00:00,32.72307918623959,38258,1.0,1169.14,high,historical_dataset
2023-05-03T00:00:00,46.05310417748557,21366,1.0,463.94,low,historical_dataset
2023-05-03T00:00:00,24.269039181087685,38242,1.0,1575.75,high,historical_dataset
2023-05-03T00:00:00,20.0,29263,1.0,1463.15,high,historical_dataset
2023-05-03T00:00:00,55.70820884141945,8336,1.0,149.64,low,historical_dataset
2023-05-04T00:00:00,45.01549480006635,12783,1.0,283.97,low,historical_dataset
2023-05-04T00:00:00,20.0,27074,1.0,1353.7,high,historical_dataset
2023-05-04T00:00:00,39.474404253589896,16337,1.0,413.86,low,historical_dataset
2023-05-04T00:00:00,50.30144099843929,30041,1.0,597.22,medium,historical_dataset
2023-05-04T00:00:00,31.652514799139578,48012,1.0,1516.85,high,historical_dataset
2023-05-04T00:00:00,36.868100290872945,20998,1.0,569.54,medium,historical_dataset
2023-05-04T00:00:00,42.8133624158752,45911,1.0,1072.35,high,historical_dataset
2023-05-04T00:00:00,54.9026466890732,18361,1.0,334.43,low,historical_dataset
2023-05-04T00:00:00,58.18052533239847,20576,1.0,353.66,low,historical_dataset
2023-05-05T00:00:00,34.60178369420013,40205,1.0,1161.93,high,historical_dataset
2023-05-05T00:00:00,38.28944725134373,37243,1.0,972.67,medium,historical_dataset
2023-05-05T00:00:00,48.85287800163036,13275,1.0,271.73,low,historical_dataset
2023-05-05T00:00:00,26.17773345318303,27219,1.0,1039.78,high,historical_dataset
2023-05-05T00:00:00,44.902501988924,30666,1.0,682.95,medium,historical_dataset
2023-05-05T00:00:00,27.990666671078497,41346,1.0,1477.14,high,historical_dataset
2023-05-05T00:00:00,21.89425155519852,48326,1.0,2207.25,high,historical_dataset
2023-05-05T00:00:00,41.30295688045054,16727,1.0,404.98,low,historical_dataset
2023-05-05T00:00:00,31.336864407947612,29637,1.0,945.76,medium,historical_dataset
2023-05-05T00:00:00,48.549436887849325,17752,1.0,365.65,low,historical_dataset
2023-05-06T00:00:00,34.76812004261107,52646,1.0,1514.2,high,historical_dataset
2023-05-06T00:00:00,40.808188176306224,16291,1.0,399.21,low,historical_dataset
2023-05-06T00:00:00,25.090158302497898,45449,1.0,1811.43,high,historical_dataset
2023-05-06T00:00:00,40.177435156333075,52640,1.0,1310.19,high,historical_dataset
2023-05-06T00:00:00,29.900209459551537,53409,1.0,1786.24,high,historical_dataset
2023-05-06T00:00:00,57.56213958003636,42892,1.0,745.14,medium,historical_dataset
2023-05-06T00:00:00,55.52270047509347,27674,1.0,498.43,low,historical_dataset
2023-05-06T00:00:00,30.20480516687776,33159,1.0,1097.81,high,historical_dataset
2023-05-06T00:00:00,44.289436285078466,14044,1.0,317.1,low,historical_dataset
2023-05-07T00:00:00,46.776349208487204,46987,1.0,1004.5,high,historical_dataset
2023-05-07T00:00:00,47.453508084939955,35813,1.0,754.7,medium,historical_dataset
2023-05-07T00:00:00,55.993745133495295,16954,1.0,302.78,low,historical_dataset
2023-05-07T00:00:00,28.455295638925378,58253,1.0,2047.18,high,historical_dataset
2023-05-07T00:00:00,25.49715149266779,26452,1.0,1037.45,high,historical_dataset
2023-05-07T00:00:00,38.6822896377039,11928,1.0,308.36,low,historical_dataset
2023-05-07T00:00:00,53.03389868829964,20818,1.0,392.54,low,historical_dataset
2023-05-07T00:00:00,36.63323387970327,37279,1.0,1017.63,high,historical_dataset
2023-05-07T00:00:00,33.66862095115937,27025,1.0,802.68,medium,historical_dataset
2023-05-08T00:00:00,22.422692343557458,24722,1.0,1102.54,high,historical_dataset
2023-05-08T00:00:00,49.465293329593635,48088,1.0,972.16,medium,historical_dataset
2023-05-08T00:00:00,23.901944634954354,56121,1.0,2347.97,high,historical_dataset
2023-05-08T00:00:00,20.0,28505,1.0,1425.25,high,historical_dataset
2023-05-08T00:00:00,34.370912417401236,49841,1.0,1450.09,high,historical_dataset
2023-05-08T00:00:00,47.77245182706725,37524,1.0,785.47,medium,historical_dataset
2023-05-08T00:00:00,62.47574411336239,16270,1.0,260.42,low,historical_dataset
2023-05-08T00:00:00,29.55860377073316,37604,1.0,1272.18,high,historical_dataset
2023-05-08T00:00:00,33.3806910655694,18540,1.0,555.41,medium,historical_dataset
2023-05-08T00:00:00,51.78371880149954,12045,1.0,232.6,low,historical_dataset
2023-05-09T00:00:00,40.76854240133325,45897,1.0,1125.79,high,historical_dataset
2023-05-09T00:00:00,49.53111508798007,44015,1.0,888.63,medium,historical_dataset
2023-05-09T00:00:00,46.13476259194063,27515,1.0,596.4,medium,historical_dataset
2023-05-09T00:00:00,42.26129325187043,28477,1.0,673.83,medium,historical_dataset
2023-05-09T00:00:00,48.95809384703655,43595,1.0,890.46,medium,historical_dataset
2023-05-09T00:00:00,26.401007197233085,42395,1.0,1605.81,high,historical_dataset
2023-05-09T00:00:00,57.51213612990505,34345,1.0,597.18,medium,historical_dataset
2023-05-09T00:00:00,67.80142356611044,7950,1.0,117.25,low,historical_dataset
2023-05-10T00:00:00,30.285221454148754,24188,1.0,798.67,medium,historical_dataset
2023-05-10T00:00:00,41.53176954990973,35939,1.0,865.34,medium,historical_dataset
2023-05-10T00:00:00,50.92446949927013,28175,1.0,553.27,medium,historical_dataset
2023-05-10T00:00:00,44.991505372330394,59361,1.0,1319.38,high,historical_dataset
2023-05-10T00:00:00,24.035279743728363,29133,1.0,1212.09,high,historical_dataset
2023-05-10T00:00:00,39.691586682320754,6132,1.0,154.49,low,historical_dataset
2023-05-10T00:00:00,30.26019668440553,12808,1.0,423.26,low,historical_dataset
2023-05-10T00:00:00,46.656746668112135,43208,1.0,926.08,medium,historical_dataset
2023-05-10T00:00:00,25.109048269853517,40949,1.0,1630.85,high,historical_dataset
2023-05-11T00:00:00,34.00864831576895,35849,1.0,1054.11,high,historical_dataset
2023-05-11T00:00:00,52.77878735821457,40509,1.0,767.52,medium,historical_dataset
2023-05-11T00:00:00,52.501817650432514,30117,1.0,573.64,medium,historical_dataset
2023-05-11T00:00:00,40.81164667811282,66418,1.0,1627.43,high,historical_dataset
2023-05-11T00:00:00,38.014481508314375,30659,1.0,806.51,medium,historical_dataset
2023-05-11T00:00:00,29.64671584040429,55528,1.0,1872.99,high,historical_dataset
2023-05-11T00:00:00,27.795280803362854,56454,1.0,2031.06,high,historical_dataset
2023-05-11T00:00:00,38.6241267786893,25812,1.0,668.29,medium,historical_dataset
2023-05-11T00:00:00,34.39601658745406,27809,1.0,808.49,medium,historical_dataset
2023-05-11T00:00:00,67.8394886519402,19588,1.0,288.74,low,historical_dataset
2023-05-11T00:00:00,46.9335107987125,14813,1.0,315.62,low,historical_dataset
2023-05-11T00:00:00,48.109215349808245,14023,1.0,291.48,low,historical_dataset
2023-05-12T00:00:00,25.254672823812754,48873,1.0,1935.21,high,historical_dataset
2023-05-12T00:00:00,28.547215583146762,34833,1.0,1220.19,high,historical_dataset
2023-05-12T00:00:00,44.5475514167222,23602,1.0,529.82,medium,historical_dataset
2023-05-12T00:00:00,43.46285590234413,14477,1.0,333.09,low,historical_dataset
2023-05-12T00:00:00,44.00878553868034,13432,1.0,305.21,low,historical_dataset
2023-05-12T00:00:00,41.48044084522257,23668,1.0,570.58,medium,historical_dataset
2023-05-12T00:00:00,38.99923763635608,41263,1.0,1058.05,high,historical_dataset
2023-05-12T00:00:00,36.53579909706747,35546,1.0,972.91,medium,historical_dataset
2023-05-12T00:00:00,49.47067148900675,39106,1.0,790.49,medium,historical_dataset
2023-05-13T00:00:00,47.11319551852467,24921,1.0,528.96,medium,historical_dataset
2023-05-13T00:00:00,45.66610954903736,40757,1.0,892.5,medium,historical_dataset
2023-05-13T00:00:00,42.84395423918459,9083,1.0,212.0,low,historical_dataset
2023-05-13T00:00:00,40.89252802266512,34589,1.0,845.85,medium,historical_dataset
2023-05-13T00:00:00,58.063580181879004,44840,1.0,772.26,medium,historical_dataset
2023-05-13T00:00:00,49.94353998079667,24409,1.0,488.73,low,historical_dataset
2023-05-13T00:00:00,38.14219957315075,25717,1.0,674.24,medium,historical_dataset
2023-05-13T00:00:00,28.032370804508133,39653,1.0,1414.54,high,historical_dataset
2023-05-13T00:00:00,58.01550186331595,19065,1.0,328.62,low,historical_dataset
2023-05-14T00:00:00,39.75243185206453,43879,1.0,1103.81,high,historical_dataset
2023-05-14T00:00:00,41.11375292698678,35998,1.0,875.57,medium,historical_dataset
2023-05-14T00:00:00,20.0,23326,1.0,1166.3,high,historical_dataset
2023-05-14T00:00:00,34.35828700108652,44448,1.0,1293.66,high,historical_dataset
2023-05-14T00:00:00,52.252047550188216,21877,1.0,418.68,low,historical_dataset
2023-05-14T00:00:00,25.24191501104246,25273,1.0,1001.23,high,historical_dataset
2023-05-14T00:00:00,34.52315667863798,26556,1.0,769.22,medium,historical_dataset
2023-05-14T00:00:00,35.588507751404705,22010,1.0,618.46,medium,historical_dataset
2023-05-14T00:00:00,35.14767477608787,31673,1.0,901.14,medium,historical_dataset
2023-05-14T00:00:00,28.25954527501844,28352,1.0,1003.27,high,historical_dataset
2023-05-14T00:00:00,42.850327740461864,14675,1.0,342.47,low,historical_dataset
2023-05-15T00:00:00,20.0,25295,1.0,1264.75,high,historical_dataset
2023-05-15T00:00:00,48.25744903007425,24669,1.0,511.2,medium,historical_dataset
2023-05-15T00:00:00,25.41142440831426,17339,1.0,682.33,medium,historical_dataset
2023-05-15T00:00:00,20.0,44778,1.0,2238.9,high,historical_dataset
2023-05-15T00:00:00,46.782452825792944,36246,1.0,774.78,medium,historical_dataset
2023-05-15T00:00:00,22.50652563077194,28409,1.0,1262.26,high,historical_dataset
2023-05-15T00:00:00,37.40656432742688,19058,1.0,509.48,medium,historical_dataset
2023-05-16T00:00:00,38.82383128249408,34233,1.0,881.75,medium,historical_dataset
2023-05-16T00:00:00,36.874691267676795,22023,1.0,597.24,medium,historical_dataset
2023-05-16T00:00:00,42.840030146801936,61485,1.0,1435.22,high,historical_dataset
2023-05-16T00:00:00,36.001354959419444,30187,1.0,838.5,medium,historical_dataset
2023-05-16T00:00:00,36.110948307201994,14937,1.0,413.64,low,historical_dataset
2023-05-16T00:00:00,32.72332386701796,14664,1.0,448.12,low,historical_dataset
2023-05-16T00:00:00,40.94613276090315,46067,1.0,1125.06,high,historical_dataset
2023-05-16T00:00:00,48.134370781809494,25302,1.0,525.65,medium,historical_dataset
2023-05-17T00:00:00,26.158037271396033,38608,1.0,1475.95,high,historical_dataset
2023-05-17T00:00:00,55.537163905488256,17825,1.0,320.96,low,historical_dataset
2023-05-17T00:00:00,39.16422063061028,25237,1.0,644.39,medium,historical_dataset
2023-05-17T00:00:00,61.557878857040464,14455,1.0,234.82,low,historical_dataset
2023-05-17T00:00:00,43.166175960897434,20619,1.0,477.67,low,historical_dataset
2023-05-17T00:00:00,23.472142636730556,27049,1.0,1152.39,high,historical_dataset
2023-05-17T00:00:00,27.31980832076828,27902,1.0,1021.31,high,historical_dataset
2023-05-17T00:00:00,34.26063402302811,35475,1.0,1035.44,high,historical_dataset
2023-05-17T00:00:00,25.629644361737384,26222,1.0,1023.11,high,historical_dataset
2023-05-17T00:00:00,50.856662958937065,19487,1.0,383.17,low,historical_dataset
2023-05-18T00:00:00,44.30669257432834,35985,1.0,812.18,medium,historical_dataset
2023-05-18T00:00:00,32.42458872652569,26731,1.0,824.41,medium,historical_dataset
2023-05-18T00:00:00,47.66317159685698,17022,1.0,357.13,low,historical_dataset
2023-05-18T00:00:00,41.1056026681536,63327,1.0,1540.59,high,historical_dataset
2023-05-18T00:00:00,64.22603936278065,9151,1.0,142.48,low,historical_dataset
2023-05-18T00:00:00,43.149391024325595,36672,1.0,849.88,medium,historical_dataset
2023-05-18T00:00:00,33.83246347782627,28376,1.0,838.72,medium,historical_dataset
2023-05-18T00:00:00,24.01386983680734,25085,1.0,1044.6,high,historical_dataset
2023-05-18T00:00:00,62.42100017390793,10909,1.0,174.76,low,historical_dataset
2023-05-18T00:00:00,49.4830051909549,19789,1.0,399.92,low,historical_dataset
2023-05-18T00:00:00,40.0684364580079,6812,1.0,170.01,low,historical_dataset
2023-05-19T00:00:00,36.21948263983732,36508,1.0,1007.97,high,historical_dataset
2023-05-19T00:00:00,43.05508369186091,32119,1.0,746.0,medium,historical_dataset
2023-05-19T00:00:00,39.83086991197134,23264,1.0,584.07,medium,historical_dataset
2023-05-19T00:00:00,30.041015737221347,13751,1.0,457.74,low,historical_dataset
2023-05-19T00:00:00,39.46140676494978,13625,1.0,345.27,low,historical_dataset
2023-05-19T00:00:00,67.27729675861372,18183,1.0,270.27,low,historical_dataset
2023-05-19T00:00:00,46.41802200225089,24162,1.0,520.53,medium,historical_dataset
2023-05-19T00:00:00,43.440343259224925,10130,1.0,233.19,low,historical_dataset
2023-05-19T00:00:00,33.00496709638597,6358,1.0,192.64,low,historical_dataset
2023-05-20T00:00:00,26.38032423646682,34881,1.0,1322.24,high,historical_dataset
2023-05-20T00:00:00,30.42898773305769,36968,1.0,1214.89,high,historical_dataset
2023-05-20T00:00:00,39.05352889498805,29790,1.0,762.8,medium,historical_dataset
2023-05-20T00:00:00,49.53901099945172,16202,1.0,327.06,low,historical_dataset
2023-05-20T00:00:00,52.33744015610488,12803,1.0,244.62,low,historical_dataset
2023-05-20T00:00:00,46.76854922516507,30581,1.0,653.88,medium,historical_dataset
2023-05-20T00:00:00,39.34133006812146,48412,1.0,1230.56,high,historical_dataset
2023-05-20T00:00:00,33.12015093798905,45187,1.0,1364.34,high,historical_dataset
2023-05-20T00:00:00,46.2083820907538,27671,1.0,598.83,medium,historical_dataset
2023-05-20T00:00:00,37.35568122195907,31772,1.0,850.53,medium,historical_dataset
2023-05-20T00:00:00,47.77389565580602,43576,1.0,912.13,medium,historical_dataset
2023-05-20T00:00:00,39.72261963052304,33962,1.0,854.98,medium,historical_dataset
2023-05-21T00:00:00,47.966085580234015,24487,1.0,510.51,medium,historical_dataset
2023-05-21T00:00:00,27.170126051323702,50110,1.0,1844.31,high,historical_dataset
2023-05-21T00:00:00,31.609014544284335,22809,1.0,721.6,medium,historical_dataset
2023-05-21T00:00:00,30.157405654178643,43301,1.0,1435.83,high,historical_dataset
2023-05-21T00:00:00,44.02736074801677,44256,1.0,1005.19,high,historical_dataset
2023-05-21T00:00:00,36.632732174566165,17001,1.0,464.09,low,historical_dataset
2023-05-21T00:00:00,20.0,26198,1.0,1309.9,high,historical_dataset
2023-05-21T00:00:00,38.243600650343296,21527,1.0,562.89,medium,historical_dataset
2023-05-22T00:00:00,38.04026747892093,45528,1.0,1196.84,high,historical_dataset
2023-05-22T00:00:00,54.66485581190591,19055,1.0,348.58,low,historical_dataset
2023-05-22T00:00:00,20.0,50513,1.0,2525.65,high,historical_dataset
2023-05-22T00:00:00,45.29512351911616,45669,1.0,1008.25,high,historical_dataset
2023-05-22T00:00:00,57.135292988741014,14101,1.0,246.8,low,historical_dataset
2023-05-22T00:00:00,24.229208358204858,41033,1.0,1693.53,high,historical_dataset
2023-05-22T00:00:00,43.35223819874723,29052,1.0,670.14,medium,historical_dataset
2023-05-22T00:00:00,40.57870042038024,30366,1.0,748.32,medium,historical_dataset
2023-05-23T00:00:00,38.00819931286332,23364,1.0,614.71,medium,historical_dataset
2023-05-23T00:00:00,48.171752477133445,15612,1.0,324.09,low,historical_dataset
2023-05-23T00:00:00,45.059977062926734,22667,1.0,503.04,medium,historical_dataset
2023-05-23T00:00:00,35.880405319078115,59438,1.0,1656.56,high,historical_dataset
2023-05-23T00:00:00,42.00552585754824,50414,1.0,1200.18,high,historical_dataset
2023-05-23T00:00:00,34.68581102167471,40509,1.0,1167.88,high,historical_dataset
2023-05-23T00:00:00,43.235604849404346,28774,1.0,665.52,medium,historical_dataset
2023-05-23T00:00:00,54.70827847034945,30410,1.0,555.86,medium,historical_dataset
2023-05-23T00:00:00,31.0476825067728,9110,1.0,293.42,low,historical_dataset
2023-05-23T00:00:00,39.78083986626069,12528,1.0,314.93,low,historical_dataset
2023-05-24T00:00:00,67.17897977602043,11740,1.0,174.76,low,historical_dataset
2023-05-24T00:00:00,25.92739549391345,27340,1.0,1054.48,high,historical_dataset
2023-05-24T00:00:00,45.00851159138422,6812,1.0,151.35,low,historical_dataset
2023-05-24T00:00:00,45.279196883517514,13258,1.0,292.81,low,historical_dataset
2023-05-25T00:00:00,45.912603725478874,13135,1.0,286.09,low,historical_dataset
2023-05-25T00:00:00,41.91960993325688,25633,1.0,611.48,medium,historical_dataset
2023-05-25T00:00:00,35.42926610110169,38680,1.0,1091.75,high,historical_dataset
2023-05-25T00:00:00,38.174556753850545,20169,1.0,528.34,medium,historical_dataset
2023-05-25T00:00:00,20.0,31384,1.0,1569.2,high,historical_dataset
2023-05-25T00:00:00,33.415806138679834,37968,1.0,1136.23,high,historical_dataset
2023-05-25T00:00:00,40.12415774718253,47848,1.0,1192.5,high,historical_dataset
2023-05-25T00:00:00,33.457523697084184,25439,1.0,760.34,medium,historical_dataset
2023-05-25T00:00:00,47.8532726146501,15777,1.0,329.7,low,historical_dataset
2023-05-25T00:00:00,47.51201500642765,16042,1.0,337.64,low,historical_dataset
2023-05-26T00:00:00,36.09285978960611,12301,1.0,340.82,low,historical_dataset
2023-05-26T00:00:00,41.470982349492076,23248,1.0,560.58,medium,historical_dataset
2023-05-26T00:00:00,53.33924901891565,6900,1.0,129.36,low,historical_dataset
2023-05-26T00:00:00,43.08606564345708,12717,1.0,295.15,low,historical_dataset
2023-05-26T00:00:00,49.78242592548891,37449,1.0,752.25,medium,historical_dataset
2023-05-26T00:00:00,54.74444641955598,17063,1.0,311.68,low,historical_dataset
2023-05-26T00:00:00,54.01192905866206,20397,1.0,377.64,low,historical_dataset
2023-05-27T00:00:00,39.94904482470038,33157,1.0,829.98,medium,historical_dataset
2023-05-27T00:00:00,29.88297391448478,45815,1.0,1533.15,high,historical_dataset
2023-05-27T00:00:00,44.23506722693004,60037,1.0,1357.23,high,historical_dataset
2023-05-27T00:00:00,45.457461766629024,64353,1.0,1415.68,high,historical_dataset
2023-05-27T00:00:00,55.84765607632118,20612,1.0,369.08,low,historical_dataset
2023-05-27T00:00:00,46.73400618691348,12679,1.0,271.3,low,historical_dataset
2023-05-27T00:00:00,21.920494924525862,56628,1.0,2583.34,high,historical_dataset
2023-05-27T00:00:00,52.36112455016753,29915,1.0,571.32,medium,historical_dataset
2023-05-27T00:00:00,37.33861468930217,21498,1.0,575.76,medium,historical_dataset
2023-05-28T00:00:00,29.13958565643516,33627,1.0,1154.0,high,historical_dataset
2023-05-28T00:00:00,33.42311785877738,22379,1.0,669.57,medium,historical_dataset
2023-05-28T00:00:00,47.82613780533522,23854,1.0,498.76,low,historical_dataset
2023-05-28T00:00:00,47.08726813402359,14106,1.0,299.57,low,historical_dataset
2023-05-28T00:00:00,64.80278663800287,11495,1.0,177.38,low,historical_dataset
2023-05-28T00:00:00,31.86023300236404,25699,1.0,806.62,medium,historical_dataset
2023-05-28T00:00:00,44.798146178915204,36780,1.0,821.02,medium,historical_dataset
2023-05-28T00:00:00,45.58719605325321,30330,1.0,665.32,medium,historical_dataset
2023-05-28T00:00:00,38.562720877257156,28593,1.0,741.47,medium,historical_dataset
2023-05-28T00:00:00,41.78180954208778,13124,1.0,314.11,low,historical_dataset
2023-05-29T00:00:00,20.0,39182,1.0,1959.1,high,historical_dataset
2023-05-29T00:00:00,34.38913902019434,33821,1.0,983.48,medium,historical_dataset
2023-05-29T00:00:00,67.26906324249441,15855,1.0,235.7,low,historical_dataset
2023-05-29T00:00:00,62.805010702260816,19126,1.0,304.53,low,historical_dataset
2023-05-29T00:00:00,36.92955070720294,17671,1.0,478.51,low,historical_dataset
2023-05-29T00:00:00,27.81557202636224,29397,1.0,1056.85,high,historical_dataset
2023-05-29T00:00:00,57.32854769779948,5862,1.0,102.25,low,historical_dataset
2023-05-29T00:00:00,20.0,29587,1.0,1479.35,high,historical_dataset
2023-05-29T00:00:00,33.39111711686856,50136,1.0,1501.48,high,historical_dataset
2023-05-29T00:00:00,33.74527265076382,23199,1.0,687.47,medium,historical_dataset
2023-05-29T00:00:00,51.93617121425053,14180,1.0,273.03,low,historical_dataset
2023-05-29T00:00:00,36.05924093273991,28748,1.0,797.24,medium,historical_dataset
2023-05-29T00:00:00,28.085479630439586,13878,1.0,494.13,low,historical_dataset
2023-05-30T00:00:00,44.68272816426084,24784,1.0,554.67,medium,historical_dataset
2023-05-30T00:00:00,52.14832054832641,37482,1.0,718.76,medium,historical_dataset
2023-05-30T00:00:00,45.757367367494794,21280,1.0,465.06,low,historical_dataset
2023-05-30T00:00:00,29.81584471682207,30706,1.0,1029.86,high,historical_dataset
2023-05-30T00:00:00,52.738183584097456,14513,1.0,275.19,low,historical_dataset
2023-05-30T00:00:00,55.40782375387912,17255,1.0,311.42,low,historical_dataset
2023-05-30T00:00:00,26.066219722171933,39549,1.0,1517.25,high,historical_dataset
2023-05-30T00:00:00,28.14935357808785,20776,1.0,738.06,medium,historical_dataset
2023-05-30T00:00:00,45.21278630747596,19561,1.0,432.64,low,historical_dataset
2023-05-30T00:00:00,47.50258433896569,20296,1.0,427.26,low,historical_dataset
2023-05-31T00:00:00,49.19245151075934,12584,1.0,255.81,low,historical_dataset
2023-05-31T00:00:00,20.0,33200,1.0,1660.0,high,historical_dataset
2023-05-31T00:00:00,28.045132443298986,17274,1.0,615.94,medium,historical_dataset
2023-05-31T00:00:00,36.177082883224976,33762,1.0,933.24,medium,historical_dataset
2023-05-31T00:00:00,48.12137474319894,33859,1.0,703.62,medium,historical_dataset
2023-05-31T00:00:00,20.0,44763,1.0,2238.15,high,historical_dataset
2023-05-31T00:00:00,53.67395970933748,35199,1.0,655.79,medium,historical_dataset
2023-05-31T00:00:00,24.8953095736145,48418,1.0,1944.86,high,historical_dataset
2023-05-31T00:00:00,34.29709441950918,17264,1.0,503.37,medium,historical_dataset
2023-05-31T00:00:00,46.019109263420134,24916,1.0,541.43,medium,historical_dataset
2023-05-31T00:00:00,48.628515611647124,24070,1.0,494.98,low,historical_dataset
2023-06-01T00:00:00,28.348096186938164,48988,1.0,1728.09,high,historical_dataset
2023-06-01T00:00:00,62.39298487340736,21517,1.0,344.86,low,historical_dataset
2023-06-01T00:00:00,54.57599402378787,16155,1.0,296.01,low,historical_dataset
2023-06-01T00:00:00,49.7405605478105,50593,1.0,1017.14,high,historical_dataset
2023-06-01T00:00:00,34.14182239120306,56430,1.0,1652.81,high,historical_dataset
2023-06-01T00:00:00,20.693433084383354,53302,1.0,2575.79,high,historical_dataset
2023-06-01T00:00:00,46.69659579371444,37763,1.0,808.69,medium,historical_dataset
2023-06-01T00:00:00,60.0416060133627,31368,1.0,522.44,medium,historical_dataset
2023-06-01T00:00:00,43.56074830034733,14822,1.0,340.26,low,historical_dataset
2023-06-02T00:00:00,38.69933073225029,48959,1.0,1265.11,high,historical_dataset
2023-06-02T00:00:00,30.70242072868262,35669,1.0,1161.77,high,historical_dataset
2023-06-02T00:00:00,20.724067717501704,35745,1.0,1724.81,high,historical_dataset
2023-06-02T00:00:00,48.700296036205614,14098,1.0,289.48,low,historical_dataset
2023-06-02T00:00:00,20.0,62795,1.0,3139.75,high,historical_dataset
2023-06-02T00:00:00,50.62493495116699,61836,1.0,1221.45,high,historical_dataset
2023-06-02T00:00:00,52.08941180430739,10635,1.0,204.17,low,historical_dataset
2023-06-02T00:00:00,49.56932340096731,51573,1.0,1040.42,high,historical_dataset
2023-06-02T00:00:00,41.125361588238974,27249,1.0,662.58,medium,historical_dataset
2023-06-02T00:00:00,52.48085996171649,17998,1.0,342.94,low,historical_dataset
2023-06-02T00:00:00,38.28118031320613,37345,1.0,975.54,medium,historical_dataset
2023-06-02T00:00:00,47.7000983812821,30729,1.0,644.21,medium,historical_dataset
2023-06-03T00:00:00,32.55659237380719,50330,1.0,1545.92,high,historical_dataset
2023-06-03T00:00:00,42.26362140842349,39048,1.0,923.92,medium,historical_dataset
2023-06-03T00:00:00,48.696843064654026,14165,1.0,290.88,low,historical_dataset
2023-06-03T00:00:00,29.75401502263958,47971,1.0,1612.25,high,historical_dataset
2023-06-03T00:00:00,46.39301220207691,16754,1.0,361.13,low,historical_dataset
2023-06-03T00:00:00,32.77725518716836,26837,1.0,818.77,medium,historical_dataset
2023-06-03T00:00:00,60.238738352163736,12822,1.0,212.85,low,historical_dataset
2023-06-03T00:00:00,34.3153629467428,28767,1.0,838.31,medium,historical_dataset
2023-06-04T00:00:00,51.777726839863746,59306,1.0,1145.4,high,historical_dataset
2023-06-04T00:00:00,41.43717092348217,17310,1.0,417.74,low,historical_dataset
2023-06-04T00:00:00,20.0,50806,1.0,2540.3,high,historical_dataset
2023-06-04T00:00:00,20.0,63934,1.0,3196.7,high,historical_dataset
2023-06-04T00:00:00,61.522242160418514,19380,1.0,315.01,low,historical_dataset
2023-06-04T00:00:00,45.26000065652086,55660,1.0,1229.78,high,historical_dataset
2023-06-04T00:00:00,38.94401783843508,13205,1.0,339.08,low,historical_dataset
2023-06-04T00:00:00,48.539587588486896,32761,1.0,674.93,medium,historical_dataset
2023-06-04T00:00:00,20.0,41923,1.0,2096.15,high,historical_dataset
2023-06-05T00:00:00,20.0,19479,1.0,973.95,medium,historical_dataset
2023-06-05T00:00:00,39.785795247867284,47933,1.0,1204.78,high,historical_dataset
2023-06-05T00:00:00,46.21880522988221,28799,1.0,623.1,medium,historical_dataset
2023-06-05T00:00:00,34.94801397339161,58732,1.0,1680.55,high,historical_dataset
2023-06-05T00:00:00,53.701042916960304,20651,1.0,384.55,low,historical_dataset
2023-06-05T00:00:00,37.05913455010789,40344,1.0,1088.64,high,historical_dataset
2023-06-05T00:00:00,37.24742977697932,37537,1.0,1007.77,high,historical_dataset
2023-06-05T00:00:00,46.17006333178469,23747,1.0,514.34,medium,historical_dataset
2023-06-05T00:00:00,46.641721414675175,11172,1.0,239.53,low,historical_dataset
2023-06-05T00:00:00,45.96390428235782,28559,1.0,621.34,medium,historical_dataset
2023-06-05T00:00:00,49.66906950169673,13722,1.0,276.27,low,historical_dataset
2023-06-06T00:00:00,57.011819827429875,24294,1.0,426.12,low,historical_dataset
2023-06-06T00:00:00,47.65728711636477,23303,1.0,488.97,low,historical_dataset
2023-06-06T00:00:00,48.502782578192466,24743,1.0,510.14,medium,historical_dataset
2023-06-06T00:00:00,31.397230425054165,66530,1.0,2118.98,high,historical_dataset
2023-06-06T00:00:00,45.094200889013536,17078,1.0,378.72,low,historical_dataset
2023-06-06T00:00:00,41.79340879007046,15738,1.0,376.57,low,historical_dataset
2023-06-06T00:00:00,46.41226585436078,21058,1.0,453.72,low,historical_dataset
2023-06-06T00:00:00,44.364478604425756,23545,1.0,530.72,medium,historical_dataset
2023-06-06T00:00:00,38.25180626790597,24607,1.0,643.29,medium,historical_dataset
2023-06-06T00:00:00,37.00939183045097,9305,1.0,251.42,low,historical_dataset
2023-06-06T00:00:00,54.30787440156713,14374,1.0,264.68,low,historical_dataset
2023-06-06T00:00:00,35.35603728674215,32904,1.0,930.65,medium,historical_dataset
2023-06-07T00:00:00,25.028154879975478,36597,1.0,1462.23,high,historical_dataset
2023-06-07T00:00:00,46.14378089603907,50560,1.0,1095.71,high,historical_dataset
2023-06-07T00:00:00,45.324105042262985,16358,1.0,360.91,low,historical_dataset
2023-06-07T00:00:00,41.63507645155507,32003,1.0,768.65,medium,historical_dataset
2023-06-07T00:00:00,25.022435846300738,43016,1.0,1719.1,high,historical_dataset
2023-06-07T00:00:00,52.24838991630821,19636,1.0,375.82,low,historical_dataset
2023-06-07T00:00:00,41.66415153555849,14297,1.0,343.15,low,historical_dataset
2023-06-07T00:00:00,47.64823437328157,42964,1.0,901.69,medium,historical_dataset
2023-06-07T00:00:00,33.473632752306294,38226,1.0,1141.97,high,historical_dataset
2023-06-08T00:00:00,42.17075023768478,36000,1.0,853.67,medium,historical_dataset
2023-06-08T00:00:00,29.224538108105765,27890,1.0,954.34,medium,historical_dataset
2023-06-08T00:00:00,61.70400963359257,29305,1.0,474.93,low,historical_dataset
2023-06-08T00:00:00,36.99671757766833,40155,1.0,1085.37,high,historical_dataset
2023-06-08T00:00:00,58.97382540630388,23778,1.0,403.2,low,historical_dataset
2023-06-08T00:00:00,55.292067616816155,20267,1.0,366.54,low,historical_dataset
2023-06-08T00:00:00,68.11448074421696,14975,1.0,219.85,low,historical_dataset
2023-06-09T00:00:00,43.47974147243367,24063,1.0,553.43,medium,historical_dataset
2023-06-09T00:00:00,44.98920283986021,11531,1.0,256.31,low,historical_dataset
2023-06-09T00:00:00,29.659279959324365,48287,1.0,1628.06,high,historical_dataset
2023-06-09T00:00:00,20.0,38540,1.0,1927.0,high,historical_dataset
2023-06-09T00:00:00,43.59405892950415,13166,1.0,302.01,low,historical_dataset
2023-06-10T00:00:00,33.249447587817514,13380,1.0,402.41,low,historical_dataset
2023-06-10T00:00:00,37.86589241406819,22729,1.0,600.25,medium,historical_dataset
2023-06-10T00:00:00,36.21754567249354,25458,1.0,702.92,medium,historical_dataset
2023-06-10T00:00:00,64.29285368429103,21799,1.0,339.06,low,historical_dataset
2023-06-10T00:00:00,20.0,37914,1.0,1895.7,high,historical_dataset
2023-06-10T00:00:00,37.462420532768355,7259,1.0,193.77,low,historical_dataset
2023-06-10T00:00:00,40.46823712744047,28015,1.0,692.27,medium,historical_dataset
2023-06-11T00:00:00,46.40800208648727,32926,1.0,709.49,medium,historical_dataset
2023-06-11T00:00:00,43.703569446223895,44493,1.0,1018.06,high,historical_dataset
2023-06-11T00:00:00,40.81484377889944,26865,1.0,658.22,medium,historical_dataset
2023-06-11T00:00:00,36.52367903171692,43178,1.0,1182.19,high,historical_dataset
2023-06-11T00:00:00,24.313004093826436,33465,1.0,1376.42,high,historical_dataset
2023-06-11T00:00:00,28.07098035255302,32603,1.0,1161.45,high,historical_dataset
2023-06-11T00:00:00,33.86658327134415,47525,1.0,1403.3,high,historical_dataset
2023-06-12T00:00:00,29.49678262140375,35363,1.0,1198.88,high,historical_dataset
2023-06-12T00:00:00,40.42312999019909,34643,1.0,857.01,medium,historical_dataset
2023-06-12T00:00:00,52.06462725181342,22610,1.0,434.27,low,historical_dataset
2023-06-12T00:00:00,27.09636736355167,33464,1.0,1235.0,high,historical_dataset
2023-06-12T00:00:00,33.91869599769769,49748,1.0,1466.68,high,historical_dataset
2023-06-12T00:00:00,39.39243180738455,43860,1.0,1113.41,high,historical_dataset
2023-06-12T00:00:00,31.656092358404052,27274,1.0,861.57,medium,historical_dataset
2023-06-12T00:00:00,44.0227291091079,8603,1.0,195.42,low,historical_dataset
2023-06-13T00:00:00,38.446145968198294,33601,1.0,873.98,medium,historical_dataset
2023-06-13T00:00:00,39.52973954010056,45627,1.0,1154.24,high,historical_dataset
2023-06-13T00:00:00,61.56934174031022,9204,1.0,149.49,low,historical_dataset
2023-06-13T00:00:00,44.290760208771715,65844,1.0,1486.63,high,historical_dataset
2023-06-13T00:00:00,21.894125012179394,40755,1.0,1861.46,high,historical_dataset
2023-06-13T00:00:00,43.381806648346256,41268,1.0,951.27,medium,historical_dataset
2023-06-13T00:00:00,26.84321373704169,9409,1.0,350.52,low,historical_dataset
2023-06-13T00:00:00,43.188175258988714,23591,1.0,546.24,medium,historical_dataset
2023-06-13T00:00:00,60.07952873426696,21636,1.0,360.12,low,historical_dataset
2023-06-14T00:00:00,54.157684447127,13192,1.0,243.59,low,historical_dataset
2023-06-14T00:00:00,59.83390085266359,24455,1.0,408.71,low,historical_dataset
2023-06-14T00:00:00,56.20776936455129,19243,1.0,342.35,low,historical_dataset
2023-06-14T00:00:00,46.67596523418851,23135,1.0,495.65,low,historical_dataset
2023-06-14T00:00:00,41.87843546564126,43983,1.0,1050.25,high,historical_dataset
2023-06-14T00:00:00,59.57950448503793,29855,1.0,501.1,medium,historical_dataset
2023-06-14T00:00:00,25.411440820774303,54728,1.0,2153.68,high,historical_dataset
2023-06-14T00:00:00,31.67016067444215,41900,1.0,1323.01,high,historical_dataset
2023-06-14T00:00:00,35.88155091367126,43031,1.0,1199.25,high,historical_dataset
2023-06-15T00:00:00,42.22309545776115,20682,1.0,489.83,low,historical_dataset
2023-06-15T00:00:00,47.638756347075024,21811,1.0,457.84,low,historical_dataset
2023-06-15T00:00:00,55.66135298585604,6430,1.0,115.52,low,historical_dataset
2023-06-15T00:00:00,42.345493375518345,24537,1.0,579.45,medium,historical_dataset
2023-06-15T00:00:00,33.723043076970626,44244,1.0,1311.98,high,historical_dataset
2023-06-15T00:00:00,34.313228773657585,13587,1.0,395.97,low,historical_dataset
2023-06-15T00:00:00,32.841935613394426,8550,1.0,260.34,low,historical_dataset
2023-06-15T00:00:00,39.325921280298246,30644,1.0,779.23,medium,historical_dataset
2023-06-15T00:00:00,52.89782065202444,8087,1.0,152.88,low,historical_dataset
2023-06-15T00:00:00,20.828865369344786,38869,1.0,1866.11,high,historical_dataset
2023-06-15T00:00:00,31.16025187353012,25400,1.0,815.14,medium,historical_dataset
2023-06-16T00:00:00,35.481547038279786,22779,1.0,642.0,medium,historical_dataset
2023-06-16T00:00:00,50.08487085829936,14442,1.0,288.35,low,historical_dataset
2023-06-16T00:00:00,20.0,29834,1.0,1491.7,high,historical_dataset
2023-06-16T00:00:00,32.55170705525466,41935,1.0,1288.26,high,historical_dataset
2023-06-16T00:00:00,27.54359386403292,37009,1.0,1343.65,high,historical_dataset
2023-06-16T00:00:00,44.86016811108983,31023,1.0,691.55,medium,historical_dataset
2023-06-16T00:00:00,22.97543402804088,29610,1.0,1288.77,high,historical_dataset
2023-06-16T00:00:00,50.19251352493217,6347,1.0,126.45,low,historical_dataset
2023-06-17T00:00:00,31.84821857897273,38900,1.0,1221.42,high,historical_dataset
2023-06-17T00:00:00,59.450427384501864,21964,1.0,369.45,low,historical_dataset
2023-06-17T00:00:00,43.662147511179526,7162,1.0,164.03,low,historical_dataset
2023-06-17T00:00:00,41.72430156328689,14388,1.0,344.84,low,historical_dataset
2023-06-17T00:00:00,27.169618029294117,60249,1.0,2217.51,high,historical_dataset
2023-06-17T00:00:00,39.87302734792589,60931,1.0,1528.13,high,historical_dataset
2023-06-17T00:00:00,47.70314631389864,39255,1.0,822.9,medium,historical_dataset
2023-06-17T00:00:00,43.93566124648457,30444,1.0,692.92,medium,historical_dataset
2023-06-17T00:00:00,51.00958814747298,38951,1.0,763.6,medium,historical_dataset
2023-06-17T00:00:00,33.54054550591745,30817,1.0,918.8,medium,historical_dataset
2023-06-18T00:00:00,27.8423822209896,22672,1.0,814.3,medium,historical_dataset
2023-06-18T00:00:00,22.585923791442156,39987,1.0,1770.44,high,historical_dataset
2023-06-18T00:00:00,44.00710400905212,15808,1.0,359.21,low,historical_dataset
2023-06-18T00:00:00,47.11432922645283,32770,1.0,695.54,medium,historical_dataset
2023-06-18T00:00:00,44.01236140108217,14609,1.0,331.93,low,historical_dataset
2023-06-18T00:00:00,36.97695976504976,26934,1.0,728.4,medium,historical_dataset
2023-06-18T00:00:00,44.5363574056439,15454,1.0,347.0,low,historical_dataset
2023-06-18T00:00:00,39.5683136622483,29000,1.0,732.91,medium,historical_dataset
2023-06-18T00:00:00,44.50632273669257,11515,1.0,258.73,low,historical_dataset
2023-06-18T00:00:00,35.13504661470823,26831,1.0,763.65,medium,historical_dataset
2023-06-19T00:00:00,42.239840857018805,24668,1.0,584.0,medium,historical_dataset
2023-06-19T00:00:00,32.232738843425096,37049,1.0,1149.42,high,historical_dataset
2023-06-19T00:00:00,69.08640031158652,23232,1.0,336.27,low,historical_dataset
2023-06-19T00:00:00,42.933117417215165,12419,1.0,289.26,low,historical_dataset
2023-06-19T00:00:00,60.46721243324918,34775,1.0,575.11,medium,historical_dataset
2023-06-19T00:00:00,45.35682272989123,16633,1.0,366.71,low,historical_dataset
2023-06-19T00:00:00,22.18119862950797,41894,1.0,1888.72,high,historical_dataset
2023-06-19T00:00:00,24.346597700806164,30006,1.0,1232.45,high,historical_dataset
2023-06-20T00:00:00,47.893452597061305,24864,1.0,519.15,medium,historical_dataset
2023-06-20T00:00:00,39.71031608288395,47880,1.0,1205.73,high,historical_dataset
2023-06-20T00:00:00,38.729105638744805,24893,1.0,642.75,medium,historical_dataset
2023-06-20T00:00:00,33.18253808990042,48311,1.0,1455.92,high,historical_dataset
2023-06-20T00:00:00,27.354225693355133,30376,1.0,1110.47,high,historical_dataset
2023-06-20T00:00:00,30.99929064504611,44037,1.0,1420.58,high,historical_dataset
2023-06-20T00:00:00,34.08201549057095,29806,1.0,874.54,medium,historical_dataset
2023-06-20T00:00:00,27.821162280594873,19495,1.0,700.73,medium,historical_dataset
2023-06-20T00:00:00,50.892842095720646,21376,1.0,420.02,low,historical_dataset
2023-06-20T00:00:00,24.99199563366168,27260,1.0,1090.75,high,historical_dataset
2023-06-21T00:00:00,20.0,42649,1.0,2132.45,high,historical_dataset
2023-06-21T00:00:00,34.194375779847746,53855,1.0,1574.97,high,historical_dataset
2023-06-21T00:00:00,47.71827565916023,15021,1.0,314.79,low,historical_dataset
2023-06-21T00:00:00,38.58162135994105,8705,1.0,225.63,low,historical_dataset
2023-06-21T00:00:00,43.56349324721673,31114,1.0,714.22,medium,historical_dataset
2023-06-21T00:00:00,29.86137488084512,34030,1.0,1139.6,high,historical_dataset
2023-06-21T00:00:00,20.0,40984,1.0,2049.2,high,historical_dataset
2023-06-21T00:00:00,47.9478467091242,26707,1.0,557.0,medium,historical_dataset
2023-06-21T00:00:00,41.59944450710324,38539,1.0,926.43,medium,historical_dataset
2023-06-21T00:00:00,36.030578630385406,27394,1.0,760.3,medium,historical_dataset
2023-06-21T00:00:00,30.827646890097085,13682,1.0,443.82,low,historical_dataset
2023-06-22T00:00:00,36.73566118717974,23752,1.0,646.57,medium,historical_dataset
2023-06-22T00:00:00,27.995930241193175,34829,1.0,1244.07,high,historical_dataset
2023-06-22T00:00:00,44.83466236386306,20790,1.0,463.7,low,historical_dataset
2023-06-22T00:00:00,20.0,42614,1.0,2130.7,high,historical_dataset
2023-06-22T00:00:00,37.70482556771078,15676,1.0,415.76,low,historical_dataset
2023-06-22T00:00:00,49.475104463217626,54774,1.0,1107.1,high,historical_dataset
2023-06-22T00:00:00,39.881749071810525,13681,1.0,343.04,low,historical_dataset
2023-06-22T00:00:00,43.51545642789097,30301,1.0,696.33,medium,historical_dataset
2023-06-22T00:00:00,48.50155497136375,16538,1.0,340.98,low,historical_dataset
2023-06-23T00:00:00,56.878478300236786,47359,1.0,832.63,medium,historical_dataset
2023-06-23T00:00:00,49.59696892162153,12968,1.0,261.47,low,historical_dataset
2023-06-23T00:00:00,51.042979599341784,24136,1.0,472.86,low,historical_dataset
2023-06-23T00:00:00,38.244784852079434,21842,1.0,571.11,medium,historical_dataset
2023-06-23T00:00:00,31.190287544841617,28204,1.0,904.26,medium,historical_dataset
2023-06-23T00:00:00,44.13584509421567,40666,1.0,921.38,medium,historical_dataset
2023-06-23T00:00:00,34.727976586570534,27180,1.0,782.65,medium,historical_dataset
2023-06-23T00:00:00,54.76890475421807,18267,1.0,333.53,low,historical_dataset
2023-06-23T00:00:00,41.643305359241985,27069,1.0,650.02,medium,historical_dataset
2023-06-24T00:00:00,31.183365544471823,57360,1.0,1839.44,high,historical_dataset
2023-06-24T00:00:00,28.95085536059284,49818,1.0,1720.78,high,historical_dataset
2023-06-24T00:00:00,35.55936502036597,47881,1.0,1346.51,high,historical_dataset
2023-06-24T00:00:00,37.920230359343016,25906,1.0,683.17,medium,historical_dataset
2023-06-24T00:00:00,36.994801664745786,40940,1.0,1106.64,high,historical_dataset
2023-06-24T00:00:00,42.36917126297828,27281,1.0,643.89,medium,historical_dataset
2023-06-24T00:00:00,52.549430242509445,10002,1.0,190.34,low,historical_dataset
2023-06-24T00:00:00,26.591585359110812,30397,1.0,1143.11,high,historical_dataset
2023-06-24T00:00:00,20.16982329665151,23250,1.0,1152.71,high,historical_dataset
2023-06-25T00:00:00,40.86777782983884,39230,1.0,959.92,medium,historical_dataset
2023-06-25T00:00:00,39.33915196827152,36952,1.0,939.32,medium,historical_dataset
2023-06-25T00:00:00,43.894908477593695,30648,1.0,698.21,medium,historical_dataset
2023-06-25T00:00:00,20.0,29774,1.0,1488.7,high,historical_dataset
2023-06-25T00:00:00,41.62284055587123,59728,1.0,1434.98,high,historical_dataset
2023-06-25T00:00:00,28.608263940404278,29323,1.0,1024.98,high,historical_dataset
2023-06-25T00:00:00,36.5676915867601,33855,1.0,925.82,medium,historical_dataset
2023-06-25T00:00:00,23.73271617983412,33030,1.0,1391.75,high,historical_dataset
2023-06-25T00:00:00,20.0,25899,1.0,1294.95,high,historical_dataset
2023-06-25T00:00:00,46.84368333215944,18329,1.0,391.28,low,historical_dataset
2023-06-25T00:00:00,45.01217773430872,37841,1.0,840.68,medium,historical_dataset
2023-06-25T00:00:00,34.84178469758691,10871,1.0,312.01,low,historical_dataset
2023-06-26T00:00:00,56.57491145887967,49697,1.0,878.43,medium,historical_dataset
2023-06-26T00:00:00,37.983620704548684,55005,1.0,1448.12,high,historical_dataset
2023-06-26T00:00:00,63.464650511193476,35134,1.0,553.6,medium,historical_dataset
2023-06-26T00:00:00,20.0,46115,1.0,2305.75,high,historical_dataset
2023-06-26T00:00:00,44.24677546783583,17150,1.0,387.6,low,historical_dataset
2023-06-26T00:00:00,42.94524054518419,24803,1.0,577.55,medium,historical_dataset
2023-06-26T00:00:00,33.50849253561333,28069,1.0,837.67,medium,historical_dataset
2023-06-26T00:00:00,36.656600051326784,29205,1.0,796.72,medium,historical_dataset
2023-06-27T00:00:00,31.17528756574496,44934,1.0,1441.33,high,historical_dataset
2023-06-27T00:00:00,59.153931074016576,12359,1.0,208.93,low,historical_dataset
2023-06-27T00:00:00,32.755413691935715,22135,1.0,675.77,medium,historical_dataset
2023-06-27T00:00:00,51.251048857729415,15188,1.0,296.35,low,historical_dataset
2023-06-27T00:00:00,24.889966426202022,44326,1.0,1780.88,high,historical_dataset
2023-06-27T00:00:00,21.900329894644983,29401,1.0,1342.49,high,historical_dataset
2023-06-27T00:00:00,23.418630544383838,43160,1.0,1842.98,high,historical_dataset
2023-06-27T00:00:00,44.45383045475669,38383,1.0,863.44,medium,historical_dataset
2023-06-27T00:00:00,28.73507191709297,26699,1.0,929.14,medium,historical_dataset
2023-06-27T00:00:00,53.694640042058964,7610,1.0,141.73,low,historical_dataset
2023-06-27T00:00:00,47.135208358037325,19476,1.0,413.19,low,historical_dataset
2023-06-28T00:00:00,46.279369329965704,44878,1.0,969.72,medium,historical_dataset
2023-06-28T00:00:00,45.362530788556775,24452,1.0,539.04,medium,historical_dataset
2023-06-28T00:00:00,30.752186522494675,32721,1.0,1064.02,high,historical_dataset
2023-06-28T00:00:00,33.724488790238915,40852,1.0,1211.35,high,historical_dataset
2023-06-28T00:00:00,26.566538829992666,45167,1.0,1700.15,high,historical_dataset
2023-06-28T00:00:00,52.5400962515003,25391,1.0,483.27,low,historical_dataset
2023-06-28T00:00:00,22.68187148434685,39179,1.0,1727.33,high,historical_dataset
2023-06-28T00:00:00,43.3658117435702,6503,1.0,149.96,low,historical_dataset
2023-06-29T00:00:00,20.0,20405,1.0,1020.25,high,historical_dataset
2023-06-29T00:00:00,23.965061248365863,53275,1.0,2223.03,high,historical_dataset
2023-06-29T00:00:00,40.20521449659049,62412,1.0,1552.34,high,historical_dataset
2023-06-29T00:00:00,50.46575343161071,30301,1.0,600.43,medium,historical_dataset
2023-06-29T00:00:00,67.56901416773093,11015,1.0,163.02,low,historical_dataset
2023-06-29T00:00:00,35.47373118777124,46221,1.0,1302.96,high,historical_dataset
2023-06-29T00:00:00,52.88633368151176,10469,1.0,197.95,low,historical_dataset
2023-06-29T00:00:00,55.04492030255574,17006,1.0,308.95,low,historical_dataset
2023-06-30T00:00:00,31.21175065963229,32935,1.0,1055.21,high,historical_dataset
2023-06-30T00:00:00,49.815833644037475,21911,1.0,439.84,low,historical_dataset
2023-06-30T00:00:00,44.845543467204855,28205,1.0,628.94,medium,historical_dataset
2023-06-30T00:00:00,22.614159757399154,26713,1.0,1181.25,high,historical_dataset
2023-06-30T00:00:00,34.17949498156946,40910,1.0,1196.92,high,historical_dataset
2023-06-30T00:00:00,33.09408961450516,41831,1.0,1264.0,high,historical_dataset
2023-06-30T00:00:00,40.94070581314621,20663,1.0,504.71,medium,historical_dataset
2023-07-01T00:00:00,43.66372362197594,20626,1.0,472.38,low,historical_dataset
2023-07-01T00:00:00,28.449180567080532,27248,1.0,957.78,medium,historical_dataset
2023-07-01T00:00:00,40.0715475367125,23045,1.0,575.1,medium,historical_dataset
2023-07-01T00:00:00,48.339854618388955,15013,1.0,310.57,low,historical_dataset
2023-07-01T00:00:00,20.06762487836164,29721,1.0,1481.04,high,historical_dataset
2023-07-01T00:00:00,33.443446903810226,59793,1.0,1787.88,high,historical_dataset
2023-07-01T00:00:00,38.110487862720944,42336,1.0,1110.88,high,historical_dataset
2023-07-01T00:00:00,37.75515367169092,16880,1.0,447.09,low,historical_dataset
2023-07-01T00:00:00,50.02817658373435,19428,1.0,388.34,low,historical_dataset
2023-07-02T00:00:00,54.01676841457557,22143,1.0,409.93,low,historical_dataset
2023-07-02T00:00:00,55.23647212530091,12836,1.0,232.38,low,historical_dataset
2023-07-02T00:00:00,28.787302003729046,33619,1.0,1167.84,high,historical_dataset
2023-07-02T00:00:00,25.16008097143896,49262,1.0,1957.94,high,historical_dataset
2023-07-02T00:00:00,42.31036585922428,14680,1.0,346.96,low,historical_dataset
2023-07-02T00:00:00,34.507693048982986,21091,1.0,611.2,medium,historical_dataset
2023-07-02T00:00:00,49.45985743614996,23075,1.0,466.54,low,historical_dataset
2023-07-02T00:00:00,44.01951925777718,8853,1.0,201.12,low,historical_dataset
2023-07-02T00:00:00,41.61434264547106,11897,1.0,285.89,low,historical_dataset
2023-07-03T00:00:00,39.27642727072127,39753,1.0,1012.13,high,historical_dataset
2023-07-03T00:00:00,34.399449309252674,36349,1.0,1056.67,high,historical_dataset
2023-07-03T00:00:00,33.8212937907418,42853,1.0,1267.04,high,historical_dataset
2023-07-03T00:00:00,34.22453170914693,43886,1.0,1282.3,high,historical_dataset
2023-07-03T00:00:00,41.616224123708044,56287,1.0,1352.53,high,historical_dataset
2023-07-03T00:00:00,41.29395539753407,19102,1.0,462.59,low,historical_dataset
2023-07-03T00:00:00,54.12723381377127,19467,1.0,359.65,low,historical_dataset
2023-07-03T00:00:00,42.27195327267323,10025,1.0,237.15,low,historical_dataset
2023-07-04T00:00:00,20.0,53266,1.0,2663.3,high,historical_dataset
2023-07-04T00:00:00,43.954562774513434,9307,1.0,211.74,low,historical_dataset
2023-07-04T00:00:00,43.79102280649711,16423,1.0,375.03,low,historical_dataset
2023-07-04T00:00:00,30.34386684759311,47840,1.0,1576.6,high,historical_dataset
2023-07-04T00:00:00,20.0,50254,1.0,2512.7,high,historical_dataset
2023-07-04T00:00:00,54.69310179530957,24319,1.0,444.64,low,historical_dataset
2023-07-04T00:00:00,30.34759051156376,34490,1.0,1136.5,high,historical_dataset
2023-07-04T00:00:00,33.89207317108826,28048,1.0,827.57,medium,historical_dataset
2023-07-04T00:00:00,38.408833571065145,25963,1.0,675.96,medium,historical_dataset
2023-07-04T00:00:00,41.99043841874917,8848,1.0,210.71,low,historical_dataset
2023-07-05T00:00:00,32.723216452463774,27199,1.0,831.18,medium,historical_dataset
2023-07-05T00:00:00,45.883805162262455,20107,1.0,438.22,low,historical_dataset
2023-07-05T00:00:00,44.167463596645554,17336,1.0,392.51,low,historical_dataset
2023-07-05T00:00:00,59.38548793411073,28688,1.0,483.08,low,historical_dataset
2023-07-05T00:00:00,53.767312824270164,45044,1.0,837.76,medium,historical_dataset
2023-07-05T00:00:00,27.279399085938817,47340,1.0,1735.38,high,historical_dataset
2023-07-05T00:00:00,52.27968831394258,23041,1.0,440.73,low,historical_dataset
2023-07-05T00:00:00,46.92751818263293,12918,1.0,275.28,low,historical_dataset
2023-07-05T00:00:00,31.96433714390115,34598,1.0,1082.39,high,historical_dataset
2023-07-05T00:00:00,52.39655569555423,9823,1.0,187.47,low,historical_dataset
2023-07-05T00:00:00,36.961539342407455,14089,1.0,381.18,low,historical_dataset
2023-07-06T00:00:00,34.647528723902134,25701,1.0,741.78,medium,historical_dataset
2023-07-06T00:00:00,28.293684682353472,49541,1.0,1750.96,high,historical_dataset
2023-07-06T00:00:00,33.82640301778116,14745,1.0,435.9,low,historical_dataset
2023-07-06T00:00:00,27.53737015249368,37812,1.0,1373.12,high,historical_dataset
2023-07-06T00:00:00,58.46593358213974,12063,1.0,206.33,low,historical_dataset
2023-07-06T00:00:00,54.35313700994558,31457,1.0,578.75,medium,historical_dataset
2023-07-06T00:00:00,45.04610653250364,22276,1.0,494.52,low,historical_dataset
2023-07-07T00:00:00,29.341308877443176,54102,1.0,1843.89,high,historical_dataset
2023-07-07T00:00:00,37.90833977982342,24338,1.0,642.02,medium,historical_dataset
2023-07-07T00:00:00,35.19804417949717,28707,1.0,815.59,medium,historical_dataset
2023-07-07T00:00:00,62.35629063782435,30138,1.0,483.32,low,historical_dataset
2023-07-07T00:00:00,47.49628318822577,36693,1.0,772.54,medium,historical_dataset
2023-07-07T00:00:00,58.09975784497825,14017,1.0,241.26,low,historical_dataset
2023-07-08T00:00:00,53.89674600646589,22426,1.0,416.09,low,historical_dataset
2023-07-08T00:00:00,36.61588376964195,32759,1.0,894.67,medium,historical_dataset
2023-07-08T00:00:00,34.09580475493754,22429,1.0,657.82,medium,historical_dataset
2023-07-08T00:00:00,44.27923394265158,19832,1.0,447.88,low,historical_dataset
2023-07-08T00:00:00,45.085784718796795,8933,1.0,198.13,low,historical_dataset
2023-07-08T00:00:00,35.04450405359671,36383,1.0,1038.19,high,historical_dataset
2023-07-08T00:00:00,30.248433430514783,52603,1.0,1739.03,high,historical_dataset
2023-07-08T00:00:00,47.08494205190927,29946,1.0,636.0,medium,historical_dataset
2023-07-08T00:00:00,33.40108725114228,22859,1.0,684.38,medium,historical_dataset
2023-07-08T00:00:00,42.12770308417873,19909,1.0,472.59,low,historical_dataset
2023-07-08T00:00:00,37.568952849317334,20778,1.0,553.06,medium,historical_dataset
2023-07-08T00:00:00,32.92241921201287,25035,1.0,760.42,medium,historical_dataset
2023-07-09T00:00:00,32.58943835269528,24316,1.0,746.13,medium,historical_dataset
2023-07-09T00:00:00,23.702499086075903,32003,1.0,1350.2,high,historical_dataset
2023-07-09T00:00:00,40.30281765796682,13526,1.0,335.61,low,historical_dataset
2023-07-09T00:00:00,37.38818901382916,29656,1.0,793.19,medium,historical_dataset
2023-07-09T00:00:00,44.40104765798297,20948,1.0,471.79,low,historical_dataset
2023-07-09T00:00:00,24.086200971009198,39420,1.0,1636.62,high,historical_dataset
2023-07-09T00:00:00,35.00110933424953,27534,1.0,786.66,medium,historical_dataset
2023-07-09T00:00:00,25.691416152897922,28114,1.0,1094.3,high,historical_dataset
2023-07-09T00:00:00,28.97733968833517,28538,1.0,984.84,medium,historical_dataset
2023-07-10T00:00:00,50.72534760398189,45777,1.0,902.45,medium,historical_dataset
2023-07-10T00:00:00,28.80166381525125,23118,1.0,802.66,medium,historical_dataset
2023-07-10T00:00:00,42.845994300369725,14073,1.0,328.46,low,historical_dataset
2023-07-10T00:00:00,47.6042675217956,32118,1.0,674.69,medium,historical_dataset
2023-07-10T00:00:00,34.82430639908642,47989,1.0,1378.03,high,historical_dataset
2023-07-10T00:00:00,45.14011800130187,16290,1.0,360.88,low,historical_dataset
2023-07-10T00:00:00,62.14977333744509,11575,1.0,186.24,low,historical_dataset
2023-07-10T00:00:00,20.0,53422,1.0,2671.1,high,historical_dataset
2023-07-10T00:00:00,49.21919689432498,18772,1.0,381.4,low,historical_dataset
2023-07-10T00:00:00,28.297589577749438,30681,1.0,1084.23,high,historical_dataset
2023-07-10T00:00:00,39.549117011913495,12477,1.0,315.48,low,historical_dataset
2023-07-11T00:00:00,27.660418459405665,34425,1.0,1244.56,high,historical_dataset
2023-07-11T00:00:00,34.048697208017416,9790,1.0,287.53,low,historical_dataset
2023-07-11T00:00:00,49.06151796825761,16469,1.0,335.68,low,historical_dataset
2023-07-11T00:00:00,20.78455866489854,59189,1.0,2847.74,high,historical_dataset
2023-07-11T00:00:00,43.12484334200916,14182,1.0,328.86,low,historical_dataset
2023-07-11T00:00:00,20.0,16589,1.0,829.45,medium,historical_dataset
2023-07-11T00:00:00,32.78720859394396,38959,1.0,1188.24,high,historical_dataset
2023-07-11T00:00:00,26.29531910869171,36620,1.0,1392.64,high,historical_dataset
2023-07-11T00:00:00,47.27754729396918,23627,1.0,499.75,low,historical_dataset
2023-07-11T00:00:00,37.21281597195339,22108,1.0,594.1,medium,historical_dataset
2023-07-11T00:00:00,36.55939663652208,15307,1.0,418.69,low,historical_dataset
2023-07-12T00:00:00,20.0,38257,1.0,1912.85,high,historical_dataset
2023-07-12T00:00:00,33.28537058774536,13137,1.0,394.68,low,historical_dataset
2023-07-12T00:00:00,53.548956237246784,23154,1.0,432.39,low,historical_dataset
2023-07-12T00:00:00,25.318083002660657,32554,1.0,1285.8,high,historical_dataset
2023-07-12T00:00:00,20.54368809018316,27375,1.0,1332.53,high,historical_dataset
2023-07-12T00:00:00,26.322663052252324,46876,1.0,1780.82,high,historical_dataset
2023-07-12T00:00:00,58.57685762405313,5907,1.0,100.84,low,historical_dataset
2023-07-12T00:00:00,44.048709061083805,24806,1.0,563.15,medium,historical_dataset
2023-07-12T00:00:00,43.55933203069693,19047,1.0,437.27,low,historical_dataset
2023-07-13T00:00:00,35.00730854932851,22458,1.0,641.52,medium,historical_dataset
2023-07-13T00:00:00,39.6020611959749,47890,1.0,1209.28,high,historical_dataset
2023-07-13T00:00:00,55.77854923248945,49489,1.0,887.24,medium,historical_dataset
2023-07-13T00:00:00,42.01873209510385,25275,1.0,601.52,medium,historical_dataset
2023-07-13T00:00:00,43.66887650188392,39881,1.0,913.26,medium,historical_dataset
2023-07-13T00:00:00,34.09767746264894,41714,1.0,1223.37,high,historical_dataset
2023-07-13T00:00:00,57.528885180068194,20127,1.0,349.86,low,historical_dataset
2023-07-13T00:00:00,51.514101331344044,19294,1.0,374.54,low,historical_dataset
2023-07-13T00:00:00,40.84540009698992,31041,1.0,759.96,medium,historical_dataset
2023-07-14T00:00:00,35.3274658768826,35825,1.0,1014.08,high,historical_dataset
2023-07-14T00:00:00,58.465928694668136,17203,1.0,294.24,low,historical_dataset
2023-07-14T00:00:00,40.251763006665094,29034,1.0,721.31,medium,historical_dataset
2023-07-14T00:00:00,30.82279655781894,60293,1.0,1956.12,high,historical_dataset
2023-07-14T00:00:00,51.119202160419846,38747,1.0,757.97,medium,historical_dataset
2023-07-14T00:00:00,52.38463857538185,8282,1.0,158.1,low,historical_dataset
2023-07-14T00:00:00,55.113007294575716,22751,1.0,412.81,low,historical_dataset
2023-07-14T00:00:00,33.852876174379695,26666,1.0,787.7,medium,historical_dataset
2023-07-15T00:00:00,38.85666614054935,11417,1.0,293.82,low,historical_dataset
2023-07-15T00:00:00,38.26971519933102,25475,1.0,665.67,medium,historical_dataset
2023-07-15T00:00:00,23.493329861513555,30080,1.0,1280.36,high,historical_dataset
2023-07-15T00:00:00,50.70791045744856,61903,1.0,1220.78,high,historical_dataset
2023-07-15T00:00:00,47.92930652930447,13758,1.0,287.05,low,historical_dataset
2023-07-15T00:00:00,50.0968043570701,25799,1.0,514.98,medium,historical_dataset
2023-07-15T00:00:00,46.11373022506426,16292,1.0,353.3,low,historical_dataset
2023-07-15T00:00:00,32.857396039542785,27225,1.0,828.58,medium,historical_dataset
2023-07-15T00:00:00,41.44787408682469,18861,1.0,455.05,low,historical_dataset
2023-07-15T00:00:00,45.248082631052995,7329,1.0,161.97,low,historical_dataset
2023-07-16T00:00:00,41.57630473576165,11991,1.0,288.41,low,historical_dataset
2023-07-16T00:00:00,54.947370757524595,21574,1.0,392.63,low,historical_dataset
2023-07-16T00:00:00,39.39993384717464,22663,1.0,575.2,medium,historical_dataset
2023-07-16T00:00:00,48.301886368073966,29973,1.0,620.53,medium,historical_dataset
2023-07-16T00:00:00,29.503396624445642,28769,1.0,975.11,medium,historical_dataset
2023-07-16T00:00:00,51.917394602164904,24728,1.0,476.3,low,historical_dataset
2023-07-16T00:00:00,58.15438324338527,32541,1.0,559.56,medium,historical_dataset
2023-07-16T00:00:00,52.777496074404276,8050,1.0,152.53,low,historical_dataset
2023-07-16T00:00:00,40.55540121968753,19450,1.0,479.59,low,historical_dataset
2023-07-16T00:00:00,54.54068296865094,17709,1.0,324.69,low,historical_dataset
2023-07-16T00:00:00,35.69985290877945,34041,1.0,953.53,medium,historical_dataset
2023-07-17T00:00:00,21.149846748477977,25332,1.0,1197.74,high,historical_dataset
2023-07-17T00:00:00,39.39464506625483,37398,1.0,949.32,medium,historical_dataset
2023-07-17T00:00:00,34.60473350498386,58139,1.0,1680.09,high,historical_dataset
2023-07-17T00:00:00,41.685650332148604,40768,1.0,977.99,medium,historical_dataset
2023-07-17T00:00:00,49.304357382950165,25077,1.0,508.62,medium,historical_dataset
2023-07-17T00:00:00,21.753955087530105,39422,1.0,1812.18,high,historical_dataset
2023-07-17T00:00:00,49.797303609637055,23815,1.0,478.24,low,historical_dataset
2023-07-17T00:00:00,49.19892321061062,28816,1.0,585.7,medium,historical_dataset
2023-07-17T00:00:00,52.30727573549861,22451,1.0,429.21,low,historical_dataset
2023-07-18T00:00:00,40.33246459926168,24247,1.0,601.18,medium,historical_dataset
2023-07-18T00:00:00,34.83443368812992,34363,1.0,986.47,medium,historical_dataset
2023-07-18T00:00:00,56.439105839690825,12454,1.0,220.66,low,historical_dataset
2023-07-18T00:00:00,22.32820768397077,60192,1.0,2695.78,high,historical_dataset
2023-07-18T00:00:00,31.969436204245884,7654,1.0,239.42,low,historical_dataset
2023-07-18T00:00:00,46.322619673836385,29590,1.0,638.78,medium,historical_dataset
2023-07-18T00:00:00,51.13143194853731,17454,1.0,341.36,low,historical_dataset
2023-07-18T00:00:00,37.39656215251322,31487,1.0,841.98,medium,historical_dataset
2023-07-18T00:00:00,41.49752150541501,21959,1.0,529.16,medium,historical_dataset
2023-07-18T00:00:00,43.86867330912305,37885,1.0,863.6,medium,historical_dataset
2023-07-19T00:00:00,48.3138603026756,25170,1.0,520.97,medium,historical_dataset
2023-07-19T00:00:00,33.56825763939956,40275,1.0,1199.79,high,historical_dataset
2023-07-19T00:00:00,49.90366724058848,45046,1.0,902.66,medium,historical_dataset
2023-07-19T00:00:00,43.64364775731496,43598,1.0,998.95,medium,historical_dataset
2023-07-19T00:00:00,40.89448964184541,39561,1.0,967.39,medium,historical_dataset
2023-07-19T00:00:00,45.84496035974702,22417,1.0,488.97,low,historical_dataset
2023-07-19T00:00:00,33.08916053756185,19565,1.0,591.28,medium,historical_dataset
2023-07-19T00:00:00,46.2851208429487,27534,1.0,594.88,medium,historical_dataset
2023-07-20T00:00:00,27.036124351735936,22244,1.0,822.75,medium,historical_dataset
2023-07-20T00:00:00,20.517628478506232,43076,1.0,2099.46,high,historical_dataset
2023-07-20T00:00:00,22.399930336254833,46775,1.0,2088.18,high,historical_dataset
2023-07-20T00:00:00,53.0003275608336,45710,1.0,862.45,medium,historical_dataset
2023-07-20T00:00:00,21.835719001908892,41705,1.0,1909.94,high,historical_dataset
2023-07-20T00:00:00,26.50054857876254,28951,1.0,1092.47,high,historical_dataset
2023-07-20T00:00:00,20.0,23968,1.0,1198.4,high,historical_dataset
2023-07-20T00:00:00,71.3700363424731,16003,1.0,224.23,low,historical_dataset
2023-07-21T00:00:00,48.70997985841022,37246,1.0,764.65,medium,historical_dataset
2023-07-21T00:00:00,33.21348473165077,24043,1.0,723.89,medium,historical_dataset
2023-07-21T00:00:00,47.317738811389376,22627,1.0,478.19,low,historical_dataset
2023-07-21T00:00:00,25.393276071596087,31534,1.0,1241.82,high,historical_dataset
2023-07-21T00:00:00,20.0,50908,1.0,2545.4,high,historical_dataset
2023-07-21T00:00:00,43.64977711357625,13970,1.0,320.05,low,historical_dataset
2023-07-21T00:00:00,42.098161536238045,37754,1.0,896.81,medium,historical_dataset
2023-07-21T00:00:00,37.794066795961875,36232,1.0,958.67,medium,historical_dataset
2023-07-21T00:00:00,55.074287454326566,34605,1.0,628.33,medium,historical_dataset
2023-07-21T00:00:00,55.12457168765443,24384,1.0,442.34,low,historical_dataset
2023-07-21T00:00:00,48.111394844254534,9224,1.0,191.72,low,historical_dataset
2023-07-21T00:00:00,47.53601024221657,29339,1.0,617.2,medium,historical_dataset
2023-07-22T00:00:00,29.231806825810377,37557,1.0,1284.8,high,historical_dataset
2023-07-22T00:00:00,38.24031821058032,34576,1.0,904.18,medium,historical_dataset
2023-07-22T00:00:00,31.168295420198305,22164,1.0,711.11,medium,historical_dataset
2023-07-22T00:00:00,44.560828852699416,18889,1.0,423.89,low,historical_dataset
2023-07-22T00:00:00,39.540898277076494,41043,1.0,1037.99,high,historical_dataset
2023-07-22T00:00:00,46.35169543436543,60017,1.0,1294.82,high,historical_dataset
2023-07-22T00:00:00,22.01237293064414,39638,1.0,1800.71,high,historical_dataset
2023-07-22T00:00:00,49.95143015090457,13247,1.0,265.2,low,historical_dataset
2023-07-22T00:00:00,40.57275886977667,14604,1.0,359.95,low,historical_dataset
2023-07-22T00:00:00,33.032378669344936,35338,1.0,1069.8,high,historical_dataset
2023-07-22T00:00:00,47.334486071752394,6524,1.0,137.83,low,historical_dataset
2023-07-23T00:00:00,43.31844970334668,23585,1.0,544.46,medium,historical_dataset
2023-07-23T00:00:00,53.48002008848266,31691,1.0,592.58,medium,historical_dataset
2023-07-23T00:00:00,57.639687078991045,23474,1.0,407.25,low,historical_dataset
2023-07-23T00:00:00,35.561127138792806,61405,1.0,1726.75,high,historical_dataset
2023-07-23T00:00:00,20.0,46083,1.0,2304.15,high,historical_dataset
2023-07-23T00:00:00,51.04005062875693,25627,1.0,502.1,medium,historical_dataset
2023-07-23T00:00:00,28.976914802584684,38922,1.0,1343.21,high,historical_dataset
2023-07-23T00:00:00,34.28771009867957,39972,1.0,1165.78,high,historical_dataset
2023-07-23T00:00:00,45.2653236033108,17460,1.0,385.73,low,historical_dataset
2023-07-24T00:00:00,27.080680043089657,36023,1.0,1330.21,high,historical_dataset
2023-07-24T00:00:00,42.01135762023148,25643,1.0,610.38,medium,historical_dataset
2023-07-24T00:00:00,42.02832793129782,31521,1.0,749.99,medium,historical_dataset
2023-07-24T00:00:00,35.62182572679852,29015,1.0,814.53,medium,historical_dataset
2023-07-24T00:00:00,48.82918513042334,24224,1.0,496.1,low,historical_dataset
2023-07-24T00:00:00,36.82404013527007,42034,1.0,1141.48,high,historical_dataset
2023-07-24T00:00:00,36.30769565544171,53781,1.0,1481.26,high,historical_dataset
2023-07-24T00:00:00,52.04437980825841,20505,1.0,393.99,low,historical_dataset
2023-07-24T00:00:00,43.11952904651089,19109,1.0,443.16,low,historical_dataset
2023-07-25T00:00:00,40.65486905376682,38710,1.0,952.16,medium,historical_dataset
2023-07-25T00:00:00,32.0367907183017,26773,1.0,835.7,medium,historical_dataset
2023-07-25T00:00:00,31.813749281463497,28139,1.0,884.49,medium,historical_dataset
2023-07-25T00:00:00,26.011309015001864,39404,1.0,1514.88,high,historical_dataset
2023-07-25T00:00:00,30.065068033155995,41086,1.0,1366.57,high,historical_dataset
2023-07-25T00:00:00,41.75487285023777,7950,1.0,190.4,low,historical_dataset
2023-07-25T00:00:00,33.74929859283894,40176,1.0,1190.42,high,historical_dataset
2023-07-26T00:00:00,47.892489774478264,23895,1.0,498.93,low,historical_dataset
2023-07-26T00:00:00,51.57790383674808,49590,1.0,961.46,medium,historical_dataset
2023-07-26T00:00:00,48.025261181076814,14390,1.0,299.63,low,historical_dataset
2023-07-26T00:00:00,33.24747141788546,44533,1.0,1339.44,high,historical_dataset
2023-07-26T00:00:00,20.0,28962,1.0,1448.1,high,historical_dataset
2023-07-26T00:00:00,38.32532444887624,37340,1.0,974.29,medium,historical_dataset
2023-07-26T00:00:00,33.652964792099,26502,1.0,787.51,medium,historical_dataset
2023-07-26T00:00:00,34.52437434146157,27591,1.0,799.17,medium,historical_dataset
2023-07-26T00:00:00,50.55929473372638,9193,1.0,181.83,low,historical_dataset
2023-07-26T00:00:00,39.02528402301942,19033,1.0,487.71,low,historical_dataset
2023-07-26T00:00:00,37.953594264952805,10847,1.0,285.8,low,historical_dataset
2023-07-27T00:00:00,25.624034761912736,35199,1.0,1373.67,high,historical_dataset
2023-07-27T00:00:00,46.15223854111771,33349,1.0,722.59,medium,historical_dataset
2023-07-27T00:00:00,20.0,21445,1.0,1072.25,high,historical_dataset
2023-07-27T00:00:00,20.0,31076,1.0,1553.8,high,historical_dataset
2023-07-27T00:00:00,20.0,30326,1.0,1516.3,high,historical_dataset
2023-07-27T00:00:00,28.776995953547303,26722,1.0,928.59,medium,historical_dataset
2023-07-27T00:00:00,38.084165242310355,52519,1.0,1379.02,high,historical_dataset
2023-07-27T00:00:00,39.726329593518486,41597,1.0,1047.09,high,historical_dataset
2023-07-27T00:00:00,27.83206954896955,28331,1.0,1017.93,high,historical_dataset
2023-07-27T00:00:00,43.85488949732914,9562,1.0,218.04,low,historical_dataset
2023-07-27T00:00:00,32.254327810370945,29477,1.0,913.89,medium,historical_dataset
2023-07-28T00:00:00,45.357995897977865,25369,1.0,559.31,medium,historical_dataset
2023-07-28T00:00:00,38.71012994285991,37427,1.0,966.85,medium,historical_dataset
2023-07-28T00:00:00,42.47667160263024,26414,1.0,621.85,medium,historical_dataset
2023-07-28T00:00:00,20.0,65535,1.0,3276.75,high,historical_dataset
2023-07-28T00:00:00,35.86775052115867,39193,1.0,1092.71,high,historical_dataset
2023-07-28T00:00:00,33.68612319860276,32714,1.0,971.14,medium,historical_dataset
2023-07-28T00:00:00,52.763360088095126,9713,1.0,184.09,low,historical_dataset
2023-07-28T00:00:00,39.64512139235343,18297,1.0,461.52,low,historical_dataset
2023-07-28T00:00:00,42.11253776353808,18311,1.0,434.81,low,historical_dataset
2023-07-28T00:00:00,42.966470933811905,17426,1.0,405.57,low,historical_dataset
2023-07-29T00:00:00,29.515282122186,40005,1.0,1355.4,high,historical_dataset
2023-07-29T00:00:00,20.0,47838,1.0,2391.9,high,historical_dataset
2023-07-29T00:00:00,40.34602200454739,21688,1.0,537.55,medium,historical_dataset
2023-07-29T00:00:00,41.710511175432316,22036,1.0,528.31,medium,historical_dataset
2023-07-29T00:00:00,25.73165825420859,31949,1.0,1241.62,high,historical_dataset
2023-07-29T00:00:00,46.94986357450162,32046,1.0,682.56,medium,historical_dataset
2023-07-29T00:00:00,46.36907629037144,13134,1.0,283.25,low,historical_dataset
2023-07-29T00:00:00,57.728882167770195,19087,1.0,330.63,low,historical_dataset
2023-07-29T00:00:00,44.16718196549689,32588,1.0,737.83,medium,historical_dataset
2023-07-29T00:00:00,27.896598345953834,31712,1.0,1136.77,high,historical_dataset
2023-07-29T00:00:00,34.1037252608561,40808,1.0,1196.58,high,historical_dataset
2023-07-30T00:00:00,21.972178699328893,52222,1.0,2376.73,high,historical_dataset
2023-07-30T00:00:00,36.656734537384594,30150,1.0,822.5,medium,historical_dataset
2023-07-30T00:00:00,46.77617736045108,11347,1.0,242.58,low,historical_dataset
2023-07-30T00:00:00,33.49078719508045,27393,1.0,817.93,medium,historical_dataset
2023-07-30T00:00:00,41.755847768132725,43253,1.0,1035.85,high,historical_dataset
2023-07-30T00:00:00,35.18888721983167,13027,1.0,370.2,low,historical_dataset
2023-07-30T00:00:00,60.223514204004104,10349,1.0,171.84,low,historical_dataset
2023-07-30T00:00:00,41.97540244395969,24665,1.0,587.61,medium,historical_dataset
2023-07-30T00:00:00,28.783858849436506,39204,1.0,1362.01,high,historical_dataset
2023-07-30T00:00:00,38.41334058556404,36806,1.0,958.16,medium,historical_dataset
2023-07-30T00:00:00,33.72952003209453,10694,1.0,317.05,low,historical_dataset
2023-07-30T00:00:00,50.072682295016655,29568,1.0,590.5,medium,historical_dataset
2023-07-31T00:00:00,40.47524937520873,24062,1.0,594.49,medium,historical_dataset
2023-07-31T00:00:00,63.25892141955402,12394,1.0,195.92,low,historical_dataset
2023-07-31T00:00:00,43.76640000897582,19731,1.0,450.83,low,historical_dataset
2023-07-31T00:00:00,51.72265585953971,48868,1.0,944.81,medium,historical_dataset
2023-07-31T00:00:00,37.868999307310546,31167,1.0,823.02,medium,historical_dataset
2023-07-31T00:00:00,52.520714479839704,12460,1.0,237.24,low,historical_dataset
2023-07-31T00:00:00,51.750993442350065,22294,1.0,430.79,low,historical_dataset
2023-07-31T00:00:00,20.0,34185,1.0,1709.25,high,historical_dataset
2023-07-31T00:00:00,34.41939794344154,30272,1.0,879.5,medium,historical_dataset
2023-08-01T00:00:00,45.09265951922241,22729,1.0,504.05,medium,historical_dataset
2023-08-01T00:00:00,38.75681081178161,27637,1.0,713.09,medium,historical_dataset
2023-08-01T00:00:00,45.6429263953606,41056,1.0,899.5,medium,historical_dataset
2023-08-01T00:00:00,45.752456785244796,17890,1.0,391.02,low,historical_dataset
2023-08-01T00:00:00,36.53010048044268,48650,1.0,1331.78,high,historical_dataset
2023-08-01T00:00:00,21.99413725388007,15570,1.0,707.92,medium,historical_dataset
2023-08-01T00:00:00,23.88563604675395,34602,1.0,1448.65,high,historical_dataset
2023-08-01T00:00:00,34.056172996081685,40973,1.0,1203.1,high,historical_dataset
2023-08-01T00:00:00,30.587453373553878,28318,1.0,925.8,medium,historical_dataset
2023-08-01T00:00:00,52.07558871850553,18152,1.0,348.57,low,historical_dataset
2023-08-01T00:00:00,39.975699639945276,47271,1.0,1182.49,high,historical_dataset
2023-08-01T00:00:00,24.26171100829508,23648,1.0,974.7,medium,historical_dataset
2023-08-02T00:00:00,34.571943869579904,39967,1.0,1156.05,high,historical_dataset
2023-08-02T00:00:00,20.0,25464,1.0,1273.2,high,historical_dataset
2023-08-02T00:00:00,38.30045962187542,68275,1.0,1782.62,high,historical_dataset
2023-08-02T00:00:00,33.92698253389431,48207,1.0,1420.9,high,historical_dataset
2023-08-02T00:00:00,39.6230178684434,43586,1.0,1100.02,high,historical_dataset
2023-08-02T00:00:00,34.91923334942379,30385,1.0,870.15,medium,historical_dataset
2023-08-02T00:00:00,38.283132095234286,33016,1.0,862.42,medium,historical_dataset
2023-08-02T00:00:00,41.95681621925752,31481,1.0,750.32,medium,historical_dataset
2023-08-02T00:00:00,63.27112982105997,22373,1.0,353.61,low,historical_dataset
2023-08-03T00:00:00,28.84146329807035,31832,1.0,1103.69,high,historical_dataset
2023-08-03T00:00:00,30.97718224642899,24246,1.0,782.71,medium,historical_dataset
2023-08-03T00:00:00,39.67668705198856,6181,1.0,155.78,low,historical_dataset
2023-08-03T00:00:00,40.708912307520734,21901,1.0,537.99,medium,historical_dataset
2023-08-03T00:00:00,30.054674671964097,31590,1.0,1051.08,high,historical_dataset
2023-08-03T00:00:00,45.96523416022588,32628,1.0,709.84,medium,historical_dataset
2023-08-03T00:00:00,29.996428823421752,48222,1.0,1607.59,high,historical_dataset
2023-08-03T00:00:00,44.74803292576335,26389,1.0,589.72,medium,historical_dataset
2023-08-03T00:00:00,41.56630858394288,26540,1.0,638.5,medium,historical_dataset
2023-08-03T00:00:00,41.173649046423805,30636,1.0,744.07,medium,historical_dataset
2023-08-03T00:00:00,30.50201144143571,37864,1.0,1241.36,high,historical_dataset
2023-08-03T00:00:00,42.37019367889519,20140,1.0,475.33,low,historical_dataset
2023-08-03T00:00:00,64.20461735992576,24631,1.0,383.63,low,historical_dataset
2023-08-03T00:00:00,63.673818196510354,23435,1.0,368.05,low,historical_dataset
2023-08-04T00:00:00,29.58780019229116,49518,1.0,1673.6,high,historical_dataset
2023-08-04T00:00:00,32.051096360696654,50387,1.0,1572.08,high,historical_dataset
2023-08-04T00:00:00,42.52049386236851,16697,1.0,392.68,low,historical_dataset
2023-08-04T00:00:00,32.09807209966899,27815,1.0,866.56,medium,historical_dataset
2023-08-04T00:00:00,40.21963608708358,23003,1.0,571.93,medium,historical_dataset
2023-08-04T00:00:00,43.60176238904832,10782,1.0,247.28,low,historical_dataset
2023-08-04T00:00:00,43.58794278990576,24044,1.0,551.62,medium,historical_dataset
2023-08-04T00:00:00,24.23873304540872,45939,1.0,1895.27,high,historical_dataset
2023-08-04T00:00:00,32.52589401842771,29111,1.0,895.01,medium,historical_dataset
2023-08-04T00:00:00,40.05443687234259,28347,1.0,707.71,medium,historical_dataset
2023-08-04T00:00:00,36.91157306932659,34113,1.0,924.18,medium,historical_dataset
2023-08-04T00:00:00,41.87692582760419,23938,1.0,571.63,medium,historical_dataset
2023-08-05T00:00:00,38.59797185748455,25698,1.0,665.79,medium,historical_dataset
2023-08-05T00:00:00,48.393182314426845,10830,1.0,223.79,low,historical_dataset
2023-08-05T00:00:00,50.38014552482129,25029,1.0,496.8,low,historical_dataset
2023-08-05T00:00:00,39.581736012452666,27640,1.0,698.3,medium,historical_dataset
2023-08-05T00:00:00,35.95349029440443,28564,1.0,794.47,medium,historical_dataset
2023-08-05T00:00:00,23.974627638364872,38123,1.0,1590.14,high,historical_dataset
2023-08-05T00:00:00,24.586867807110032,35331,1.0,1436.99,high,historical_dataset
2023-08-05T00:00:00,34.65637886375746,32195,1.0,928.98,medium,historical_dataset
2023-08-05T00:00:00,22.201825263095134,32157,1.0,1448.39,high,historical_dataset
2023-08-05T00:00:00,55.256398862146916,20238,1.0,366.26,low,historical_dataset
2023-08-06T00:00:00,35.8987808026252,55034,1.0,1533.03,high,historical_dataset
2023-08-06T00:00:00,37.54482727542777,8437,1.0,224.72,low,historical_dataset
2023-08-06T00:00:00,22.420701401035117,55017,1.0,2453.85,high,historical_dataset
2023-08-06T00:00:00,57.41226925120117,18180,1.0,316.66,low,historical_dataset
2023-08-06T00:00:00,45.854014737129376,46665,1.0,1017.69,high,historical_dataset
2023-08-06T00:00:00,52.70796104808332,39538,1.0,750.13,medium,historical_dataset
2023-08-06T00:00:00,45.74975209929663,27409,1.0,599.11,medium,historical_dataset
2023-08-06T00:00:00,42.29211324875593,35783,1.0,846.09,medium,historical_dataset
2023-08-06T00:00:00,46.54177823975581,31236,1.0,671.14,medium,historical_dataset
2023-08-06T00:00:00,44.50070333995025,7525,1.0,169.1,low,historical_dataset
2023-08-07T00:00:00,51.65037717171441,27828,1.0,538.78,medium,historical_dataset
2023-08-07T00:00:00,29.19183028413496,44144,1.0,1512.2,high,historical_dataset
2023-08-07T00:00:00,33.90467995213076,28215,1.0,832.19,medium,historical_dataset
2023-08-07T00:00:00,54.243761589284034,14441,1.0,266.22,low,historical_dataset
2023-08-07T00:00:00,30.90362513676144,17869,1.0,578.22,medium,historical_dataset
2023-08-07T00:00:00,40.22462294213351,27312,1.0,678.99,medium,historical_dataset
2023-08-07T00:00:00,29.420909569995477,41839,1.0,1422.08,high,historical_dataset
2023-08-07T00:00:00,20.0,28026,1.0,1401.3,high,historical_dataset
2023-08-07T00:00:00,42.262008070464645,9426,1.0,223.04,low,historical_dataset
2023-08-07T00:00:00,43.44007185550197,8912,1.0,205.16,low,historical_dataset
2023-08-07T00:00:00,42.02374532288165,18223,1.0,433.64,low,historical_dataset
2023-08-08T00:00:00,36.669065092703384,29901,1.0,815.43,medium,historical_dataset
2023-08-08T00:00:00,39.923984319559885,35080,1.0,878.67,medium,historical_dataset
2023-08-08T00:00:00,20.0,27234,1.0,1361.7,high,historical_dataset
2023-08-08T00:00:00,34.22029190204206,27670,1.0,808.58,medium,historical_dataset
2023-08-08T00:00:00,39.74539832483074,52113,1.0,1311.17,high,historical_dataset
2023-08-08T00:00:00,38.606938076929424,25516,1.0,660.92,medium,historical_dataset
2023-08-08T00:00:00,47.38273698472983,39136,1.0,825.95,medium,historical_dataset
2023-08-08T00:00:00,34.53907512434928,14226,1.0,411.88,low,historical_dataset
2023-08-09T00:00:00,42.813209257650186,25543,1.0,596.61,medium,historical_dataset
2023-08-09T00:00:00,29.733074924781576,47533,1.0,1598.66,high,historical_dataset
2023-08-09T00:00:00,27.424294232649437,35602,1.0,1298.19,high,historical_dataset
2023-08-09T00:00:00,37.51378475080772,14586,1.0,388.82,low,historical_dataset
2023-08-09T00:00:00,43.74785835986199,26614,1.0,608.35,medium,historical_dataset
2023-08-09T00:00:00,55.576359796224494,16876,1.0,303.65,low,historical_dataset
2023-08-09T00:00:00,31.09217447665131,20568,1.0,661.52,medium,historical_dataset
2023-08-09T00:00:00,41.91065632946079,31453,1.0,750.48,medium,historical_dataset
2023-08-10T00:00:00,22.62330604604847,26750,1.0,1182.41,high,historical_dataset
2023-08-10T00:00:00,55.92040386661063,25022,1.0,447.46,low,historical_dataset
2023-08-10T00:00:00,23.543595434845887,33015,1.0,1402.29,high,historical_dataset
2023-08-10T00:00:00,45.682958513375624,36281,1.0,794.19,medium,historical_dataset
2023-08-10T00:00:00,38.14458106761082,31207,1.0,818.12,medium,historical_dataset
2023-08-10T00:00:00,30.618823124666516,42102,1.0,1375.04,high,historical_dataset
2023-08-10T00:00:00,20.0,25684,1.0,1284.2,high,historical_dataset
2023-08-10T00:00:00,50.75614878868417,8580,1.0,169.04,low,historical_dataset
2023-08-10T00:00:00,41.735034885377885,17097,1.0,409.66,low,historical_dataset
2023-08-10T00:00:00,49.64636571952249,12590,1.0,253.59,low,historical_dataset
2023-08-11T00:00:00,30.748515485592826,23952,1.0,778.96,medium,historical_dataset
2023-08-11T00:00:00,30.382244976868506,42988,1.0,1414.91,high,historical_dataset
2023-08-11T00:00:00,51.7256334857728,6077,1.0,117.49,low,historical_dataset
2023-08-11T00:00:00,34.361919115232546,56283,1.0,1637.95,high,historical_dataset
2023-08-11T00:00:00,22.45700644672516,42393,1.0,1887.74,high,historical_dataset
2023-08-11T00:00:00,63.59446838440792,8051,1.0,126.6,low,historical_dataset
2023-08-11T00:00:00,46.10944686252406,42094,1.0,912.91,medium,historical_dataset
2023-08-11T00:00:00,42.75954347027035,26636,1.0,622.93,medium,historical_dataset
2023-08-11T00:00:00,52.01120749415343,16890,1.0,324.74,low,historical_dataset
2023-08-12T00:00:00,26.178657197062318,37319,1.0,1425.55,high,historical_dataset
2023-08-12T00:00:00,33.08487254909013,42635,1.0,1288.66,high,historical_dataset
2023-08-12T00:00:00,28.906038425296476,12376,1.0,428.15,low,historical_dataset
2023-08-12T00:00:00,29.08058785846729,31386,1.0,1079.28,high,historical_dataset
2023-08-12T00:00:00,40.814926256900954,53962,1.0,1322.11,high,historical_dataset
2023-08-12T00:00:00,38.56076634449271,42182,1.0,1093.91,high,historical_dataset
2023-08-12T00:00:00,22.691534202890256,31430,1.0,1385.1,high,historical_dataset
2023-08-12T00:00:00,30.05539372955234,18903,1.0,628.94,medium,historical_dataset
2023-08-12T00:00:00,51.75928839966035,23383,1.0,451.76,low,historical_dataset
2023-08-13T00:00:00,59.578411870786155,23928,1.0,401.62,low,historical_dataset
2023-08-13T00:00:00,45.4101639626907,35384,1.0,779.21,medium,historical_dataset
2023-08-13T00:00:00,45.73413727280658,7324,1.0,160.14,low,historical_dataset
2023-08-13T00:00:00,40.1739218584656,23394,1.0,582.32,medium,historical_dataset
2023-08-13T00:00:00,39.897057750254255,33821,1.0,847.71,medium,historical_dataset
2023-08-13T00:00:00,43.161355510589594,29422,1.0,681.67,medium,historical_dataset
2023-08-13T00:00:00,20.45327594474456,40151,1.0,1963.06,high,historical_dataset
2023-08-13T00:00:00,31.403057701447796,16577,1.0,527.88,medium,historical_dataset
2023-08-13T00:00:00,35.6524411787981,23049,1.0,646.49,medium,historical_dataset
2023-08-13T00:00:00,44.51559693090645,21536,1.0,483.79,low,historical_dataset
2023-08-14T00:00:00,43.89889329541606,23687,1.0,539.58,medium,historical_dataset
2023-08-14T00:00:00,34.820137993897156,32747,1.0,940.46,medium,historical_dataset
2023-08-14T00:00:00,43.47144348229622,13317,1.0,306.34,low,historical_dataset
2023-08-14T00:00:00,46.507336298138746,16225,1.0,348.87,low,historical_dataset
2023-08-14T00:00:00,20.0,27336,1.0,1366.8,high,historical_dataset
2023-08-14T00:00:00,26.07857181198169,55736,1.0,2137.23,high,historical_dataset
2023-08-14T00:00:00,29.890318210324285,25188,1.0,842.68,medium,historical_dataset
2023-08-14T00:00:00,29.936791931392307,18208,1.0,608.21,medium,historical_dataset
2023-08-14T00:00:00,26.26677847800234,48827,1.0,1858.89,high,historical_dataset
2023-08-15T00:00:00,42.45573412754503,34375,1.0,809.67,medium,historical_dataset
2023-08-15T00:00:00,35.51350025051393,34896,1.0,982.61,medium,historical_dataset
2023-08-15T00:00:00,41.933754789635394,27874,1.0,664.72,medium,historical_dataset
2023-08-15T00:00:00,20.0,41972,1.0,2098.6,high,historical_dataset
2023-08-15T00:00:00,53.03373834903552,7118,1.0,134.22,low,historical_dataset
2023-08-15T00:00:00,46.69876360570776,24410,1.0,522.71,medium,historical_dataset
2023-08-15T00:00:00,48.76611731775382,18691,1.0,383.28,low,historical_dataset
2023-08-15T00:00:00,24.89886052082511,36117,1.0,1450.55,high,historical_dataset
2023-08-15T00:00:00,54.93731487015777,22885,1.0,416.57,low,historical_dataset
2023-08-15T00:00:00,55.6357780058958,22383,1.0,402.31,low,historical_dataset
2023-08-16T00:00:00,41.326283106614554,22320,1.0,540.09,medium,historical_dataset
2023-08-16T00:00:00,42.949998188902775,12980,1.0,302.21,low,historical_dataset
2023-08-16T00:00:00,44.746071716111324,25855,1.0,577.82,medium,historical_dataset
2023-08-16T00:00:00,44.140492785957434,13226,1.0,299.63,low,historical_dataset
2023-08-16T00:00:00,39.36524840081591,39677,1.0,1007.92,high,historical_dataset
2023-08-16T00:00:00,33.7242673293359,20011,1.0,593.37,medium,historical_dataset
2023-08-16T00:00:00,29.221865908233127,18187,1.0,622.38,medium,historical_dataset
2023-08-16T00:00:00,45.20728938340477,10097,1.0,223.35,low,historical_dataset
2023-08-17T00:00:00,26.45579430018813,38297,1.0,1447.58,high,historical_dataset
2023-08-17T00:00:00,43.6982128267945,10852,1.0,248.34,low,historical_dataset
2023-08-17T00:00:00,46.36969866860189,39676,1.0,855.64,medium,historical_dataset
2023-08-17T00:00:00,51.92121185682323,14036,1.0,270.33,low,historical_dataset
2023-08-17T00:00:00,50.830832529923455,22992,1.0,452.32,low,historical_dataset
2023-08-17T00:00:00,28.880004365858134,43210,1.0,1496.19,high,historical_dataset
2023-08-17T00:00:00,65.72098425695094,19880,1.0,302.49,low,historical_dataset
2023-08-17T00:00:00,40.255420839998145,38377,1.0,953.34,medium,historical_dataset
2023-08-17T00:00:00,54.14678783712384,14127,1.0,260.9,low,historical_dataset
2023-08-18T00:00:00,32.08797323344041,25251,1.0,786.93,medium,historical_dataset
2023-08-18T00:00:00,38.249012492067365,46075,1.0,1204.61,high,historical_dataset
2023-08-18T00:00:00,37.448208895958494,12480,1.0,333.26,low,historical_dataset
2023-08-18T00:00:00,24.732953168535623,36232,1.0,1464.93,high,historical_dataset
2023-08-18T00:00:00,50.39685728691671,22353,1.0,443.54,low,historical_dataset
2023-08-18T00:00:00,32.05692824818641,28827,1.0,899.24,medium,historical_dataset
2023-08-18T00:00:00,42.931200406029305,19351,1.0,450.74,low,historical_dataset
2023-08-19T00:00:00,50.7492774233745,31910,1.0,628.78,medium,historical_dataset
2023-08-19T00:00:00,35.09586918029003,26844,1.0,764.88,medium,historical_dataset
2023-08-19T00:00:00,41.53019818941833,16313,1.0,392.8,low,historical_dataset
2023-08-19T00:00:00,53.73454524415311,14761,1.0,274.7,low,historical_dataset
2023-08-19T00:00:00,47.7857567583384,26585,1.0,556.34,medium,historical_dataset
2023-08-19T00:00:00,38.97551609944116,25815,1.0,662.34,medium,historical_dataset
2023-08-19T00:00:00,39.32259895582968,40510,1.0,1030.2,high,historical_dataset
2023-08-19T00:00:00,50.23394151427095,19348,1.0,385.16,low,historical_dataset
2023-08-19T00:00:00,66.31452075870544,17403,1.0,262.43,low,historical_dataset
2023-08-19T00:00:00,33.64655412141225,31566,1.0,938.16,medium,historical_dataset
2023-08-20T00:00:00,26.070904303339574,37851,1.0,1451.85,high,historical_dataset
2023-08-20T00:00:00,34.802108129932584,15011,1.0,431.32,low,historical_dataset
2023-08-20T00:00:00,38.04340082450871,15783,1.0,414.87,low,historical_dataset
2023-08-20T00:00:00,41.723864339034634,49257,1.0,1180.55,high,historical_dataset
2023-08-20T00:00:00,43.27745253323447,36343,1.0,839.77,medium,historical_dataset
2023-08-20T00:00:00,53.60501387572802,43257,1.0,806.96,medium,historical_dataset
2023-08-20T00:00:00,38.78460920834805,14803,1.0,381.67,low,historical_dataset
2023-08-20T00:00:00,20.0,28042,1.0,1402.1,high,historical_dataset
2023-08-20T00:00:00,38.756296192001976,35058,1.0,904.58,medium,historical_dataset
2023-08-21T00:00:00,52.5261898297289,11500,1.0,218.94,low,historical_dataset
2023-08-21T00:00:00,34.410161466412646,33911,1.0,985.49,medium,historical_dataset
2023-08-21T00:00:00,58.48598834963968,21905,1.0,374.53,low,historical_dataset
2023-08-21T00:00:00,22.525800190118666,30798,1.0,1367.23,high,historical_dataset
2023-08-21T00:00:00,20.633712001943035,28725,1.0,1392.14,high,historical_dataset
2023-08-21T00:00:00,51.84250960471361,12444,1.0,240.03,low,historical_dataset
2023-08-21T00:00:00,24.4974072933861,40421,1.0,1650.01,high,historical_dataset
2023-08-21T00:00:00,35.235162025531935,16344,1.0,463.85,low,historical_dataset
2023-08-21T00:00:00,23.56552774543197,39824,1.0,1689.93,high,historical_dataset
2023-08-21T00:00:00,26.34100200082515,22530,1.0,855.32,medium,historical_dataset
2023-08-21T00:00:00,32.63557182423533,8874,1.0,271.91,low,historical_dataset
2023-08-22T00:00:00,56.162753506486396,22030,1.0,392.25,low,historical_dataset
2023-08-22T00:00:00,34.47669393968486,52996,1.0,1537.15,high,historical_dataset
2023-08-22T00:00:00,57.37949310410532,15712,1.0,273.83,low,historical_dataset
2023-08-22T00:00:00,20.14568435016966,31101,1.0,1543.8,high,historical_dataset
2023-08-22T00:00:00,37.11764257360669,40303,1.0,1085.82,high,historical_dataset
2023-08-22T00:00:00,25.102318448145304,25183,1.0,1003.21,high,historical_dataset
2023-08-22T00:00:00,34.94745321367623,37526,1.0,1073.78,high,historical_dataset
2023-08-22T00:00:00,41.85332263699403,27415,1.0,655.03,medium,historical_dataset
2023-08-22T00:00:00,24.794484604132535,42707,1.0,1722.44,high,historical_dataset
2023-08-22T00:00:00,57.418785216010214,14495,1.0,252.44,low,historical_dataset
2023-08-23T00:00:00,24.26597179804782,47373,1.0,1952.24,high,historical_dataset
2023-08-23T00:00:00,52.94629157795498,56361,1.0,1064.49,high,historical_dataset
2023-08-23T00:00:00,29.396044305557794,28420,1.0,966.8,medium,historical_dataset
2023-08-23T00:00:00,48.475670388435255,16935,1.0,349.35,low,historical_dataset
2023-08-23T00:00:00,42.21796685154854,32693,1.0,774.39,medium,historical_dataset
2023-08-23T00:00:00,46.418419113218604,41135,1.0,886.18,medium,historical_dataset
2023-08-23T00:00:00,27.189662627043806,26840,1.0,987.14,medium,historical_dataset
2023-08-23T00:00:00,33.652683561678394,42202,1.0,1254.05,high,historical_dataset
2023-08-23T00:00:00,45.585373205950084,19000,1.0,416.8,low,historical_dataset
2023-08-23T00:00:00,41.795617799439725,21447,1.0,513.14,medium,historical_dataset
2023-08-23T00:00:00,62.713065900604505,13812,1.0,220.24,low,historical_dataset
2023-08-24T00:00:00,45.5953119867543,37184,1.0,815.52,medium,historical_dataset
2023-08-24T00:00:00,30.09225593652957,38235,1.0,1270.59,high,historical_dataset
2023-08-24T00:00:00,43.190047475706606,24237,1.0,561.17,medium,historical_dataset
2023-08-24T00:00:00,58.96397816829032,50094,1.0,849.57,medium,historical_dataset
2023-08-24T00:00:00,51.67753500814683,15382,1.0,297.65,low,historical_dataset
2023-08-24T00:00:00,57.106388721603324,24334,1.0,426.12,low,historical_dataset
2023-08-24T00:00:00,29.150417406383717,15951,1.0,547.2,medium,historical_dataset
2023-08-24T00:00:00,34.28040701551154,36101,1.0,1053.11,high,historical_dataset
2023-08-24T00:00:00,24.190884304999777,30308,1.0,1252.87,high,historical_dataset
2023-08-24T00:00:00,26.336386484775417,42595,1.0,1617.34,high,historical_dataset
2023-08-24T00:00:00,43.823403821692665,25014,1.0,570.79,medium,historical_dataset
2023-08-24T00:00:00,40.709847428474745,15293,1.0,375.66,low,historical_dataset
2023-08-25T00:00:00,47.835494787676474,43778,1.0,915.18,medium,historical_dataset
2023-08-25T00:00:00,72.89974542579527,26084,1.0,357.81,low,historical_dataset
2023-08-25T00:00:00,25.87301621029149,30900,1.0,1194.29,high,historical_dataset
2023-08-25T00:00:00,56.085599939358076,23471,1.0,418.49,low,historical_dataset
2023-08-25T00:00:00,39.958215009529205,27207,1.0,680.89,medium,historical_dataset
2023-08-25T00:00:00,56.38269647943976,32934,1.0,584.12,medium,historical_dataset
2023-08-25T00:00:00,51.00583586160616,21292,1.0,417.44,low,historical_dataset
2023-08-25T00:00:00,39.2697803185101,18279,1.0,465.47,low,historical_dataset
2023-08-26T00:00:00,27.371508467419105,34852,1.0,1273.29,high,historical_dataset
2023-08-26T00:00:00,54.10995615714493,37418,1.0,691.52,medium,historical_dataset
2023-08-26T00:00:00,66.48443668661855,20966,1.0,315.35,low,historical_dataset
2023-08-26T00:00:00,36.69243087321945,62636,1.0,1707.06,high,historical_dataset
2023-08-26T00:00:00,21.97763628556057,64203,1.0,2921.29,high,historical_dataset
2023-08-26T00:00:00,51.46138184294526,58576,1.0,1138.25,high,historical_dataset
2023-08-26T00:00:00,61.408988184030385,16475,1.0,268.28,low,historical_dataset
2023-08-26T00:00:00,52.31261921806995,32528,1.0,621.8,medium,historical_dataset
2023-08-26T00:00:00,55.65253182675023,8541,1.0,153.47,low,historical_dataset
2023-08-26T00:00:00,45.00337255748689,14973,1.0,332.71,low,historical_dataset
2023-08-27T00:00:00,37.49819769807359,41526,1.0,1107.41,high,historical_dataset
2023-08-27T00:00:00,48.29086831941524,33281,1.0,689.18,medium,historical_dataset
2023-08-27T00:00:00,44.03120402086968,46299,1.0,1051.5,high,historical_dataset
2023-08-27T00:00:00,41.07700203122408,31457,1.0,765.81,medium,historical_dataset
2023-08-27T00:00:00,37.60291588773154,53106,1.0,1412.28,high,historical_dataset
2023-08-27T00:00:00,49.56202527815205,35721,1.0,720.73,medium,historical_dataset
2023-08-27T00:00:00,20.0,26630,1.0,1331.5,high,historical_dataset
2023-08-27T00:00:00,49.872303275560455,23500,1.0,471.2,low,historical_dataset
2023-08-27T00:00:00,30.076571729964975,34000,1.0,1130.45,high,historical_dataset
2023-08-27T00:00:00,38.70972219424507,31666,1.0,818.04,medium,historical_dataset
2023-08-28T00:00:00,38.228779519884895,22337,1.0,584.3,medium,historical_dataset
2023-08-28T00:00:00,64.0708814459458,35060,1.0,547.21,medium,historical_dataset
2023-08-28T00:00:00,56.611623512700476,17133,1.0,302.64,low,historical_dataset
2023-08-28T00:00:00,40.227702105186715,66958,1.0,1664.47,high,historical_dataset
2023-08-28T00:00:00,35.78581320741384,60076,1.0,1678.77,high,historical_dataset
2023-08-28T00:00:00,43.91439192553512,56511,1.0,1286.84,high,historical_dataset
2023-08-28T00:00:00,25.011966676692175,39271,1.0,1570.09,high,historical_dataset
2023-08-28T00:00:00,25.000786448024236,26407,1.0,1056.25,high,historical_dataset
2023-08-28T00:00:00,26.85207643568279,25665,1.0,955.79,medium,historical_dataset
2023-08-28T00:00:00,46.58346730232222,31384,1.0,673.72,medium,historical_dataset
2023-08-28T00:00:00,48.04897596604099,24337,1.0,506.5,medium,historical_dataset
2023-08-29T00:00:00,20.0,21274,1.0,1063.7,high,historical_dataset
2023-08-29T00:00:00,40.07587153327599,45405,1.0,1132.98,high,historical_dataset
2023-08-29T00:00:00,30.47065956710816,27802,1.0,912.42,medium,historical_dataset
2023-08-29T00:00:00,46.51904809204422,8449,1.0,181.62,low,historical_dataset
2023-08-29T00:00:00,48.85893715933575,61041,1.0,1249.33,high,historical_dataset
2023-08-29T00:00:00,24.414080195834273,44971,1.0,1842.01,high,historical_dataset
2023-08-29T00:00:00,46.40290037381455,19325,1.0,416.46,low,historical_dataset
2023-08-29T00:00:00,35.35458358413502,36612,1.0,1035.57,high,historical_dataset
2023-08-29T00:00:00,42.591304426766435,36036,1.0,846.09,medium,historical_dataset
2023-08-29T00:00:00,27.299915908992975,15690,1.0,574.73,medium,historical_dataset
2023-08-29T00:00:00,37.906481890577034,38145,1.0,1006.29,high,historical_dataset
2023-08-29T00:00:00,39.347556346786206,13714,1.0,348.53,low,historical_dataset
2023-08-30T00:00:00,50.167602820691684,10587,1.0,211.03,low,historical_dataset
2023-08-30T00:00:00,32.54333091676295,26619,1.0,817.96,medium,historical_dataset
2023-08-30T00:00:00,23.751888531170568,37612,1.0,1583.54,high,historical_dataset
2023-08-30T00:00:00,25.526647357711035,43513,1.0,1704.61,high,historical_dataset
2023-08-30T00:00:00,43.34164490148586,20229,1.0,466.73,low,historical_dataset
2023-08-30T00:00:00,39.33846547952927,41070,1.0,1044.02,high,historical_dataset
2023-08-30T00:00:00,26.377773161917517,61554,1.0,2333.56,high,historical_dataset
2023-08-30T00:00:00,32.56901424616975,27228,1.0,836.01,medium,historical_dataset
2023-08-30T00:00:00,25.252404041399906,29798,1.0,1180.01,high,historical_dataset
2023-08-30T00:00:00,51.982112908484616,15322,1.0,294.76,low,historical_dataset
2023-08-31T00:00:00,32.88043599863466,34362,1.0,1045.06,high,historical_dataset
2023-08-31T00:00:00,32.350958131072524,23930,1.0,739.7,medium,historical_dataset
2023-08-31T00:00:00,46.362483163625356,28243,1.0,609.18,medium,historical_dataset
2023-08-31T00:00:00,38.89491872645257,32546,1.0,836.77,medium,historical_dataset
2023-08-31T00:00:00,29.072936868208323,40479,1.0,1392.33,high,historical_dataset
2023-08-31T00:00:00,22.29106341928031,8926,1.0,400.43,low,historical_dataset
2023-08-31T00:00:00,42.03304964888083,31762,1.0,755.64,medium,historical_dataset
2023-09-01T00:00:00,31.638753136716364,47965,1.0,1516.02,high,historical_dataset
2023-09-01T00:00:00,57.629958593721504,17156,1.0,297.69,low,historical_dataset
2023-09-01T00:00:00,51.52068716314548,14226,1.0,276.12,low,historical_dataset
2023-09-01T00:00:00,46.19399573034754,17319,1.0,374.92,low,historical_dataset
2023-09-01T00:00:00,55.39612657624647,13089,1.0,236.28,low,historical_dataset
2023-09-01T00:00:00,25.499344035460837,38965,1.0,1528.08,high,historical_dataset
2023-09-01T00:00:00,28.60489184949467,37527,1.0,1311.91,high,historical_dataset
2023-09-02T00:00:00,20.0,26601,1.0,1330.05,high,historical_dataset
2023-09-02T00:00:00,44.27982445317741,18708,1.0,422.49,low,historical_dataset
2023-09-02T00:00:00,30.87606568778204,28901,1.0,936.03,medium,historical_dataset
2023-09-02T00:00:00,35.81869697953775,38393,1.0,1071.87,high,historical_dataset
2023-09-02T00:00:00,36.55061067195316,8197,1.0,224.26,low,historical_dataset
2023-09-03T00:00:00,35.14013144800815,33219,1.0,945.33,medium,historical_dataset
2023-09-03T00:00:00,23.82449916528448,48370,1.0,2030.26,high,historical_dataset
2023-09-03T00:00:00,36.08071102371168,47029,1.0,1303.44,high,historical_dataset
2023-09-03T00:00:00,40.62337741820622,17083,1.0,420.52,low,historical_dataset
2023-09-03T00:00:00,42.5461610504416,36627,1.0,860.88,medium,historical_dataset
2023-09-03T00:00:00,51.82926849065761,39586,1.0,763.78,medium,historical_dataset
2023-09-03T00:00:00,46.188161769597805,8081,1.0,174.96,low,historical_dataset
2023-09-03T00:00:00,32.65027877608819,18850,1.0,577.33,medium,historical_dataset
2023-09-03T00:00:00,35.27213735669917,19877,1.0,563.53,medium,historical_dataset
2023-09-04T00:00:00,26.259058497938494,50769,1.0,1933.39,high,historical_dataset
2023-09-04T00:00:00,47.08908459373687,44067,1.0,935.82,medium,historical_dataset
2023-09-04T00:00:00,20.0,26173,1.0,1308.65,high,historical_dataset
2023-09-04T00:00:00,35.30913408702666,61815,1.0,1750.68,high,historical_dataset
2023-09-04T00:00:00,54.18989306168535,45560,1.0,840.75,medium,historical_dataset
2023-09-04T00:00:00,53.57448152264683,17380,1.0,324.41,low,historical_dataset
2023-09-04T00:00:00,60.78468029969567,24216,1.0,398.39,low,historical_dataset
2023-09-04T00:00:00,34.166460449970884,15197,1.0,444.79,low,historical_dataset
2023-09-04T00:00:00,23.22246532859717,29117,1.0,1253.83,high,historical_dataset
2023-09-04T00:00:00,33.1116389844213,34022,1.0,1027.49,high,historical_dataset
2023-09-04T00:00:00,36.30860318729043,12218,1.0,336.5,low,historical_dataset
2023-09-04T00:00:00,42.26553993328493,30418,1.0,719.69,medium,historical_dataset
2023-09-05T00:00:00,26.90699081208016,36054,1.0,1339.95,high,historical_dataset
2023-09-05T00:00:00,60.14187141190468,22544,1.0,374.85,low,historical_dataset
2023-09-05T00:00:00,57.42796597246016,15088,1.0,262.73,low,historical_dataset
2023-09-05T00:00:00,37.736644188656115,43880,1.0,1162.8,high,historical_dataset
2023-09-05T00:00:00,26.479375502323514,41318,1.0,1560.38,high,historical_dataset
2023-09-05T00:00:00,24.642541339659054,37098,1.0,1505.45,high,historical_dataset
2023-09-05T00:00:00,20.0,27173,1.0,1358.65,high,historical_dataset
2023-09-05T00:00:00,35.036121883941476,21836,1.0,623.24,medium,historical_dataset
2023-09-05T00:00:00,35.83394711098714,26641,1.0,743.46,medium,historical_dataset
2023-09-05T00:00:00,52.94548627125038,23086,1.0,436.03,low,historical_dataset
2023-09-06T00:00:00,41.00372261539744,24538,1.0,598.43,medium,historical_dataset
2023-09-06T00:00:00,53.9200056270447,18807,1.0,348.79,low,historical_dataset
2023-09-06T00:00:00,49.30298314462742,15879,1.0,322.07,low,historical_dataset
2023-09-06T00:00:00,48.50579129899003,28016,1.0,577.58,medium,historical_dataset
2023-09-06T00:00:00,34.473452057993825,47610,1.0,1381.06,high,historical_dataset
2023-09-06T00:00:00,54.3972095421419,15619,1.0,287.13,low,historical_dataset
2023-09-06T00:00:00,32.50233476989551,26305,1.0,809.33,medium,historical_dataset
2023-09-06T00:00:00,55.956033281016836,21257,1.0,379.89,low,historical_dataset
2023-09-06T00:00:00,41.82588857208394,17924,1.0,428.54,low,historical_dataset
2023-09-06T00:00:00,44.54285360639722,33342,1.0,748.54,medium,historical_dataset
2023-09-06T00:00:00,38.521186433784386,30828,1.0,800.29,medium,historical_dataset
2023-09-06T00:00:00,64.35210636438161,12684,1.0,197.1,low,historical_dataset
2023-09-07T00:00:00,32.32446121091941,35248,1.0,1090.44,high,historical_dataset
2023-09-07T00:00:00,52.06967549620923,30593,1.0,587.54,medium,historical_dataset
2023-09-07T00:00:00,25.923877628936797,17275,1.0,666.37,medium,historical_dataset
2023-09-07T00:00:00,38.46776254460649,31140,1.0,809.51,medium,historical_dataset
2023-09-07T00:00:00,36.97105967496389,18655,1.0,504.58,medium,historical_dataset
2023-09-07T00:00:00,44.37744124410979,24764,1.0,558.03,medium,historical_dataset
2023-09-08T00:00:00,27.531208718817016,11608,1.0,421.63,low,historical_dataset
2023-09-08T00:00:00,41.650550744685845,49995,1.0,1200.34,high,historical_dataset
2023-09-08T00:00:00,46.41171898755189,14749,1.0,317.79,low,historical_dataset
2023-09-08T00:00:00,30.94155840201602,41548,1.0,1342.79,high,historical_dataset
2023-09-08T00:00:00,32.464459160239954,22467,1.0,692.05,medium,historical_dataset
2023-09-08T00:00:00,20.0,28697,1.0,1434.85,high,historical_dataset
2023-09-09T00:00:00,72.40552227114902,24382,1.0,336.74,low,historical_dataset
2023-09-09T00:00:00,53.08863378171753,19585,1.0,368.91,low,historical_dataset
2023-09-09T00:00:00,45.792616049223575,53777,1.0,1174.36,high,historical_dataset
2023-09-09T00:00:00,61.520520958975446,58367,1.0,948.74,medium,historical_dataset
2023-09-09T00:00:00,51.022606752381634,17332,1.0,339.69,low,historical_dataset
2023-09-09T00:00:00,28.47117807958995,38820,1.0,1363.48,high,historical_dataset
2023-09-09T00:00:00,41.06306832450505,10187,1.0,248.08,low,historical_dataset
2023-09-09T00:00:00,32.2072311666396,27022,1.0,839.0,medium,historical_dataset
2023-09-09T00:00:00,48.137303854934025,24098,1.0,500.61,medium,historical_dataset
2023-09-10T00:00:00,49.19843490243363,22512,1.0,457.58,low,historical_dataset
2023-09-10T00:00:00,38.202292308181015,29570,1.0,774.04,medium,historical_dataset
2023-09-10T00:00:00,32.19472601254786,46041,1.0,1430.08,high,historical_dataset
2023-09-10T00:00:00,33.84273964577161,47166,1.0,1393.68,high,historical_dataset
2023-09-10T00:00:00,28.887674095873045,26479,1.0,916.62,medium,historical_dataset
2023-09-10T00:00:00,48.999158668999684,28356,1.0,578.7,medium,historical_dataset
2023-09-10T00:00:00,31.130068467040996,24848,1.0,798.2,medium,historical_dataset
2023-09-10T00:00:00,46.64911088668465,23436,1.0,502.39,medium,historical_dataset
2023-09-10T00:00:00,21.780773807279346,15597,1.0,716.09,medium,historical_dataset
2023-09-10T00:00:00,40.81288203735271,28435,1.0,696.72,medium,historical_dataset
2023-09-10T00:00:00,41.322423594669566,6451,1.0,156.11,low,historical_dataset
2023-09-11T00:00:00,41.20494886081952,43569,1.0,1057.37,high,historical_dataset
2023-09-11T00:00:00,50.97538844172483,11825,1.0,231.97,low,historical_dataset
2023-09-11T00:00:00,47.101267355221,23308,1.0,494.85,low,historical_dataset
2023-09-11T00:00:00,23.551841928162382,30699,1.0,1303.46,high,historical_dataset
2023-09-11T00:00:00,47.86130466120266,13028,1.0,272.2,low,historical_dataset
2023-09-11T00:00:00,26.21944892502652,32802,1.0,1251.06,high,historical_dataset
2023-09-11T00:00:00,20.0,38877,1.0,1943.85,high,historical_dataset
2023-09-11T00:00:00,45.51172508211757,39818,1.0,874.9,medium,historical_dataset
2023-09-11T00:00:00,26.722818408840176,33706,1.0,1261.32,high,historical_dataset
2023-09-11T00:00:00,38.03077081279049,11398,1.0,299.7,low,historical_dataset
2023-09-12T00:00:00,37.67470213920871,12157,1.0,322.68,low,historical_dataset
2023-09-12T00:00:00,26.36822962852914,45099,1.0,1710.35,high,historical_dataset
2023-09-12T00:00:00,48.12904996484926,22159,1.0,460.41,low,historical_dataset
2023-09-12T00:00:00,37.741477251451734,14274,1.0,378.2,low,historical_dataset
2023-09-12T00:00:00,36.99944790971189,32197,1.0,870.2,medium,historical_dataset
2023-09-12T00:00:00,35.20036306137454,27180,1.0,772.15,medium,historical_dataset
2023-09-12T00:00:00,42.30365346985596,36593,1.0,865.01,medium,historical_dataset
2023-09-12T00:00:00,42.565117689514615,42166,1.0,990.62,medium,historical_dataset
2023-09-12T00:00:00,36.55250900583782,36642,1.0,1002.45,high,historical_dataset
2023-09-12T00:00:00,45.660292529841264,23995,1.0,525.51,medium,historical_dataset
2023-09-12T00:00:00,34.50919162165476,28917,1.0,837.95,medium,historical_dataset
2023-09-12T00:00:00,48.59586436031694,39901,1.0,821.08,medium,historical_dataset
2023-09-13T00:00:00,37.754083047409424,36394,1.0,963.98,medium,historical_dataset
2023-09-13T00:00:00,35.48710280914528,34206,1.0,963.9,medium,historical_dataset
2023-09-13T00:00:00,48.39809386598533,16639,1.0,343.79,low,historical_dataset
2023-09-13T00:00:00,20.0,40125,1.0,2006.25,high,historical_dataset
2023-09-13T00:00:00,44.00450477759112,5657,1.0,128.56,low,historical_dataset
2023-09-13T00:00:00,26.49071309717943,25260,1.0,953.54,medium,historical_dataset
2023-09-13T00:00:00,51.70753006657618,12850,1.0,248.51,low,historical_dataset
2023-09-13T00:00:00,55.77208973731345,37387,1.0,670.35,medium,historical_dataset
2023-09-13T00:00:00,65.27652629329543,5220,1.0,79.97,low,historical_dataset
2023-09-13T00:00:00,50.1124775808331,19234,1.0,383.82,low,historical_dataset
2023-09-14T00:00:00,36.709739875906244,34886,1.0,950.32,medium,historical_dataset
2023-09-14T00:00:00,48.334606432081095,27411,1.0,567.11,medium,historical_dataset
2023-09-14T00:00:00,43.156906065227794,19999,1.0,463.4,low,historical_dataset
2023-09-14T00:00:00,22.684852064564712,57812,1.0,2548.48,high,historical_dataset
2023-09-14T00:00:00,34.35761733910084,50886,1.0,1481.07,high,historical_dataset
2023-09-14T00:00:00,39.77333039528759,23205,1.0,583.43,medium,historical_dataset
2023-09-14T00:00:00,23.920250048798813,38332,1.0,1602.49,high,historical_dataset
2023-09-14T00:00:00,30.291303800060877,26473,1.0,873.95,medium,historical_dataset
2023-09-14T00:00:00,46.79540756861192,20853,1.0,445.62,low,historical_dataset
2023-09-14T00:00:00,28.89695862608441,15537,1.0,537.67,medium,historical_dataset
2023-09-15T00:00:00,47.48710430212642,28589,1.0,602.04,medium,historical_dataset
2023-09-15T00:00:00,38.41439238635191,45304,1.0,1179.35,high,historical_dataset
2023-09-15T00:00:00,49.2690689165046,24031,1.0,487.75,low,historical_dataset
2023-09-15T00:00:00,55.28577889624113,15312,1.0,276.96,low,historical_dataset
2023-09-15T00:00:00,35.69563197014526,21699,1.0,607.89,medium,historical_dataset
2023-09-15T00:00:00,38.15665556485622,5816,1.0,152.42,low,historical_dataset
2023-09-15T00:00:00,44.63802971056292,20999,1.0,470.43,low,historical_dataset
2023-09-15T00:00:00,33.51997932957755,28173,1.0,840.48,medium,historical_dataset
2023-09-16T00:00:00,41.82070246774024,34303,1.0,820.24,medium,historical_dataset
2023-09-16T00:00:00,26.251814230572137,49247,1.0,1875.95,high,historical_dataset
2023-09-16T00:00:00,40.76356850682578,25046,1.0,614.42,medium,historical_dataset
2023-09-16T00:00:00,44.85248272062094,64609,1.0,1440.48,high,historical_dataset
2023-09-16T00:00:00,31.982684801557696,67805,1.0,2120.05,high,historical_dataset
2023-09-16T00:00:00,35.06286189891486,40113,1.0,1144.03,high,historical_dataset
2023-09-16T00:00:00,51.295698439532366,11854,1.0,231.09,low,historical_dataset
2023-09-16T00:00:00,55.36057801757611,18555,1.0,335.17,low,historical_dataset
2023-09-16T00:00:00,40.575637746257684,26533,1.0,653.91,medium,historical_dataset
2023-09-16T00:00:00,38.80922367034106,39759,1.0,1024.47,high,historical_dataset
2023-09-16T00:00:00,46.69944770247241,8985,1.0,192.4,low,historical_dataset
2023-09-17T00:00:00,45.18441339803531,32299,1.0,714.83,medium,historical_dataset
2023-09-17T00:00:00,48.00247532660995,11570,1.0,241.03,low,historical_dataset
2023-09-17T00:00:00,35.41148069400878,26027,1.0,734.99,medium,historical_dataset
2023-09-17T00:00:00,48.35384946920659,21814,1.0,451.13,low,historical_dataset
2023-09-17T00:00:00,23.6571765995201,14004,1.0,591.96,medium,historical_dataset
2023-09-17T00:00:00,30.57278835942937,62000,1.0,2027.95,high,historical_dataset
2023-09-17T00:00:00,31.427582491458345,29433,1.0,936.53,medium,historical_dataset
2023-09-17T00:00:00,34.70215702428158,53342,1.0,1537.14,high,historical_dataset
2023-09-17T00:00:00,20.0,30152,1.0,1507.6,high,historical_dataset
2023-09-17T00:00:00,45.178524587213666,14825,1.0,328.14,low,historical_dataset
2023-09-17T00:00:00,62.02910105915379,13835,1.0,223.04,low,historical_dataset
2023-09-18T00:00:00,23.006028950290386,39046,1.0,1697.21,high,historical_dataset
2023-09-18T00:00:00,35.499459167146085,26820,1.0,755.5,medium,historical_dataset
2023-09-18T00:00:00,58.38752498399281,21415,1.0,366.77,low,historical_dataset
2023-09-18T00:00:00,32.94465813587442,44934,1.0,1363.92,high,historical_dataset
2023-09-18T00:00:00,20.0,32488,1.0,1624.4,high,historical_dataset
2023-09-18T00:00:00,35.80557651918343,39046,1.0,1090.5,high,historical_dataset
2023-09-18T00:00:00,39.501739456994784,31238,1.0,790.8,medium,historical_dataset
2023-09-18T00:00:00,65.45965811026085,10930,1.0,166.97,low,historical_dataset
2023-09-19T00:00:00,46.98713463339892,12128,1.0,258.11,low,historical_dataset
2023-09-19T00:00:00,43.14635803026772,37149,1.0,861.0,medium,historical_dataset
2023-09-19T00:00:00,31.260610309787918,44748,1.0,1431.45,high,historical_dataset
2023-09-19T00:00:00,49.26360286308039,8277,1.0,168.01,low,historical_dataset
2023-09-19T00:00:00,55.36368701678305,9548,1.0,172.46,low,historical_dataset
2023-09-19T00:00:00,33.407211878048315,33454,1.0,1001.4,high,historical_dataset
2023-09-19T00:00:00,22.932790137921298,6436,1.0,280.65,low,historical_dataset
2023-09-20T00:00:00,52.754010813828096,24036,1.0,455.62,low,historical_dataset
2023-09-20T00:00:00,20.0,31045,1.0,1552.25,high,historical_dataset
2023-09-20T00:00:00,31.312334341642547,60867,1.0,1943.87,high,historical_dataset
2023-09-20T00:00:00,39.153403710048714,29343,1.0,749.44,medium,historical_dataset
2023-09-20T00:00:00,42.23738914503723,24882,1.0,589.1,medium,historical_dataset
2023-09-20T00:00:00,54.33381334673638,25362,1.0,466.78,low,historical_dataset
2023-09-20T00:00:00,28.18609513240687,27517,1.0,976.26,medium,historical_dataset
2023-09-20T00:00:00,36.34911605751386,9801,1.0,269.64,low,historical_dataset
2023-09-20T00:00:00,22.319218121737507,42666,1.0,1911.63,high,historical_dataset
2023-09-20T00:00:00,34.59000990898983,11437,1.0,330.64,low,historical_dataset
2023-09-21T00:00:00,37.77160902420045,34557,1.0,914.89,medium,historical_dataset
2023-09-21T00:00:00,31.398800698072872,49784,1.0,1585.54,high,historical_dataset
2023-09-21T00:00:00,37.06358812264717,28038,1.0,756.48,medium,historical_dataset
2023-09-21T00:00:00,32.49778827348348,6976,1.0,214.66,low,historical_dataset
2023-09-21T00:00:00,38.550237462911255,41088,1.0,1065.83,high,historical_dataset
2023-09-21T00:00:00,30.523802559826386,44993,1.0,1474.03,high,historical_dataset
2023-09-21T00:00:00,37.10204044583665,29243,1.0,788.18,medium,historical_dataset
2023-09-21T00:00:00,36.242870852446515,37059,1.0,1022.52,high,historical_dataset
2023-09-21T00:00:00,68.99070646986311,9435,1.0,136.76,low,historical_dataset
2023-09-21T00:00:00,34.428313937915476,18995,1.0,551.73,medium,historical_dataset
2023-09-22T00:00:00,35.06227086391175,23627,1.0,673.86,medium,historical_dataset
2023-09-22T00:00:00,20.0,43484,1.0,2174.2,high,historical_dataset
2023-09-22T00:00:00,44.54221641776782,23470,1.0,526.92,medium,historical_dataset
2023-09-22T00:00:00,25.254547301424303,40571,1.0,1606.48,high,historical_dataset
2023-09-22T00:00:00,44.16284069763253,27451,1.0,621.59,medium,historical_dataset
2023-09-22T00:00:00,29.383733400745733,44053,1.0,1499.23,high,historical_dataset
2023-09-23T00:00:00,52.417604557610545,9469,1.0,180.65,low,historical_dataset
2023-09-23T00:00:00,25.592743510724766,33434,1.0,1306.39,high,historical_dataset
2023-09-23T00:00:00,42.79682641497628,22870,1.0,534.39,medium,historical_dataset
2023-09-23T00:00:00,57.26154755321565,49533,1.0,865.03,medium,historical_dataset
2023-09-23T00:00:00,44.24224812934094,11772,1.0,266.08,low,historical_dataset
2023-09-23T00:00:00,38.545667730264114,33442,1.0,867.59,medium,historical_dataset
2023-09-23T00:00:00,20.994545179782264,50950,1.0,2426.82,high,historical_dataset
2023-09-23T00:00:00,38.15306596784917,24583,1.0,644.33,medium,historical_dataset
2023-09-23T00:00:00,40.43904882862229,19291,1.0,477.04,low,historical_dataset
2023-09-23T00:00:00,49.7229688146964,15329,1.0,308.29,low,historical_dataset
2023-09-23T00:00:00,41.146960431834394,24689,1.0,600.02,medium,historical_dataset
2023-09-24T00:00:00,37.681738070952136,25999,1.0,689.96,medium,historical_dataset
2023-09-24T00:00:00,30.45702481326614,49334,1.0,1619.79,high,historical_dataset
2023-09-24T00:00:00,21.29613946826226,14052,1.0,659.84,medium,historical_dataset
2023-09-24T00:00:00,54.50961494925366,15571,1.0,285.66,low,historical_dataset
2023-09-24T00:00:00,32.09036244435901,42166,1.0,1313.98,high,historical_dataset
2023-09-24T00:00:00,46.34724403769125,20504,1.0,442.4,low,historical_dataset
2023-09-24T00:00:00,44.11958052743915,18614,1.0,421.9,low,historical_dataset
2023-09-24T00:00:00,49.617963561970654,40579,1.0,817.83,medium,historical_dataset
2023-09-24T00:00:00,31.428480083472042,25778,1.0,820.21,medium,historical_dataset
2023-09-24T00:00:00,64.88172158730649,19835,1.0,305.71,low,historical_dataset
2023-09-24T00:00:00,40.67577335660323,23616,1.0,580.59,medium,historical_dataset
2023-09-24T00:00:00,49.175329439532476,24906,1.0,506.47,medium,historical_dataset
2023-09-25T00:00:00,39.80357653194434,39225,1.0,985.46,medium,historical_dataset
2023-09-25T00:00:00,32.51911195574894,40559,1.0,1247.24,high,historical_dataset
2023-09-25T00:00:00,27.39199127235601,26278,1.0,959.33,medium,historical_dataset
2023-09-25T00:00:00,30.11634622075407,30037,1.0,997.37,medium,historical_dataset
2023-09-25T00:00:00,40.359508728509454,14752,1.0,365.51,low,historical_dataset
2023-09-25T00:00:00,30.36257928668057,38891,1.0,1280.89,high,historical_dataset
2023-09-25T00:00:00,31.973252986626747,39520,1.0,1236.03,high,historical_dataset
2023-09-25T00:00:00,30.51896384886174,24387,1.0,799.08,medium,historical_dataset
2023-09-25T00:00:00,36.23314712908768,27215,1.0,751.11,medium,historical_dataset
2023-09-26T00:00:00,22.99405234151159,49234,1.0,2141.16,high,historical_dataset
2023-09-26T00:00:00,23.654028203521897,44915,1.0,1898.83,high,historical_dataset
2023-09-26T00:00:00,37.53280463559773,56420,1.0,1503.22,high,historical_dataset
2023-09-26T00:00:00,24.021536527351405,13061,1.0,543.72,medium,historical_dataset
2023-09-26T00:00:00,52.6789734416716,12632,1.0,239.79,low,historical_dataset
2023-09-26T00:00:00,44.361735679148694,24733,1.0,557.53,medium,historical_dataset
2023-09-26T00:00:00,46.43995542576438,19338,1.0,416.41,low,historical_dataset
2023-09-26T00:00:00,40.3852281044846,33481,1.0,829.04,medium,historical_dataset
2023-09-26T00:00:00,34.835168592353014,35701,1.0,1024.86,high,historical_dataset
2023-09-27T00:00:00,20.0,36050,1.0,1802.5,high,historical_dataset
2023-09-27T00:00:00,41.42541028967752,48794,1.0,1177.88,high,historical_dataset
2023-09-27T00:00:00,36.030161932804624,32427,1.0,900.0,medium,historical_dataset
2023-09-27T00:00:00,39.635172654574234,7425,1.0,187.33,low,historical_dataset
2023-09-27T00:00:00,33.17976483889325,46333,1.0,1396.42,high,historical_dataset
2023-09-27T00:00:00,41.10606389901429,45660,1.0,1110.79,high,historical_dataset
2023-09-27T00:00:00,35.05913171166504,43866,1.0,1251.2,high,historical_dataset
2023-09-27T00:00:00,38.73851114957549,39330,1.0,1015.27,high,historical_dataset
2023-09-27T00:00:00,34.076020678149106,26258,1.0,770.57,medium,historical_dataset
2023-09-27T00:00:00,30.745785318514216,37301,1.0,1213.21,high,historical_dataset
2023-09-27T00:00:00,39.49090260823198,19603,1.0,496.39,low,historical_dataset
2023-09-27T00:00:00,45.42207554710694,13924,1.0,306.55,low,historical_dataset
2023-09-28T00:00:00,44.8963173124594,30341,1.0,675.8,medium,historical_dataset
2023-09-28T00:00:00,51.39641347000226,23702,1.0,461.16,low,historical_dataset
2023-09-28T00:00:00,50.28771406512787,65056,1.0,1293.68,high,historical_dataset
2023-09-28T00:00:00,37.49366629853728,15674,1.0,418.04,low,historical_dataset
2023-09-28T00:00:00,25.677104988321915,37518,1.0,1461.15,high,historical_dataset
2023-09-28T00:00:00,41.46741198260757,27223,1.0,656.49,medium,historical_dataset
2023-09-28T00:00:00,34.26873842916457,21504,1.0,627.51,medium,historical_dataset
2023-09-28T00:00:00,40.77703001444599,28488,1.0,698.63,medium,historical_dataset
2023-09-28T00:00:00,42.96488950022208,31397,1.0,730.76,medium,historical_dataset
2023-09-29T00:00:00,20.0,40598,1.0,2029.9,high,historical_dataset
2023-09-29T00:00:00,50.838252730380326,15283,1.0,300.62,low,historical_dataset
2023-09-29T00:00:00,36.954603170713064,32396,1.0,876.64,medium,historical_dataset
2023-09-29T00:00:00,44.85519979888265,14891,1.0,331.98,low,historical_dataset
2023-09-29T00:00:00,37.62504787501284,15091,1.0,401.09,low,historical_dataset
2023-09-29T00:00:00,27.37202130555561,38019,1.0,1388.97,high,historical_dataset
2023-09-29T00:00:00,38.40710654598364,37161,1.0,967.56,medium,historical_dataset
2023-09-29T00:00:00,36.958929000827546,26603,1.0,719.8,medium,historical_dataset
2023-09-29T00:00:00,27.479469979160477,22122,1.0,805.04,medium,historical_dataset
2023-09-30T00:00:00,46.346940332028176,21431,1.0,462.4,low,historical_dataset
2023-09-30T00:00:00,26.870848181586076,39366,1.0,1465.01,high,historical_dataset
2023-09-30T00:00:00,53.992195574766725,7355,1.0,136.22,low,historical_dataset
2023-09-30T00:00:00,23.96707729844718,53939,1.0,2250.55,high,historical_dataset
2023-09-30T00:00:00,49.174702362177634,33999,1.0,691.39,medium,historical_dataset
2023-09-30T00:00:00,46.99549990559835,33513,1.0,713.11,medium,historical_dataset
2023-09-30T00:00:00,41.481488310416154,29668,1.0,715.21,medium,historical_dataset
2023-10-01T00:00:00,34.97076451359605,48932,1.0,1399.23,high,historical_dataset
2023-10-01T00:00:00,54.15210336877638,23616,1.0,436.1,low,historical_dataset
2023-10-01T00:00:00,32.000532988170505,59519,1.0,1859.94,high,historical_dataset
2023-10-01T00:00:00,38.22559530693757,26436,1.0,691.58,medium,historical_dataset
2023-10-01T00:00:00,49.49832408325268,21675,1.0,437.89,low,historical_dataset
2023-10-01T00:00:00,25.26403810624766,38498,1.0,1523.83,high,historical_dataset
2023-10-01T00:00:00,50.44644597426783,17867,1.0,354.18,low,historical_dataset
2023-10-01T00:00:00,51.93178089961058,18052,1.0,347.61,low,historical_dataset
2023-10-01T00:00:00,45.10263679172857,24505,1.0,543.32,medium,historical_dataset
2023-10-02T00:00:00,42.514008515267996,37032,1.0,871.05,medium,historical_dataset
2023-10-02T00:00:00,20.0,26223,1.0,1311.15,high,historical_dataset
2023-10-02T00:00:00,45.21288435516553,21742,1.0,480.88,low,historical_dataset
2023-10-02T00:00:00,38.366326276614764,15671,1.0,408.46,low,historical_dataset
2023-10-02T00:00:00,32.60976531429665,13876,1.0,425.52,low,historical_dataset
2023-10-02T00:00:00,26.109847241008907,26502,1.0,1015.02,high,historical_dataset
2023-10-02T00:00:00,45.57780360858754,14965,1.0,328.34,low,historical_dataset
2023-10-02T00:00:00,36.25974343289985,34594,1.0,954.06,medium,historical_dataset
2023-10-03T00:00:00,45.91137668104407,23168,1.0,504.62,medium,historical_dataset
2023-10-03T00:00:00,33.94860728502779,46757,1.0,1377.29,high,historical_dataset
2023-10-03T00:00:00,64.14044664658051,15688,1.0,244.59,low,historical_dataset
2023-10-03T00:00:00,45.5126891751559,32461,1.0,713.23,medium,historical_dataset
2023-10-03T00:00:00,40.107729088106176,30575,1.0,762.32,medium,historical_dataset
2023-10-03T00:00:00,49.75514910742424,30943,1.0,621.91,medium,historical_dataset
2023-10-03T00:00:00,48.239003223787215,6258,1.0,129.73,low,historical_dataset
2023-10-03T00:00:00,36.21060794356799,43108,1.0,1190.48,high,historical_dataset
2023-10-03T00:00:00,45.66932873019876,28504,1.0,624.14,medium,historical_dataset
2023-10-03T00:00:00,51.32189757883487,22414,1.0,436.73,low,historical_dataset
2023-10-03T00:00:00,41.25903380748722,27824,1.0,674.37,medium,historical_dataset
2023-10-03T00:00:00,31.642336230089285,14912,1.0,471.27,low,historical_dataset
2023-10-04T00:00:00,41.09658486004932,46292,1.0,1126.42,high,historical_dataset
2023-10-04T00:00:00,41.29015846772234,22670,1.0,549.04,medium,historical_dataset
2023-10-04T00:00:00,20.0,44444,1.0,2222.2,high,historical_dataset
2023-10-04T00:00:00,42.23952185304943,15822,1.0,374.58,low,historical_dataset
2023-10-04T00:00:00,34.622744863491974,34463,1.0,995.39,medium,historical_dataset
2023-10-04T00:00:00,42.40632359985844,51464,1.0,1213.59,high,historical_dataset
2023-10-04T00:00:00,51.867800885849306,19770,1.0,381.16,low,historical_dataset
2023-10-04T00:00:00,30.365621858906263,20612,1.0,678.79,medium,historical_dataset
2023-10-04T00:00:00,57.065619157319304,5627,1.0,98.61,low,historical_dataset
2023-10-04T00:00:00,35.50903441258936,29553,1.0,832.27,medium,historical_dataset
2023-10-05T00:00:00,52.223017931282385,21319,1.0,408.23,low,historical_dataset
2023-10-05T00:00:00,27.842446820397086,19448,1.0,698.5,medium,historical_dataset
2023-10-05T00:00:00,31.740460796244072,45697,1.0,1439.71,high,historical_dataset
2023-10-05T00:00:00,31.671940704712956,27583,1.0,870.9,medium,historical_dataset
2023-10-05T00:00:00,24.856939968384527,34572,1.0,1390.84,high,historical_dataset
2023-10-05T00:00:00,49.19736295141001,40095,1.0,814.98,medium,historical_dataset
2023-10-05T00:00:00,32.71404124945757,38728,1.0,1183.83,high,historical_dataset
2023-10-05T00:00:00,42.77834656862246,27133,1.0,634.27,medium,historical_dataset
2023-10-05T00:00:00,49.03156547760306,19252,1.0,392.65,low,historical_dataset
2023-10-05T00:00:00,38.03201558016414,16516,1.0,434.27,low,historical_dataset
2023-10-05T00:00:00,42.664740106462645,20113,1.0,471.42,low,historical_dataset
2023-10-06T00:00:00,37.3205336888582,28957,1.0,775.9,medium,historical_dataset
2023-10-06T00:00:00,32.33168454156423,33707,1.0,1042.54,high,historical_dataset
2023-10-06T00:00:00,58.03201581016616,22872,1.0,394.13,low,historical_dataset
2023-10-06T00:00:00,34.71262247394787,24346,1.0,701.36,medium,historical_dataset
2023-10-06T00:00:00,20.0,44007,1.0,2200.35,high,historical_dataset
2023-10-06T00:00:00,59.97852926406897,30646,1.0,510.95,medium,historical_dataset
2023-10-06T00:00:00,26.389579908472854,17164,1.0,650.41,medium,historical_dataset
2023-10-06T00:00:00,64.22516994972149,22344,1.0,347.9,low,historical_dataset
2023-10-06T00:00:00,26.482309148141283,43863,1.0,1656.31,high,historical_dataset
2023-10-06T00:00:00,36.257528561280324,28483,1.0,785.57,medium,historical_dataset
2023-10-06T00:00:00,30.781903437644402,28641,1.0,930.45,medium,historical_dataset
2023-10-06T00:00:00,40.03363176138856,21436,1.0,535.45,medium,historical_dataset
2023-10-06T00:00:00,34.522007787757474,22817,1.0,660.94,medium,historical_dataset
2023-10-06T00:00:00,59.231726158258745,4471,1.0,75.48,low,historical_dataset
2023-10-07T00:00:00,32.795208107018205,38278,1.0,1167.18,high,historical_dataset
2023-10-07T00:00:00,35.824115094792376,38129,1.0,1064.34,high,historical_dataset
2023-10-07T00:00:00,63.9331469135966,29261,1.0,457.68,low,historical_dataset
2023-10-07T00:00:00,48.22128219454885,27569,1.0,571.72,medium,historical_dataset
2023-10-07T00:00:00,31.450366765438844,48103,1.0,1529.49,high,historical_dataset
2023-10-07T00:00:00,26.62575549307929,27319,1.0,1026.04,high,historical_dataset
2023-10-07T00:00:00,53.60158866487565,25607,1.0,477.73,low,historical_dataset
2023-10-07T00:00:00,40.99808610664775,39435,1.0,961.87,medium,historical_dataset
2023-10-07T00:00:00,41.865028406644086,26972,1.0,644.26,medium,historical_dataset
2023-10-07T00:00:00,37.227736567035144,31492,1.0,845.93,medium,historical_dataset
2023-10-07T00:00:00,36.13879776529177,19387,1.0,536.46,medium,historical_dataset
2023-10-07T00:00:00,51.35783916139987,17128,1.0,333.5,low,historical_dataset
2023-10-08T00:00:00,22.61955092241628,34061,1.0,1505.82,high,historical_dataset
2023-10-08T00:00:00,53.49245162402303,30924,1.0,578.1,medium,historical_dataset
2023-10-08T00:00:00,36.431790885220536,31354,1.0,860.62,medium,historical_dataset
2023-10-08T00:00:00,32.011690463584316,42603,1.0,1330.86,high,historical_dataset
2023-10-08T00:00:00,40.18464887716626,40896,1.0,1017.7,high,historical_dataset
2023-10-08T00:00:00,45.86439182628472,46049,1.0,1004.03,high,historical_dataset
2023-10-08T00:00:00,44.50389617762178,14742,1.0,331.25,low,historical_dataset
2023-10-08T00:00:00,37.74450390702169,17462,1.0,462.64,low,historical_dataset
2023-10-08T00:00:00,31.639030972869026,25914,1.0,819.05,medium,historical_dataset
2023-10-08T00:00:00,41.420078078382694,21507,1.0,519.24,medium,historical_dataset
2023-10-09T00:00:00,32.46686914360812,31832,1.0,980.45,medium,historical_dataset
2023-10-09T00:00:00,48.83926177264203,25068,1.0,513.28,medium,historical_dataset
2023-10-09T00:00:00,41.28942688534909,15338,1.0,371.48,low,historical_dataset
2023-10-09T00:00:00,41.9015817851086,14919,1.0,356.05,low,historical_dataset
2023-10-09T00:00:00,24.231804300960356,29202,1.0,1205.11,high,historical_dataset
2023-10-09T00:00:00,43.36612571971968,32935,1.0,759.46,medium,historical_dataset
2023-10-09T00:00:00,51.38510950613825,19656,1.0,382.52,low,historical_dataset
2023-10-09T00:00:00,20.0,37572,1.0,1878.6,high,historical_dataset
2023-10-09T00:00:00,26.688313294818983,34209,1.0,1281.8,high,historical_dataset
2023-10-09T00:00:00,31.241419301278537,32612,1.0,1043.87,high,historical_dataset
2023-10-09T00:00:00,28.119332974592872,31249,1.0,1111.3,high,historical_dataset
2023-10-10T00:00:00,20.0,35333,1.0,1766.65,high,historical_dataset
2023-10-10T00:00:00,54.17594367299238,23674,1.0,436.98,low,historical_dataset
2023-10-10T00:00:00,27.784045144293923,60222,1.0,2167.5,high,historical_dataset
2023-10-10T00:00:00,37.44671628887133,42721,1.0,1140.85,high,historical_dataset
2023-10-10T00:00:00,55.11529536440274,13961,1.0,253.31,low,historical_dataset
2023-10-10T00:00:00,33.938164841766245,26030,1.0,766.98,medium,historical_dataset
2023-10-10T00:00:00,44.44796481588256,18907,1.0,425.37,low,historical_dataset
2023-10-10T00:00:00,52.37587891885492,16413,1.0,313.37,low,historical_dataset
2023-10-10T00:00:00,41.619205145091925,30860,1.0,741.48,medium,historical_dataset
2023-10-10T00:00:00,35.551394735818064,15645,1.0,440.07,low,historical_dataset
2023-10-11T00:00:00,45.33022856571972,37692,1.0,831.5,medium,historical_dataset
2023-10-11T00:00:00,41.09935518164116,40008,1.0,973.45,medium,historical_dataset
2023-10-11T00:00:00,39.469301412305015,21263,1.0,538.72,medium,historical_dataset
2023-10-11T00:00:00,29.98376093655875,72039,1.0,2402.6,high,historical_dataset
2023-10-11T00:00:00,52.48087631405832,58452,1.0,1113.78,high,historical_dataset
2023-10-11T00:00:00,44.94374032940168,23711,1.0,527.57,medium,historical_dataset
2023-10-11T00:00:00,32.364372442332005,39142,1.0,1209.42,high,historical_dataset
2023-10-11T00:00:00,39.78571573687463,15691,1.0,394.39,low,historical_dataset
2023-10-12T00:00:00,50.897143641226755,23163,1.0,455.09,low,historical_dataset
2023-10-12T00:00:00,34.512811074257186,21741,1.0,629.94,medium,historical_dataset
2023-10-12T00:00:00,48.268587319440925,9055,1.0,187.6,low,historical_dataset
2023-10-12T00:00:00,20.0,57096,1.0,2854.8,high,historical_dataset
2023-10-12T00:00:00,39.712689232237054,29993,1.0,755.25,medium,historical_dataset
2023-10-12T00:00:00,30.683598804158304,28116,1.0,916.32,medium,historical_dataset
2023-10-12T00:00:00,29.01876829305915,34442,1.0,1186.89,high,historical_dataset
2023-10-12T00:00:00,30.008569876899365,14250,1.0,474.86,low,historical_dataset
2023-10-13T00:00:00,45.98766632965862,12441,1.0,270.53,low,historical_dataset
2023-10-13T00:00:00,34.85360056535813,16400,1.0,470.54,low,historical_dataset
2023-10-13T00:00:00,38.33112838728029,25893,1.0,675.51,medium,historical_dataset
2023-10-13T00:00:00,31.36984486673827,45674,1.0,1455.98,high,historical_dataset
2023-10-13T00:00:00,49.34934782312784,25605,1.0,518.85,medium,historical_dataset
2023-10-13T00:00:00,34.87394898057852,22529,1.0,646.01,medium,historical_dataset
2023-10-13T00:00:00,32.264709311924236,23428,1.0,726.12,medium,historical_dataset
2023-10-13T00:00:00,63.76495126998614,31816,1.0,498.96,low,historical_dataset
2023-10-13T00:00:00,41.53900588997156,16660,1.0,401.07,low,historical_dataset
2023-10-14T00:00:00,38.15694810916203,23220,1.0,608.54,medium,historical_dataset
2023-10-14T00:00:00,25.079950094889504,51719,1.0,2062.17,high,historical_dataset
2023-10-14T00:00:00,48.866803442248106,50866,1.0,1040.91,high,historical_dataset
2023-10-14T00:00:00,33.214123245611084,29149,1.0,877.61,medium,historical_dataset
2023-10-14T00:00:00,28.521033412413004,42873,1.0,1503.21,high,historical_dataset
2023-10-14T00:00:00,28.36974269628856,26720,1.0,941.85,medium,historical_dataset
2023-10-14T00:00:00,56.92104228403325,20224,1.0,355.3,low,historical_dataset
2023-10-14T00:00:00,47.011963244586376,17283,1.0,367.63,low,historical_dataset
2023-10-14T00:00:00,43.50098921118309,12252,1.0,281.65,low,historical_dataset
2023-10-15T00:00:00,33.78096205622547,36671,1.0,1085.55,high,historical_dataset
2023-10-15T00:00:00,36.48213543894192,22588,1.0,619.15,medium,historical_dataset
2023-10-15T00:00:00,47.58777125743464,14532,1.0,305.37,low,historical_dataset
2023-10-15T00:00:00,27.44597926184785,31312,1.0,1140.86,high,historical_dataset
2023-10-15T00:00:00,35.09476736264914,26603,1.0,758.03,medium,historical_dataset
2023-10-15T00:00:00,47.675308325392216,12777,1.0,268.0,low,historical_dataset
2023-10-15T00:00:00,51.98960809357605,13906,1.0,267.48,low,historical_dataset
2023-10-15T00:00:00,39.66137350012254,24081,1.0,607.17,medium,historical_dataset
2023-10-15T00:00:00,45.8416753524104,19548,1.0,426.42,low,historical_dataset
2023-10-15T00:00:00,60.584977668485976,24817,1.0,409.62,low,historical_dataset
2023-10-15T00:00:00,50.50411143576865,29375,1.0,581.64,medium,historical_dataset
2023-10-15T00:00:00,58.843735322345864,7739,1.0,131.52,low,historical_dataset
2023-10-16T00:00:00,28.017859281970452,36130,1.0,1289.53,high,historical_dataset
2023-10-16T00:00:00,28.193988688264753,37045,1.0,1313.93,high,historical_dataset
2023-10-16T00:00:00,20.0,42253,1.0,2112.65,high,historical_dataset
2023-10-16T00:00:00,28.794281750148528,34297,1.0,1191.1,high,historical_dataset
2023-10-16T00:00:00,49.0554440661357,23444,1.0,477.91,low,historical_dataset
2023-10-16T00:00:00,47.19127439728223,13173,1.0,279.14,low,historical_dataset
2023-10-16T00:00:00,38.09277677945936,23972,1.0,629.31,medium,historical_dataset
2023-10-16T00:00:00,56.89447592605299,27464,1.0,482.72,low,historical_dataset
2023-10-16T00:00:00,34.00603480227876,45441,1.0,1336.26,high,historical_dataset
2023-10-16T00:00:00,39.15426888549502,31648,1.0,808.29,medium,historical_dataset
2023-10-16T00:00:00,46.415641325016516,13084,1.0,281.89,low,historical_dataset
2023-10-17T00:00:00,32.561661399608774,11175,1.0,343.2,low,historical_dataset
2023-10-17T00:00:00,30.15637510144858,35790,1.0,1186.81,high,historical_dataset
2023-10-17T00:00:00,44.326270253485845,40364,1.0,910.61,medium,historical_dataset
2023-10-17T00:00:00,50.6179737885531,12029,1.0,237.64,low,historical_dataset
2023-10-17T00:00:00,20.0,43175,1.0,2158.75,high,historical_dataset
2023-10-17T00:00:00,37.624433138230685,25538,1.0,678.76,medium,historical_dataset
2023-10-17T00:00:00,49.08108314330051,17681,1.0,360.24,low,historical_dataset
2023-10-17T00:00:00,26.84116261903371,22053,1.0,821.61,medium,historical_dataset
2023-10-17T00:00:00,45.71753467113629,33335,1.0,729.15,medium,historical_dataset
2023-10-17T00:00:00,54.820592716535536,15384,1.0,280.62,low,historical_dataset
2023-10-18T00:00:00,34.77979583019232,22793,1.0,655.35,medium,historical_dataset
2023-10-18T00:00:00,34.03671262389785,10716,1.0,314.84,low,historical_dataset
2023-10-18T00:00:00,25.336173631115603,29765,1.0,1174.8,high,historical_dataset
2023-10-18T00:00:00,50.246892465067,13053,1.0,259.78,low,historical_dataset
2023-10-18T00:00:00,23.874588082571297,37839,1.0,1584.91,high,historical_dataset
2023-10-18T00:00:00,34.91786715373157,17270,1.0,494.59,low,historical_dataset
2023-10-18T00:00:00,69.72304618223843,15562,1.0,223.2,low,historical_dataset
2023-10-19T00:00:00,42.69236240377042,35152,1.0,823.38,medium,historical_dataset
2023-10-19T00:00:00,31.395288405123413,27988,1.0,891.47,medium,historical_dataset
2023-10-19T00:00:00,24.368498474708524,45642,1.0,1872.99,high,historical_dataset
2023-10-19T00:00:00,40.14795326828971,13060,1.0,325.3,low,historical_dataset
2023-10-19T00:00:00,37.44857974076577,47587,1.0,1270.73,high,historical_dataset
2023-10-19T00:00:00,34.10103447720936,28194,1.0,826.78,medium,historical_dataset
2023-10-19T00:00:00,44.60800179062011,27203,1.0,609.82,medium,historical_dataset
2023-10-19T00:00:00,26.070994789292946,31511,1.0,1208.66,high,historical_dataset
2023-10-20T00:00:00,49.422198220588236,11034,1.0,223.26,low,historical_dataset
2023-10-20T00:00:00,22.042955518188133,43702,1.0,1982.58,high,historical_dataset
2023-10-20T00:00:00,43.69198660073106,18918,1.0,432.99,low,historical_dataset
2023-10-20T00:00:00,27.428038299338372,21990,1.0,801.73,medium,historical_dataset
2023-10-20T00:00:00,32.47624262233299,49197,1.0,1514.86,high,historical_dataset
2023-10-20T00:00:00,48.17838166715469,61900,1.0,1284.81,high,historical_dataset
2023-10-20T00:00:00,46.94835943397557,52879,1.0,1126.32,high,historical_dataset
2023-10-20T00:00:00,33.74442118741128,28700,1.0,850.51,medium,historical_dataset
2023-10-20T00:00:00,41.707704433216016,15201,1.0,364.47,low,historical_dataset
2023-10-20T00:00:00,24.70523730942388,32547,1.0,1317.41,high,historical_dataset
2023-10-20T00:00:00,53.66745008632076,15974,1.0,297.65,low,historical_dataset
2023-10-21T00:00:00,28.47361557532067,52282,1.0,1836.16,high,historical_dataset
2023-10-21T00:00:00,53.9148728986448,10797,1.0,200.26,low,historical_dataset
2023-10-21T00:00:00,49.298707043507406,30830,1.0,625.37,medium,historical_dataset
2023-10-21T00:00:00,39.053024873531065,64536,1.0,1652.52,high,historical_dataset
2023-10-21T00:00:00,35.14859641335049,45014,1.0,1280.68,high,historical_dataset
2023-10-21T00:00:00,43.97589406096219,12161,1.0,276.54,low,historical_dataset
2023-10-21T00:00:00,51.05760292264765,24859,1.0,486.88,low,historical_dataset
2023-10-21T00:00:00,36.992092147980024,33068,1.0,893.92,medium,historical_dataset
2023-10-21T00:00:00,26.826494490237945,15710,1.0,585.62,medium,historical_dataset
2023-10-21T00:00:00,43.07308721163013,24464,1.0,567.96,medium,historical_dataset
2023-10-21T00:00:00,41.327070577749126,30258,1.0,732.16,medium,historical_dataset
2023-10-22T00:00:00,43.776747724696826,24434,1.0,558.15,medium,historical_dataset
2023-10-22T00:00:00,41.53965665009945,43862,1.0,1055.91,high,historical_dataset
2023-10-22T00:00:00,26.77323191118845,27768,1.0,1037.16,high,historical_dataset
2023-10-22T00:00:00,28.443493215399762,52194,1.0,1835.01,high,historical_dataset
2023-10-22T00:00:00,46.774024905355056,12411,1.0,265.34,low,historical_dataset
2023-10-22T00:00:00,48.26946414259483,27952,1.0,579.08,medium,historical_dataset
2023-10-22T00:00:00,46.158104533875715,13962,1.0,302.48,low,historical_dataset
2023-10-23T00:00:00,43.11132218614998,24495,1.0,568.18,medium,historical_dataset
2023-10-23T00:00:00,34.814819782540035,33458,1.0,961.03,medium,historical_dataset
2023-10-23T00:00:00,44.722470647615005,13414,1.0,299.94,low,historical_dataset
2023-10-23T00:00:00,20.0,27417,1.0,1370.85,high,historical_dataset
2023-10-23T00:00:00,35.499277344263,45702,1.0,1287.41,high,historical_dataset
2023-10-23T00:00:00,43.59366215645495,16305,1.0,374.02,low,historical_dataset
2023-10-23T00:00:00,34.434442618478286,49623,1.0,1441.09,high,historical_dataset
2023-10-23T00:00:00,31.01911404972368,27566,1.0,888.68,medium,historical_dataset
2023-10-23T00:00:00,47.86734605757598,35403,1.0,739.61,medium,historical_dataset
2023-10-23T00:00:00,47.299084669564785,18962,1.0,400.9,low,historical_dataset
2023-10-24T00:00:00,37.72570169625898,18092,1.0,479.57,low,historical_dataset
2023-10-24T00:00:00,36.791369465550005,34831,1.0,946.72,medium,historical_dataset
2023-10-24T00:00:00,38.471166057648844,65375,1.0,1699.32,high,historical_dataset
2023-10-24T00:00:00,46.115350752089626,13631,1.0,295.58,low,historical_dataset
2023-10-24T00:00:00,53.56064917540301,24993,1.0,466.63,low,historical_dataset
2023-10-24T00:00:00,27.522036748532575,35393,1.0,1285.99,high,historical_dataset
2023-10-24T00:00:00,43.06960944494546,36805,1.0,854.55,medium,historical_dataset
2023-10-24T00:00:00,47.63712660122545,13250,1.0,278.14,low,historical_dataset
2023-10-25T00:00:00,35.99298682837429,31365,1.0,871.42,medium,historical_dataset
2023-10-25T00:00:00,42.65798396092434,36365,1.0,852.48,medium,historical_dataset
2023-10-25T00:00:00,44.1757792099294,16084,1.0,364.09,low,historical_dataset
2023-10-25T00:00:00,42.563642434000805,57040,1.0,1340.11,high,historical_dataset
2023-10-25T00:00:00,36.505412616747435,56395,1.0,1544.84,high,historical_dataset
2023-10-25T00:00:00,33.0623416317401,26610,1.0,804.84,medium,historical_dataset
2023-10-25T00:00:00,34.78114608411444,28001,1.0,805.06,medium,historical_dataset
2023-10-25T00:00:00,36.177450396800054,29064,1.0,803.37,medium,historical_dataset
2023-10-25T00:00:00,37.634707007419166,20237,1.0,537.72,medium,historical_dataset
2023-10-25T00:00:00,29.819004885373026,42668,1.0,1430.9,high,historical_dataset
2023-10-26T00:00:00,23.381873725714588,40112,1.0,1715.52,high,historical_dataset
2023-10-26T00:00:00,37.89464687480082,22185,1.0,585.44,medium,historical_dataset
2023-10-26T00:00:00,43.54045960080682,18532,1.0,425.63,low,historical_dataset
2023-10-26T00:00:00,36.72930435827386,51353,1.0,1398.15,high,historical_dataset
2023-10-26T00:00:00,50.51687001927133,13667,1.0,270.54,low,historical_dataset
2023-10-26T00:00:00,41.56118083463706,35426,1.0,852.38,medium,historical_dataset
2023-10-26T00:00:00,20.0,49080,1.0,2454.0,high,historical_dataset
2023-10-26T00:00:00,39.622264291397485,22992,1.0,580.28,medium,historical_dataset
2023-10-26T00:00:00,26.852736201241875,28776,1.0,1071.62,high,historical_dataset
2023-10-26T00:00:00,36.812031165651476,9738,1.0,264.53,low,historical_dataset
2023-10-26T00:00:00,21.810637292715505,29111,1.0,1334.72,high,historical_dataset
2023-10-26T00:00:00,44.86598717341714,20505,1.0,457.03,low,historical_dataset
2023-10-27T00:00:00,47.36678309471846,32957,1.0,695.78,medium,historical_dataset
2023-10-27T00:00:00,75.8628113264772,22366,1.0,294.82,low,historical_dataset
2023-10-27T00:00:00,55.78589116389919,6530,1.0,117.05,low,historical_dataset
2023-10-27T00:00:00,50.61744269127017,15909,1.0,314.3,low,historical_dataset
2023-10-27T00:00:00,47.93630292296075,15309,1.0,319.36,low,historical_dataset
2023-10-27T00:00:00,47.586141633366154,66063,1.0,1388.28,high,historical_dataset
2023-10-27T00:00:00,29.223323229306416,27528,1.0,941.99,medium,historical_dataset
2023-10-27T00:00:00,51.987886741910835,24455,1.0,470.4,low,historical_dataset
2023-10-27T00:00:00,63.724613034707275,29084,1.0,456.4,low,historical_dataset
2023-10-27T00:00:00,52.952551343920156,19899,1.0,375.79,low,historical_dataset
2023-10-27T00:00:00,60.72731665335661,26846,1.0,442.07,low,historical_dataset
2023-10-27T00:00:00,45.55729710095528,15343,1.0,336.78,low,historical_dataset
2023-10-28T00:00:00,29.722705772536926,54706,1.0,1840.55,high,historical_dataset
2023-10-28T00:00:00,23.094432811589662,26461,1.0,1145.77,high,historical_dataset
2023-10-28T00:00:00,26.941641207934413,29469,1.0,1093.81,high,historical_dataset
2023-10-28T00:00:00,31.733714498847085,40798,1.0,1285.64,high,historical_dataset
2023-10-28T00:00:00,36.66691974647639,37815,1.0,1031.31,high,historical_dataset
2023-10-28T00:00:00,26.019515042400403,26532,1.0,1019.7,high,historical_dataset
2023-10-28T00:00:00,29.39355291263164,34405,1.0,1170.49,high,historical_dataset
2023-10-28T00:00:00,23.24692694488091,21314,1.0,916.85,medium,historical_dataset
2023-10-28T00:00:00,28.769504618705007,29964,1.0,1041.52,high,historical_dataset
2023-10-29T00:00:00,35.80082643268217,26579,1.0,742.41,medium,historical_dataset
2023-10-29T00:00:00,57.7323802524963,36721,1.0,636.06,medium,historical_dataset
2023-10-29T00:00:00,45.55535066999396,28454,1.0,624.6,medium,historical_dataset
2023-10-29T00:00:00,38.39635534938371,44098,1.0,1148.49,high,historical_dataset
2023-10-29T00:00:00,40.00964974472369,15793,1.0,394.73,low,historical_dataset
2023-10-29T00:00:00,54.66153682829559,19690,1.0,360.22,low,historical_dataset
2023-10-29T00:00:00,40.842500001893455,49382,1.0,1209.08,high,historical_dataset
2023-10-29T00:00:00,35.58565103475532,33630,1.0,945.04,medium,historical_dataset
2023-10-29T00:00:00,51.24846566733233,17632,1.0,344.05,low,historical_dataset
2023-10-29T00:00:00,32.725895089741286,17656,1.0,539.51,medium,historical_dataset
2023-10-30T00:00:00,47.31235402299877,36442,1.0,770.24,medium,historical_dataset
2023-10-30T00:00:00,24.267187498986353,51906,1.0,2138.94,high,historical_dataset
2023-10-30T00:00:00,24.699252957037,26660,1.0,1079.38,high,historical_dataset
2023-10-30T00:00:00,64.44708313301184,24174,1.0,375.1,low,historical_dataset
2023-10-30T00:00:00,40.924254800484675,28401,1.0,693.99,medium,historical_dataset
2023-10-30T00:00:00,43.35316273298995,22085,1.0,509.42,medium,historical_dataset
2023-10-30T00:00:00,50.15512178838105,22437,1.0,447.35,low,historical_dataset
2023-10-31T00:00:00,34.25816147370938,24316,1.0,709.79,medium,historical_dataset
2023-10-31T00:00:00,68.48546997788681,21296,1.0,310.96,low,historical_dataset
2023-10-31T00:00:00,44.62838848875116,17680,1.0,396.16,low,historical_dataset
2023-10-31T00:00:00,42.69991959925569,18334,1.0,429.37,low,historical_dataset
2023-10-31T00:00:00,27.27093346950535,57027,1.0,2091.13,high,historical_dataset
2023-10-31T00:00:00,30.13287868812885,26481,1.0,878.81,medium,historical_dataset
2023-10-31T00:00:00,29.800509007529307,36105,1.0,1211.56,high,historical_dataset
2023-10-31T00:00:00,61.635670677709655,9224,1.0,149.65,low,historical_dataset
2023-11-01T00:00:00,44.96156961212741,54628,1.0,1214.99,high,historical_dataset
2023-11-01T00:00:00,33.44227724778665,32355,1.0,967.49,medium,historical_dataset
2023-11-01T00:00:00,29.878380721605396,32790,1.0,1097.45,high,historical_dataset
2023-11-01T00:00:00,27.924997535201708,27999,1.0,1002.65,high,historical_dataset
2023-11-01T00:00:00,38.21792772737856,33752,1.0,883.15,medium,historical_dataset
2023-11-01T00:00:00,38.63952881792224,32912,1.0,851.77,medium,historical_dataset
2023-11-01T00:00:00,64.63094700384961,11520,1.0,178.24,low,historical_dataset
2023-11-02T00:00:00,41.195037234235485,53564,1.0,1300.25,high,historical_dataset
2023-11-02T00:00:00,47.58393320096828,36745,1.0,772.21,medium,historical_dataset
2023-11-02T00:00:00,41.61875006248441,8264,1.0,198.56,low,historical_dataset
2023-11-02T00:00:00,42.06600461610883,10931,1.0,259.85,low,historical_dataset
2023-11-02T00:00:00,31.69947485543237,37016,1.0,1167.72,high,historical_dataset
2023-11-02T00:00:00,33.61821364212348,36475,1.0,1084.98,high,historical_dataset
2023-11-02T00:00:00,50.13208018056895,22270,1.0,444.23,low,historical_dataset
2023-11-02T00:00:00,22.45003256976299,27616,1.0,1230.11,high,historical_dataset
2023-11-02T00:00:00,50.30056574204452,23608,1.0,469.34,low,historical_dataset
2023-11-03T00:00:00,37.53617490721161,44658,1.0,1189.73,high,historical_dataset
2023-11-03T00:00:00,29.67746611571227,33168,1.0,1117.62,high,historical_dataset
2023-11-03T00:00:00,20.0,56429,1.0,2821.45,high,historical_dataset
2023-11-03T00:00:00,53.872499372539444,15362,1.0,285.15,low,historical_dataset
2023-11-03T00:00:00,31.52144073733067,43377,1.0,1376.11,high,historical_dataset
2023-11-03T00:00:00,53.27101062734699,23848,1.0,447.67,low,historical_dataset
2023-11-03T00:00:00,55.99318637866389,28721,1.0,512.94,medium,historical_dataset
2023-11-03T00:00:00,47.69417178855263,32172,1.0,674.55,medium,historical_dataset
2023-11-04T00:00:00,42.232140822001114,24445,1.0,578.82,medium,historical_dataset
2023-11-04T00:00:00,40.45865241538161,26007,1.0,642.8,medium,historical_dataset
2023-11-04T00:00:00,48.16718436580405,16370,1.0,339.86,low,historical_dataset
2023-11-04T00:00:00,20.0,28827,1.0,1441.35,high,historical_dataset
2023-11-04T00:00:00,49.8752763868097,22364,1.0,448.4,low,historical_dataset
2023-11-04T00:00:00,33.33686768722979,24105,1.0,723.07,medium,historical_dataset
2023-11-04T00:00:00,31.483601948754107,29730,1.0,944.3,medium,historical_dataset
2023-11-04T00:00:00,47.5580329065,34441,1.0,724.19,medium,historical_dataset
2023-11-04T00:00:00,53.168998370430884,18476,1.0,347.5,low,historical_dataset
2023-11-04T00:00:00,54.752153768712034,9020,1.0,164.74,low,historical_dataset
2023-11-05T00:00:00,43.62964459562404,36775,1.0,842.89,medium,historical_dataset
2023-11-05T00:00:00,34.46905479168179,35018,1.0,1015.93,high,historical_dataset
2023-11-05T00:00:00,66.26873396394458,16894,1.0,254.93,low,historical_dataset
2023-11-05T00:00:00,38.65464997383057,23559,1.0,609.47,medium,historical_dataset
2023-11-05T00:00:00,27.07849273801422,43420,1.0,1603.49,high,historical_dataset
2023-11-05T00:00:00,24.61870189276428,44888,1.0,1823.33,high,historical_dataset
2023-11-05T00:00:00,26.065127130179068,36732,1.0,1409.24,high,historical_dataset
2023-11-05T00:00:00,42.51059090134612,35665,1.0,838.97,medium,historical_dataset
2023-11-05T00:00:00,29.94266514155575,37223,1.0,1243.14,high,historical_dataset
2023-11-05T00:00:00,41.56444139837351,27409,1.0,659.43,medium,historical_dataset
2023-11-05T00:00:00,47.19114819998528,9534,1.0,202.03,low,historical_dataset
2023-11-05T00:00:00,56.40761910017319,18342,1.0,325.17,low,historical_dataset
2023-11-06T00:00:00,38.466784280368614,44795,1.0,1164.51,high,historical_dataset
2023-11-06T00:00:00,47.630539197086776,24148,1.0,506.99,medium,historical_dataset
2023-11-06T00:00:00,48.40875197935092,33258,1.0,687.02,medium,historical_dataset
2023-11-06T00:00:00,20.0,29930,1.0,1496.5,high,historical_dataset
2023-11-06T00:00:00,21.342253650567812,46074,1.0,2158.82,high,historical_dataset
2023-11-06T00:00:00,30.742303583895165,21532,1.0,700.4,medium,historical_dataset
2023-11-06T00:00:00,36.23594064537639,39376,1.0,1086.66,high,historical_dataset
2023-11-06T00:00:00,46.66430016456928,27266,1.0,584.3,medium,historical_dataset
2023-11-06T00:00:00,59.4859923089249,7307,1.0,122.84,low,historical_dataset
2023-11-07T00:00:00,42.45344831396531,21772,1.0,512.84,medium,historical_dataset
2023-11-07T00:00:00,45.54336263935995,22140,1.0,486.13,low,historical_dataset
2023-11-07T00:00:00,51.669625477370914,44392,1.0,859.15,medium,historical_dataset
2023-11-07T00:00:00,20.0,49105,1.0,2455.25,high,historical_dataset
2023-11-07T00:00:00,40.29607865485626,26760,1.0,664.08,medium,historical_dataset
2023-11-07T00:00:00,51.18825607829227,34572,1.0,675.39,medium,historical_dataset
2023-11-07T00:00:00,20.0,38226,1.0,1911.3,high,historical_dataset
2023-11-07T00:00:00,46.87747642526425,32625,1.0,695.96,medium,historical_dataset
2023-11-07T00:00:00,37.25692390899682,25573,1.0,686.4,medium,historical_dataset
2023-11-08T00:00:00,33.82255099944595,25982,1.0,768.19,medium,historical_dataset
2023-11-08T00:00:00,20.0,25813,1.0,1290.65,high,historical_dataset
2023-11-08T00:00:00,60.853384728858565,20976,1.0,344.7,low,historical_dataset
2023-11-08T00:00:00,37.785821748077986,49975,1.0,1322.59,high,historical_dataset
2023-11-08T00:00:00,42.90350099358245,12611,1.0,293.94,low,historical_dataset
2023-11-08T00:00:00,32.862774918194184,15021,1.0,457.08,low,historical_dataset
2023-11-08T00:00:00,35.44718201636704,51213,1.0,1444.77,high,historical_dataset
2023-11-08T00:00:00,31.984198147354732,56312,1.0,1760.62,high,historical_dataset
2023-11-09T00:00:00,56.17018453757122,10976,1.0,195.41,low,historical_dataset
2023-11-09T00:00:00,40.11630515279862,25779,1.0,642.61,medium,historical_dataset
2023-11-09T00:00:00,20.0,25440,1.0,1272.0,high,historical_dataset
2023-11-09T00:00:00,37.74249244997038,14535,1.0,385.11,low,historical_dataset
2023-11-09T00:00:00,42.91666899919062,41746,1.0,972.72,medium,historical_dataset
2023-11-09T00:00:00,45.99854673946892,24503,1.0,532.69,medium,historical_dataset
2023-11-09T00:00:00,32.78863435915033,23654,1.0,721.41,medium,historical_dataset
2023-11-09T00:00:00,41.35330147784086,37815,1.0,914.44,medium,historical_dataset
2023-11-09T00:00:00,44.44783760118797,30208,1.0,679.63,medium,historical_dataset
2023-11-09T00:00:00,30.823499684486478,25780,1.0,836.37,medium,historical_dataset
2023-11-09T00:00:00,47.80370462821765,15267,1.0,319.37,low,historical_dataset
2023-11-10T00:00:00,28.129277537973657,38096,1.0,1354.32,high,historical_dataset
2023-11-10T00:00:00,30.04556108029442,44404,1.0,1477.89,high,historical_dataset
2023-11-10T00:00:00,44.211042405704795,24352,1.0,550.81,medium,historical_dataset
2023-11-10T00:00:00,36.93093136229623,18525,1.0,501.61,medium,historical_dataset
2023-11-10T00:00:00,38.72729316931873,22119,1.0,571.15,medium,historical_dataset
2023-11-10T00:00:00,44.66532820866635,14622,1.0,327.37,low,historical_dataset
2023-11-10T00:00:00,20.0,40795,1.0,2039.75,high,historical_dataset
2023-11-10T00:00:00,46.20884444450009,35308,1.0,764.1,medium,historical_dataset
2023-11-10T00:00:00,48.14182534706002,27683,1.0,575.03,medium,historical_dataset
2023-11-11T00:00:00,52.73294199173875,24788,1.0,470.07,low,historical_dataset
2023-11-11T00:00:00,31.998065908444158,29286,1.0,915.24,medium,historical_dataset
2023-11-11T00:00:00,20.052245132222403,44317,1.0,2210.08,high,historical_dataset
2023-11-11T00:00:00,33.658649778693515,52290,1.0,1553.54,high,historical_dataset
2023-11-11T00:00:00,37.15086300824208,40368,1.0,1086.6,high,historical_dataset
2023-11-11T00:00:00,30.79783700601112,25719,1.0,835.09,medium,historical_dataset
2023-11-11T00:00:00,29.205387597426565,29529,1.0,1011.08,high,historical_dataset
2023-11-11T00:00:00,46.70029232094545,39680,1.0,849.67,medium,historical_dataset
2023-11-11T00:00:00,42.6963949854913,22300,1.0,522.29,medium,historical_dataset
2023-11-11T00:00:00,41.6901595544896,33243,1.0,797.38,medium,historical_dataset
2023-11-12T00:00:00,61.36734279733134,22745,1.0,370.64,low,historical_dataset
2023-11-12T00:00:00,21.47559413999064,37332,1.0,1738.35,high,historical_dataset
2023-11-12T00:00:00,32.41501154208871,40323,1.0,1243.96,high,historical_dataset
2023-11-12T00:00:00,62.78498975466658,15795,1.0,251.57,low,historical_dataset
2023-11-12T00:00:00,37.43462362422424,25259,1.0,674.75,medium,historical_dataset
2023-11-12T00:00:00,28.570028355635987,26205,1.0,917.22,medium,historical_dataset
2023-11-12T00:00:00,41.98645478640249,20533,1.0,489.04,low,historical_dataset
2023-11-13T00:00:00,35.720595975508346,21497,1.0,601.81,medium,historical_dataset
2023-11-13T00:00:00,49.37554519140883,23609,1.0,478.15,low,historical_dataset
2023-11-13T00:00:00,57.68047533219253,41743,1.0,723.69,medium,historical_dataset
2023-11-13T00:00:00,32.976484406382525,52910,1.0,1604.48,high,historical_dataset
2023-11-13T00:00:00,25.501058125563347,37211,1.0,1459.19,high,historical_dataset
2023-11-13T00:00:00,46.945095705222236,40478,1.0,862.24,medium,historical_dataset
2023-11-13T00:00:00,39.032382297196946,14815,1.0,379.56,low,historical_dataset
2023-11-14T00:00:00,29.846634674642495,36059,1.0,1208.14,high,historical_dataset
2023-11-14T00:00:00,28.400624929192134,37436,1.0,1318.14,high,historical_dataset
2023-11-14T00:00:00,29.265929429188375,23725,1.0,810.67,medium,historical_dataset
2023-11-14T00:00:00,48.585344676603704,30680,1.0,631.47,medium,historical_dataset
2023-11-14T00:00:00,50.81370781858919,17584,1.0,346.05,low,historical_dataset
2023-11-14T00:00:00,34.84179612939745,21989,1.0,631.11,medium,historical_dataset
2023-11-14T00:00:00,44.531878157663634,13024,1.0,292.46,low,historical_dataset
2023-11-14T00:00:00,41.02667634842185,22186,1.0,540.77,medium,historical_dataset
2023-11-14T00:00:00,20.0,27309,1.0,1365.45,high,historical_dataset
2023-11-14T00:00:00,27.404970741314223,30481,1.0,1112.24,high,historical_dataset
2023-11-14T00:00:00,20.0,28940,1.0,1447.0,high,historical_dataset
2023-11-15T00:00:00,44.47299058183553,37732,1.0,848.43,medium,historical_dataset
2023-11-15T00:00:00,33.715553870458244,33995,1.0,1008.29,high,historical_dataset
2023-11-15T00:00:00,43.297315536600074,15532,1.0,358.73,low,historical_dataset
2023-11-15T00:00:00,35.58512557833658,32494,1.0,913.13,medium,historical_dataset
2023-11-15T00:00:00,42.12304180473522,49158,1.0,1167.01,high,historical_dataset
2023-11-15T00:00:00,40.05403852760963,36438,1.0,909.72,medium,historical_dataset
2023-11-15T00:00:00,35.72717736720564,26864,1.0,751.92,medium,historical_dataset
2023-11-15T00:00:00,55.583236329796556,24175,1.0,434.93,low,historical_dataset
2023-11-15T00:00:00,26.88631924112547,28976,1.0,1077.72,high,historical_dataset
2023-11-16T00:00:00,39.74720765350991,33522,1.0,843.38,medium,historical_dataset
2023-11-16T00:00:00,28.32080601263414,34371,1.0,1213.63,high,historical_dataset
2023-11-16T00:00:00,32.23218693215907,31492,1.0,977.04,medium,historical_dataset
2023-11-16T00:00:00,37.85373851661699,21059,1.0,556.33,medium,historical_dataset
2023-11-16T00:00:00,28.536481193698926,13671,1.0,479.07,low,historical_dataset
2023-11-16T00:00:00,61.700153008807206,48543,1.0,786.76,medium,historical_dataset
2023-11-16T00:00:00,49.302382938329416,20999,1.0,425.92,low,historical_dataset
2023-11-17T00:00:00,38.662500110779455,23567,1.0,609.56,medium,historical_dataset
2023-11-17T00:00:00,36.68608807061113,35638,1.0,971.43,medium,historical_dataset
2023-11-17T00:00:00,26.614223598921097,61109,1.0,2296.1,high,historical_dataset
2023-11-17T00:00:00,47.50273419749305,28056,1.0,590.62,medium,historical_dataset
2023-11-17T00:00:00,20.0,28222,1.0,1411.1,high,historical_dataset
2023-11-17T00:00:00,41.01901070732213,25546,1.0,622.78,medium,historical_dataset
2023-11-17T00:00:00,26.147604722532556,11218,1.0,429.03,low,historical_dataset
2023-11-18T00:00:00,40.813407032465754,12675,1.0,310.56,low,historical_dataset
2023-11-18T00:00:00,38.590536925490014,31352,1.0,812.43,medium,historical_dataset
2023-11-18T00:00:00,40.43208168417107,21400,1.0,529.28,medium,historical_dataset
2023-11-18T00:00:00,28.284595811360628,37536,1.0,1327.08,high,historical_dataset
2023-11-18T00:00:00,31.297412048865013,30790,1.0,983.79,medium,historical_dataset
2023-11-18T00:00:00,42.87361631804994,12830,1.0,299.25,low,historical_dataset
2023-11-18T00:00:00,32.028358927306726,15135,1.0,472.55,low,historical_dataset
2023-11-18T00:00:00,53.40488615777698,18446,1.0,345.4,low,historical_dataset
2023-11-18T00:00:00,43.97566950018706,20306,1.0,461.76,low,historical_dataset
2023-11-19T00:00:00,55.45168784926892,20454,1.0,368.86,low,historical_dataset
2023-11-19T00:00:00,56.171331630967984,22916,1.0,407.97,low,historical_dataset
2023-11-19T00:00:00,42.65333051242185,29501,1.0,691.65,medium,historical_dataset
2023-11-19T00:00:00,47.825740664861065,15492,1.0,323.93,low,historical_dataset
2023-11-19T00:00:00,46.566765147610475,31529,1.0,677.07,medium,historical_dataset
2023-11-19T00:00:00,54.056984172572015,21763,1.0,402.59,low,historical_dataset
2023-11-19T00:00:00,44.03368298762075,43468,1.0,987.15,medium,historical_dataset
2023-11-19T00:00:00,31.970774774502303,24813,1.0,776.12,medium,historical_dataset
2023-11-19T00:00:00,56.94746381609591,12346,1.0,216.8,low,historical_dataset
2023-11-19T00:00:00,32.70054525475883,19496,1.0,596.2,medium,historical_dataset
2023-11-20T00:00:00,41.69119191045493,48988,1.0,1175.02,high,historical_dataset
2023-11-20T00:00:00,50.66641698334601,12526,1.0,247.22,low,historical_dataset
2023-11-20T00:00:00,39.32355245631437,35907,1.0,913.12,medium,historical_dataset
2023-11-20T00:00:00,56.76502339943344,21416,1.0,377.27,low,historical_dataset
2023-11-20T00:00:00,36.26229221076453,33258,1.0,917.15,medium,historical_dataset
2023-11-20T00:00:00,50.631291752370124,15060,1.0,297.44,low,historical_dataset
2023-11-20T00:00:00,37.84799469640205,40906,1.0,1080.8,high,historical_dataset
2023-11-20T00:00:00,29.7646202320158,19490,1.0,654.8,medium,historical_dataset
2023-11-20T00:00:00,64.52227094342747,18303,1.0,283.67,low,historical_dataset
2023-11-20T00:00:00,54.39930619845346,34147,1.0,627.71,medium,historical_dataset
2023-11-20T00:00:00,40.7278768431554,13702,1.0,336.43,low,historical_dataset
2023-11-21T00:00:00,43.83634426086982,42792,1.0,976.18,medium,historical_dataset
2023-11-21T00:00:00,34.68919711339536,27252,1.0,785.6,medium,historical_dataset
2023-11-21T00:00:00,42.687012556605254,29831,1.0,698.83,medium,historical_dataset
2023-11-21T00:00:00,39.5688199439693,44298,1.0,1119.52,high,historical_dataset
2023-11-21T00:00:00,51.598716519426404,8984,1.0,174.11,low,historical_dataset
2023-11-21T00:00:00,53.23905390456951,38922,1.0,731.08,medium,historical_dataset
2023-11-21T00:00:00,43.65575319605608,36716,1.0,841.03,medium,historical_dataset
2023-11-21T00:00:00,37.06114561488347,17600,1.0,474.89,low,historical_dataset
2023-11-21T00:00:00,35.684426819551874,23524,1.0,659.22,medium,historical_dataset
2023-11-21T00:00:00,55.502437689993315,18364,1.0,330.87,low,historical_dataset
2023-11-21T00:00:00,39.86503997988989,13935,1.0,349.55,low,historical_dataset
2023-11-22T00:00:00,32.96734068001522,11763,1.0,356.81,low,historical_dataset
2023-11-22T00:00:00,46.09043427710002,37025,1.0,803.31,medium,historical_dataset
2023-11-22T00:00:00,41.18199977630962,65484,1.0,1590.11,high,historical_dataset
2023-11-22T00:00:00,33.39427472564846,66169,1.0,1981.45,high,historical_dataset
2023-11-22T00:00:00,46.69628367103172,26789,1.0,573.69,medium,historical_dataset
2023-11-22T00:00:00,46.53344998512054,51570,1.0,1108.24,high,historical_dataset
2023-11-22T00:00:00,41.707981475401056,34455,1.0,826.1,medium,historical_dataset
2023-11-22T00:00:00,35.99395490684704,28734,1.0,798.3,medium,historical_dataset
2023-11-22T00:00:00,26.876845670837813,12935,1.0,481.27,low,historical_dataset
2023-11-22T00:00:00,35.60923503445488,13922,1.0,390.97,low,historical_dataset
2023-11-23T00:00:00,44.50888291580439,38138,1.0,856.86,medium,historical_dataset
2023-11-23T00:00:00,38.04886189391824,14567,1.0,382.85,low,historical_dataset
2023-11-23T00:00:00,24.256909880987067,31965,1.0,1317.77,high,historical_dataset
2023-11-23T00:00:00,60.89222677520827,28458,1.0,467.35,low,historical_dataset
2023-11-23T00:00:00,44.74020954301251,36915,1.0,825.1,medium,historical_dataset
2023-11-23T00:00:00,44.98694343062911,27491,1.0,611.09,medium,historical_dataset
2023-11-23T00:00:00,20.0,32547,1.0,1627.35,high,historical_dataset
2023-11-23T00:00:00,40.44219264674285,37519,1.0,927.72,medium,historical_dataset
2023-11-23T00:00:00,62.966814016410694,12370,1.0,196.45,low,historical_dataset
2023-11-24T00:00:00,39.908894115332984,22897,1.0,573.73,medium,historical_dataset
2023-11-24T00:00:00,21.988592270200748,34578,1.0,1572.54,high,historical_dataset
2023-11-24T00:00:00,36.750408815867495,23682,1.0,644.4,medium,historical_dataset
2023-11-24T00:00:00,45.1551479096139,24733,1.0,547.73,medium,historical_dataset
2023-11-24T00:00:00,40.63540803515971,44066,1.0,1084.42,high,historical_dataset
2023-11-24T00:00:00,30.744457935235996,29717,1.0,966.58,medium,historical_dataset
2023-11-24T00:00:00,26.90128615987808,39824,1.0,1480.38,high,historical_dataset
2023-11-24T00:00:00,27.43538599419521,36152,1.0,1317.71,high,historical_dataset
2023-11-24T00:00:00,41.500301782556996,26713,1.0,643.68,medium,historical_dataset
2023-11-24T00:00:00,20.0,18119,1.0,905.95,medium,historical_dataset
2023-11-25T00:00:00,38.11280072653098,47274,1.0,1240.37,high,historical_dataset
2023-11-25T00:00:00,32.18674029759377,36727,1.0,1141.06,high,historical_dataset
2023-11-25T00:00:00,20.0,43792,1.0,2189.6,high,historical_dataset
2023-11-25T00:00:00,41.46990456227533,28326,1.0,683.05,medium,historical_dataset
2023-11-25T00:00:00,40.817474960735964,17944,1.0,439.62,low,historical_dataset
2023-11-25T00:00:00,39.81829045015522,40478,1.0,1016.57,high,historical_dataset
2023-11-25T00:00:00,36.446127103986065,13244,1.0,363.39,low,historical_dataset
2023-11-25T00:00:00,40.8390435887651,35155,1.0,860.82,medium,historical_dataset
2023-11-25T00:00:00,46.8257723800854,24079,1.0,514.23,medium,historical_dataset
2023-11-25T00:00:00,54.30042053909,19088,1.0,351.53,low,historical_dataset
2023-11-26T00:00:00,82.12795345114864,21470,1.0,261.42,low,historical_dataset
2023-11-26T00:00:00,26.728411576514013,13654,1.0,510.84,medium,historical_dataset
2023-11-26T00:00:00,39.62777073097837,47097,1.0,1188.48,high,historical_dataset
2023-11-26T00:00:00,41.98150401925571,30781,1.0,733.2,medium,historical_dataset
2023-11-26T00:00:00,38.73258942380981,12346,1.0,318.75,low,historical_dataset
2023-11-26T00:00:00,43.60399080300704,37547,1.0,861.09,medium,historical_dataset
2023-11-26T00:00:00,51.62155502413198,41512,1.0,804.16,medium,historical_dataset
2023-11-26T00:00:00,27.033312150260365,33396,1.0,1235.36,high,historical_dataset
2023-11-26T00:00:00,25.403281303368917,10991,1.0,432.66,low,historical_dataset
2023-11-26T00:00:00,41.860257375127816,29750,1.0,710.7,medium,historical_dataset
2023-11-26T00:00:00,54.57967023383036,13438,1.0,246.21,low,historical_dataset
2023-11-27T00:00:00,38.57426529962088,49615,1.0,1286.22,high,historical_dataset
2023-11-27T00:00:00,58.153040243801975,37397,1.0,643.08,medium,historical_dataset
2023-11-27T00:00:00,28.698300335586932,18986,1.0,661.57,medium,historical_dataset
2023-11-27T00:00:00,51.60858059125009,24205,1.0,469.01,low,historical_dataset
2023-11-27T00:00:00,31.92174195440826,41093,1.0,1287.3,high,historical_dataset
2023-11-27T00:00:00,28.260441435365696,27529,1.0,974.12,medium,historical_dataset
2023-11-27T00:00:00,31.691648250269854,49396,1.0,1558.64,high,historical_dataset
2023-11-27T00:00:00,27.999971764797724,26946,1.0,962.36,medium,historical_dataset
2023-11-27T00:00:00,35.66000986491815,9472,1.0,265.62,low,historical_dataset
2023-11-27T00:00:00,52.87825612299966,13548,1.0,256.21,low,historical_dataset
2023-11-28T00:00:00,37.351497053482355,36570,1.0,979.08,medium,historical_dataset
2023-11-28T00:00:00,39.57308541871446,30912,1.0,781.14,medium,historical_dataset
2023-11-28T00:00:00,46.127045275245635,22030,1.0,477.59,low,historical_dataset
2023-11-28T00:00:00,59.2173908452187,21941,1.0,370.52,low,historical_dataset
2023-11-28T00:00:00,33.15348558413673,33867,1.0,1021.52,high,historical_dataset
2023-11-28T00:00:00,48.44659544589673,13697,1.0,282.72,low,historical_dataset
2023-11-28T00:00:00,34.864198114900965,53635,1.0,1538.4,high,historical_dataset
2023-11-28T00:00:00,38.60869899452015,33061,1.0,856.31,medium,historical_dataset
2023-11-28T00:00:00,33.03762105433634,31053,1.0,939.93,medium,historical_dataset
2023-11-28T00:00:00,51.71620081049882,15272,1.0,295.3,low,historical_dataset
2023-11-28T00:00:00,52.894794615056945,24657,1.0,466.15,low,historical_dataset
2023-11-29T00:00:00,38.03549669318444,35315,1.0,928.47,medium,historical_dataset
2023-11-29T00:00:00,36.22885126519489,47810,1.0,1319.67,high,historical_dataset
2023-11-29T00:00:00,45.85666634402437,16736,1.0,364.96,low,historical_dataset
2023-11-29T00:00:00,37.27731335908987,27049,1.0,725.62,medium,historical_dataset
2023-11-29T00:00:00,41.37932460438661,28085,1.0,678.72,medium,historical_dataset
2023-11-29T00:00:00,39.8712488286324,16390,1.0,411.07,low,historical_dataset
2023-11-29T00:00:00,56.83874163689866,16331,1.0,287.32,low,historical_dataset
2023-11-29T00:00:00,28.0470175481373,53914,1.0,1922.27,high,historical_dataset
2023-11-29T00:00:00,46.22812523811362,42171,1.0,912.24,medium,historical_dataset
2023-11-29T00:00:00,48.74558423258988,22505,1.0,461.68,low,historical_dataset
2023-11-29T00:00:00,40.914331286497564,17549,1.0,428.92,low,historical_dataset
2023-11-29T00:00:00,33.015058522572986,9992,1.0,302.65,low,historical_dataset
2023-11-29T00:00:00,38.05689541528914,14654,1.0,385.06,low,historical_dataset
2023-11-30T00:00:00,27.753492287823402,34715,1.0,1250.83,high,historical_dataset
2023-11-30T00:00:00,26.08275189920363,26805,1.0,1027.69,high,historical_dataset
2023-11-30T00:00:00,35.393798373515125,7224,1.0,204.1,low,historical_dataset
2023-11-30T00:00:00,42.04207261680706,42685,1.0,1015.29,high,historical_dataset
2023-11-30T00:00:00,20.0,26848,1.0,1342.4,high,historical_dataset
2023-11-30T00:00:00,44.64510345685868,52527,1.0,1176.55,high,historical_dataset
2023-11-30T00:00:00,28.11151152484649,30264,1.0,1076.57,high,historical_dataset
2023-11-30T00:00:00,35.5953614416227,32761,1.0,920.37,medium,historical_dataset
2023-11-30T00:00:00,31.288578787044734,20514,1.0,655.64,medium,historical_dataset
2023-11-30T00:00:00,47.41223870145331,11445,1.0,241.39,low,historical_dataset
2023-12-01T00:00:00,33.44762456359753,61961,1.0,1852.48,high,historical_dataset
2023-12-01T00:00:00,32.71425875430874,28491,1.0,870.9,medium,historical_dataset
2023-12-01T00:00:00,46.51708162693984,8717,1.0,187.39,low,historical_dataset
2023-12-01T00:00:00,23.979272154273026,48195,1.0,2009.86,high,historical_dataset
2023-12-01T00:00:00,42.875303120813385,46493,1.0,1084.38,high,historical_dataset
2023-12-01T00:00:00,31.443610848880276,28491,1.0,906.1,medium,historical_dataset
2023-12-02T00:00:00,20.0,37865,1.0,1893.25,high,historical_dataset
2023-12-02T00:00:00,38.79874777022202,32632,1.0,841.06,medium,historical_dataset
2023-12-02T00:00:00,43.53559305192614,29006,1.0,666.26,medium,historical_dataset
2023-12-02T00:00:00,50.590215681131035,13612,1.0,269.06,low,historical_dataset
2023-12-02T00:00:00,44.05764234762531,14065,1.0,319.24,low,historical_dataset
2023-12-02T00:00:00,27.70136857075375,13048,1.0,471.02,low,historical_dataset
2023-12-02T00:00:00,27.177860511230396,18077,1.0,665.14,medium,historical_dataset
2023-12-02T00:00:00,29.935138087762155,25740,1.0,859.86,medium,historical_dataset
2023-12-02T00:00:00,31.150380088783063,15430,1.0,495.34,low,historical_dataset
2023-12-03T00:00:00,47.492162531092916,24062,1.0,506.65,medium,historical_dataset
2023-12-03T00:00:00,43.20052533419346,26507,1.0,613.58,medium,historical_dataset
2023-12-03T00:00:00,30.625271072365084,27008,1.0,881.89,medium,historical_dataset
2023-12-03T00:00:00,49.25496011942708,15821,1.0,321.21,low,historical_dataset
2023-12-03T00:00:00,37.726585258043514,47199,1.0,1251.08,high,historical_dataset
2023-12-03T00:00:00,46.839927244419485,38651,1.0,825.17,medium,historical_dataset
2023-12-03T00:00:00,44.897129399477336,12270,1.0,273.29,low,historical_dataset
2023-12-03T00:00:00,29.279104079320113,33375,1.0,1139.89,high,historical_dataset
2023-12-03T00:00:00,52.81117718754149,18066,1.0,342.09,low,historical_dataset
2023-12-04T00:00:00,40.67600094738073,33120,1.0,814.24,medium,historical_dataset
2023-12-04T00:00:00,46.01451619520779,32040,1.0,696.3,medium,historical_dataset
2023-12-04T00:00:00,27.42640018142603,29266,1.0,1067.07,high,historical_dataset
2023-12-04T00:00:00,36.63357480374298,30631,1.0,836.15,medium,historical_dataset
2023-12-04T00:00:00,47.27663282242106,13502,1.0,285.6,low,historical_dataset
2023-12-04T00:00:00,32.86655396781485,27719,1.0,843.38,medium,historical_dataset
2023-12-04T00:00:00,63.46434641470984,63390,1.0,998.83,medium,historical_dataset
2023-12-04T00:00:00,34.24976024903871,20546,1.0,599.89,medium,historical_dataset
2023-12-04T00:00:00,45.036604426199716,10195,1.0,226.37,low,historical_dataset
2023-12-04T00:00:00,52.52414490125913,9200,1.0,175.16,low,historical_dataset
2023-12-04T00:00:00,48.145299910603974,21319,1.0,442.81,low,historical_dataset
2023-12-05T00:00:00,27.683225888998415,38341,1.0,1384.99,high,historical_dataset
2023-12-05T00:00:00,32.988663967265815,39097,1.0,1185.16,high,historical_dataset
2023-12-05T00:00:00,45.20080369156013,22346,1.0,494.37,low,historical_dataset
2023-12-05T00:00:00,45.674636543347575,65926,1.0,1443.38,high,historical_dataset
2023-12-05T00:00:00,33.16141078995294,37703,1.0,1136.95,high,historical_dataset
2023-12-05T00:00:00,20.0,50466,1.0,2523.3,high,historical_dataset
2023-12-05T00:00:00,23.952334007543662,37918,1.0,1583.06,high,historical_dataset
2023-12-05T00:00:00,36.10903756303447,20019,1.0,554.4,medium,historical_dataset
2023-12-06T00:00:00,40.11615365568353,34584,1.0,862.1,medium,historical_dataset
2023-12-06T00:00:00,20.0,49776,1.0,2488.8,high,historical_dataset
2023-12-06T00:00:00,37.77218456916593,8547,1.0,226.28,low,historical_dataset
2023-12-06T00:00:00,62.64577936048762,14527,1.0,231.89,low,historical_dataset
2023-12-06T00:00:00,31.30608000401729,41796,1.0,1335.08,high,historical_dataset
2023-12-06T00:00:00,39.82042690517783,50425,1.0,1266.31,high,historical_dataset
2023-12-06T00:00:00,30.057851433451347,37387,1.0,1243.83,high,historical_dataset
2023-12-06T00:00:00,35.92622100057224,36694,1.0,1021.37,high,historical_dataset
2023-12-06T00:00:00,58.54380013079307,19434,1.0,331.96,low,historical_dataset
2023-12-07T00:00:00,39.52856900752593,11596,1.0,293.36,low,historical_dataset
2023-12-07T00:00:00,33.61368329148964,26174,1.0,778.67,medium,historical_dataset
2023-12-07T00:00:00,53.41715279342349,6382,1.0,119.47,low,historical_dataset
2023-12-07T00:00:00,31.145898354027743,14435,1.0,463.46,low,historical_dataset
2023-12-07T00:00:00,53.71978498960752,16101,1.0,299.72,low,historical_dataset
2023-12-07T00:00:00,22.88634491920809,25395,1.0,1109.61,high,historical_dataset
2023-12-07T00:00:00,40.13917540693614,40093,1.0,998.85,medium,historical_dataset
2023-12-07T00:00:00,45.58848645917908,21028,1.0,461.26,low,historical_dataset
2023-12-07T00:00:00,43.71806003690641,34613,1.0,791.73,medium,historical_dataset
2023-12-07T00:00:00,50.893053419684875,11873,1.0,233.29,low,historical_dataset
2023-12-08T00:00:00,37.79879217579176,34026,1.0,900.19,medium,historical_dataset
2023-12-08T00:00:00,34.90106232664084,24659,1.0,706.54,medium,historical_dataset
2023-12-08T00:00:00,21.27701433410737,62879,1.0,2955.25,high,historical_dataset
2023-12-08T00:00:00,43.138901429953435,58028,1.0,1345.14,high,historical_dataset
2023-12-08T00:00:00,40.628736610803124,18961,1.0,466.69,low,historical_dataset
2023-12-08T00:00:00,30.65315234335359,38173,1.0,1245.32,high,historical_dataset
2023-12-08T00:00:00,47.94568726231958,13547,1.0,282.55,low,historical_dataset
2023-12-08T00:00:00,43.38626476634145,7358,1.0,169.59,low,historical_dataset
2023-12-09T00:00:00,30.99246697702897,24250,1.0,782.45,medium,historical_dataset
2023-12-09T00:00:00,23.8914480047459,35215,1.0,1473.96,high,historical_dataset
2023-12-09T00:00:00,57.780150690848195,19961,1.0,345.46,low,historical_dataset
2023-12-09T00:00:00,34.2836128381252,43921,1.0,1281.11,high,historical_dataset
2023-12-09T00:00:00,35.25752636804469,61157,1.0,1734.58,high,historical_dataset
2023-12-09T00:00:00,61.39530514107243,11962,1.0,194.84,low,historical_dataset
2023-12-09T00:00:00,37.757693337287805,48216,1.0,1276.98,high,historical_dataset
2023-12-09T00:00:00,29.15844815484578,31090,1.0,1066.24,high,historical_dataset
2023-12-09T00:00:00,42.56069731838777,30140,1.0,708.17,medium,historical_dataset
2023-12-09T00:00:00,26.8347170380573,28231,1.0,1052.03,high,historical_dataset
2023-12-09T00:00:00,20.0,6443,1.0,322.15,low,historical_dataset
2023-12-10T00:00:00,24.024259541862516,36421,1.0,1516.01,high,historical_dataset
2023-12-10T00:00:00,50.21427965037023,27915,1.0,555.92,medium,historical_dataset
2023-12-10T00:00:00,43.353448153911366,17431,1.0,402.07,low,historical_dataset
2023-12-10T00:00:00,20.0,33080,1.0,1654.0,high,historical_dataset
2023-12-10T00:00:00,48.695610681019986,33091,1.0,679.55,medium,historical_dataset
2023-12-10T00:00:00,42.48107917287962,24714,1.0,581.76,medium,historical_dataset
2023-12-10T00:00:00,37.231988259984355,44949,1.0,1207.27,high,historical_dataset
2023-12-10T00:00:00,49.31643472464571,21572,1.0,437.42,low,historical_dataset
2023-12-10T00:00:00,45.04634805821382,30555,1.0,678.3,medium,historical_dataset
2023-12-10T00:00:00,40.135263468767256,29418,1.0,732.97,medium,historical_dataset
2023-12-11T00:00:00,44.90748612613169,27387,1.0,609.85,medium,historical_dataset
2023-12-11T00:00:00,75.12173833361044,12867,1.0,171.28,low,historical_dataset
2023-12-11T00:00:00,20.0,31743,1.0,1587.15,high,historical_dataset
2023-12-11T00:00:00,20.0,45941,1.0,2297.05,high,historical_dataset
2023-12-11T00:00:00,43.66690458291808,40950,1.0,937.78,medium,historical_dataset
2023-12-11T00:00:00,20.0,53620,1.0,2681.0,high,historical_dataset
2023-12-11T00:00:00,63.644039280867446,16482,1.0,258.97,low,historical_dataset
2023-12-11T00:00:00,42.812431586484465,9890,1.0,231.01,low,historical_dataset
2023-12-11T00:00:00,62.80610831361677,18520,1.0,294.88,low,historical_dataset
2023-12-12T00:00:00,33.195352521866546,38466,1.0,1158.78,high,historical_dataset
2023-12-12T00:00:00,59.52193821068353,10833,1.0,182.0,low,historical_dataset
2023-12-12T00:00:00,38.7795053813163,15019,1.0,387.29,low,historical_dataset
2023-12-12T00:00:00,45.370594448612195,10789,1.0,237.8,low,historical_dataset
2023-12-12T00:00:00,56.41816028214146,24083,1.0,426.87,low,historical_dataset
2023-12-12T00:00:00,45.125683357073456,33706,1.0,746.94,medium,historical_dataset
2023-12-12T00:00:00,34.558506973162025,36662,1.0,1060.87,high,historical_dataset
2023-12-12T00:00:00,53.61278105150475,20727,1.0,386.61,low,historical_dataset
2023-12-13T00:00:00,52.17645024392718,41341,1.0,792.33,medium,historical_dataset
2023-12-13T00:00:00,39.98487363330397,37376,1.0,934.75,medium,historical_dataset
2023-12-13T00:00:00,40.24329115210934,29265,1.0,727.2,medium,historical_dataset
2023-12-13T00:00:00,27.8592769618188,49353,1.0,1771.51,high,historical_dataset
2023-12-13T00:00:00,41.18417715483391,24041,1.0,583.74,medium,historical_dataset
2023-12-13T00:00:00,37.04097934087352,25348,1.0,684.32,medium,historical_dataset
2023-12-13T00:00:00,46.24634908737885,20774,1.0,449.2,low,historical_dataset
2023-12-13T00:00:00,50.33249886059488,40633,1.0,807.29,medium,historical_dataset
2023-12-14T00:00:00,44.938201445192426,18198,1.0,404.96,low,historical_dataset
2023-12-14T00:00:00,45.52384019666822,13571,1.0,298.11,low,historical_dataset
2023-12-14T00:00:00,53.665187928042165,33164,1.0,617.98,medium,historical_dataset
2023-12-14T00:00:00,39.481890813032756,38653,1.0,979.01,medium,historical_dataset
2023-12-14T00:00:00,39.79157677475213,15277,1.0,383.93,low,historical_dataset
2023-12-14T00:00:00,49.27283761151761,10747,1.0,218.11,low,historical_dataset
2023-12-14T00:00:00,28.594219391053436,41253,1.0,1442.7,high,historical_dataset
2023-12-14T00:00:00,43.669919752518865,18806,1.0,430.64,low,historical_dataset
2023-12-15T00:00:00,50.25403242476308,11958,1.0,237.95,low,historical_dataset
2023-12-15T00:00:00,33.906523158446916,49782,1.0,1468.21,high,historical_dataset
2023-12-15T00:00:00,56.57740100896269,18617,1.0,329.05,low,historical_dataset
2023-12-15T00:00:00,33.5288118630032,47788,1.0,1425.28,high,historical_dataset
2023-12-15T00:00:00,35.55853623863987,47773,1.0,1343.5,high,historical_dataset
2023-12-15T00:00:00,62.51271626549641,12597,1.0,201.51,low,historical_dataset
2023-12-15T00:00:00,29.357977487895894,20816,1.0,709.04,medium,historical_dataset
2023-12-15T00:00:00,32.24635082020423,30067,1.0,932.42,medium,historical_dataset
2023-12-16T00:00:00,33.43147440322975,36097,1.0,1079.73,high,historical_dataset
2023-12-16T00:00:00,39.47395178452633,12806,1.0,324.42,low,historical_dataset
2023-12-16T00:00:00,32.26659098348903,25353,1.0,785.74,medium,historical_dataset
2023-12-16T00:00:00,52.07985201873674,31772,1.0,610.06,medium,historical_dataset
2023-12-16T00:00:00,33.444793478798935,32077,1.0,959.1,medium,historical_dataset
2023-12-16T00:00:00,34.72336722297953,39800,1.0,1146.2,high,historical_dataset
2023-12-16T00:00:00,50.107393963390265,13504,1.0,269.5,low,historical_dataset
2023-12-16T00:00:00,20.0,23040,1.0,1152.0,high,historical_dataset
2023-12-16T00:00:00,41.88822280603185,18808,1.0,449.0,low,historical_dataset
2023-12-16T00:00:00,33.095658042451134,25149,1.0,759.89,medium,historical_dataset
2023-12-17T00:00:00,44.95698913126935,46301,1.0,1029.9,high,historical_dataset
2023-12-17T00:00:00,38.10116537441114,13678,1.0,358.99,low,historical_dataset
2023-12-17T00:00:00,36.556842980684806,57658,1.0,1577.21,high,historical_dataset
2023-12-17T00:00:00,34.86029951885683,31279,1.0,897.27,medium,historical_dataset
2023-12-17T00:00:00,36.42575203067268,5839,1.0,160.3,low,historical_dataset
2023-12-17T00:00:00,40.400439250564325,40112,1.0,992.86,medium,historical_dataset
2023-12-17T00:00:00,39.19172776328392,23916,1.0,610.23,medium,historical_dataset
2023-12-17T00:00:00,55.730848946506875,22949,1.0,411.78,low,historical_dataset
2023-12-17T00:00:00,35.42970559616457,33335,1.0,940.88,medium,historical_dataset
2023-12-18T00:00:00,42.21127924245849,45496,1.0,1077.82,high,historical_dataset
2023-12-18T00:00:00,41.48397810495207,50839,1.0,1225.51,high,historical_dataset
2023-12-18T00:00:00,53.841353197741356,15007,1.0,278.73,low,historical_dataset
2023-12-18T00:00:00,32.578463573059366,28412,1.0,872.11,medium,historical_dataset
2023-12-18T00:00:00,38.96902199993823,15580,1.0,399.8,low,historical_dataset
2023-12-18T00:00:00,40.724697123402166,12216,1.0,299.97,low,historical_dataset
2023-12-18T00:00:00,44.431369021788804,41124,1.0,925.56,medium,historical_dataset
2023-12-18T00:00:00,39.44319568113395,41345,1.0,1048.22,high,historical_dataset
2023-12-18T00:00:00,31.524838158937605,39338,1.0,1247.84,high,historical_dataset
2023-12-18T00:00:00,44.629099306033936,19869,1.0,445.2,low,historical_dataset
2023-12-19T00:00:00,40.512642008797364,22625,1.0,558.47,medium,historical_dataset
2023-12-19T00:00:00,25.10240606669115,41184,1.0,1640.64,high,historical_dataset
2023-12-19T00:00:00,39.817423044460675,6505,1.0,163.37,low,historical_dataset
2023-12-19T00:00:00,43.761735546654776,43309,1.0,989.65,medium,historical_dataset
2023-12-19T00:00:00,45.407774388819604,18424,1.0,405.75,low,historical_dataset
2023-12-19T00:00:00,20.0,40434,1.0,2021.7,high,historical_dataset
2023-12-19T00:00:00,28.55857888292799,39799,1.0,1393.59,high,historical_dataset
2023-12-19T00:00:00,31.355144808040315,32452,1.0,1034.98,high,historical_dataset
2023-12-19T00:00:00,40.58125534297236,16284,1.0,401.27,low,historical_dataset
2023-12-19T00:00:00,46.60323075582058,20987,1.0,450.33,low,historical_dataset
2023-12-20T00:00:00,28.66339015621494,23846,1.0,831.93,medium,historical_dataset
2023-12-20T00:00:00,28.75597414566254,48620,1.0,1690.78,high,historical_dataset
2023-12-20T00:00:00,36.450276880967174,16164,1.0,443.45,low,historical_dataset
2023-12-20T00:00:00,44.27201059346718,15821,1.0,357.36,low,historical_dataset
2023-12-20T00:00:00,20.0,47447,1.0,2372.35,high,historical_dataset
2023-12-20T00:00:00,33.3772338092831,16866,1.0,505.31,medium,historical_dataset
2023-12-20T00:00:00,50.44743441753195,12188,1.0,241.6,low,historical_dataset
2023-12-20T00:00:00,38.31162601849111,16860,1.0,440.08,low,historical_dataset
2023-12-20T00:00:00,23.122644588272287,31157,1.0,1347.47,high,historical_dataset
2023-12-20T00:00:00,50.79196886879631,14712,1.0,289.65,low,historical_dataset
2023-12-21T00:00:00,53.33244000206197,11990,1.0,224.82,low,historical_dataset
2023-12-21T00:00:00,45.236880837864106,39897,1.0,881.96,medium,historical_dataset
2023-12-21T00:00:00,53.014425002871164,20469,1.0,386.1,low,historical_dataset
2023-12-21T00:00:00,39.28108380676362,44649,1.0,1136.65,high,historical_dataset
2023-12-21T00:00:00,43.47115950605297,40309,1.0,927.26,medium,historical_dataset
2023-12-21T00:00:00,41.586034289575615,28945,1.0,696.03,medium,historical_dataset
2023-12-21T00:00:00,34.201227934514804,29483,1.0,862.05,medium,historical_dataset
2023-12-21T00:00:00,46.512133304900885,17386,1.0,373.79,low,historical_dataset
2023-12-22T00:00:00,32.571285414530074,40861,1.0,1254.51,high,historical_dataset
2023-12-22T00:00:00,44.39871522918203,41483,1.0,934.33,medium,historical_dataset
2023-12-22T00:00:00,39.62903933745899,27955,1.0,705.42,medium,historical_dataset
2023-12-22T00:00:00,37.314710585757254,17289,1.0,463.33,low,historical_dataset
2023-12-22T00:00:00,25.272247232575346,28920,1.0,1144.34,high,historical_dataset
2023-12-22T00:00:00,69.81906712808089,23756,1.0,340.25,low,historical_dataset
2023-12-22T00:00:00,28.808486125418472,25372,1.0,880.71,medium,historical_dataset
2023-12-23T00:00:00,53.56811769379167,11349,1.0,211.86,low,historical_dataset
2023-12-23T00:00:00,33.08647748971431,42964,1.0,1298.54,high,historical_dataset
2023-12-23T00:00:00,32.70229127247055,29319,1.0,896.54,medium,historical_dataset
2023-12-23T00:00:00,29.831498771123776,25446,1.0,852.99,medium,historical_dataset
2023-12-23T00:00:00,21.61861369190566,40189,1.0,1859.0,high,historical_dataset
2023-12-23T00:00:00,36.937021720393,26463,1.0,716.44,medium,historical_dataset
2023-12-23T00:00:00,28.191909825122856,34981,1.0,1240.82,high,historical_dataset
2023-12-23T00:00:00,32.203124608570334,24024,1.0,746.01,medium,historical_dataset
2023-12-23T00:00:00,21.044651849416045,18624,1.0,884.98,medium,historical_dataset
2023-12-24T00:00:00,34.16908286221046,24473,1.0,716.23,medium,historical_dataset
2023-12-24T00:00:00,60.21189705246073,23905,1.0,397.01,low,historical_dataset
2023-12-24T00:00:00,39.11393941698201,20581,1.0,526.18,medium,historical_dataset
2023-12-24T00:00:00,32.92739141500071,41927,1.0,1273.32,high,historical_dataset
2023-12-24T00:00:00,38.34972830563787,45458,1.0,1185.35,high,historical_dataset
2023-12-24T00:00:00,20.0,37685,1.0,1884.25,high,historical_dataset
2023-12-24T00:00:00,27.291466448794495,46879,1.0,1717.72,high,historical_dataset
2023-12-24T00:00:00,43.89435572757925,28077,1.0,639.65,medium,historical_dataset
2023-12-24T00:00:00,44.628541755298464,35241,1.0,789.65,medium,historical_dataset
2023-12-24T00:00:00,34.597398274642906,28454,1.0,822.43,medium,historical_dataset
2023-12-24T00:00:00,39.45899753187477,14897,1.0,377.53,low,historical_dataset
2023-12-25T00:00:00,30.984828333715697,11722,1.0,378.31,low,historical_dataset
2023-12-25T00:00:00,48.04527994354641,24467,1.0,509.25,medium,historical_dataset
2023-12-25T00:00:00,47.715532492829986,27117,1.0,568.31,medium,historical_dataset
2023-12-25T00:00:00,47.81985992022602,18397,1.0,384.71,low,historical_dataset
2023-12-25T00:00:00,37.172662498222465,29818,1.0,802.15,medium,historical_dataset
2023-12-25T00:00:00,47.65180139005188,24265,1.0,509.21,medium,historical_dataset
2023-12-25T00:00:00,28.29664890184474,28695,1.0,1014.08,high,historical_dataset
2023-12-25T00:00:00,46.014076002422044,8639,1.0,187.75,low,historical_dataset
2023-12-25T00:00:00,32.07508124881407,38695,1.0,1206.39,high,historical_dataset
2023-12-25T00:00:00,35.55527373079061,31157,1.0,876.3,medium,historical_dataset
2023-12-25T00:00:00,57.11354398431418,15625,1.0,273.58,low,historical_dataset
2023-12-25T00:00:00,20.0,4776,1.0,238.8,low,historical_dataset
2023-12-26T00:00:00,40.35386255737838,12191,1.0,302.1,low,historical_dataset
2023-12-26T00:00:00,20.0,40619,1.0,2030.95,high,historical_dataset
2023-12-26T00:00:00,48.483231852247876,9873,1.0,203.64,low,historical_dataset
2023-12-26T00:00:00,31.61967649365137,45054,1.0,1424.87,high,historical_dataset
2023-12-26T00:00:00,51.23684416832625,13835,1.0,270.02,low,historical_dataset
2023-12-26T00:00:00,34.13851103722213,22763,1.0,666.78,medium,historical_dataset
2023-12-26T00:00:00,43.598043876218696,6135,1.0,140.72,low,historical_dataset
2023-12-26T00:00:00,43.136926972989414,24624,1.0,570.83,medium,historical_dataset
2023-12-26T00:00:00,47.36294936675798,13864,1.0,292.72,low,historical_dataset
2023-12-26T00:00:00,44.56062967752603,23962,1.0,537.74,medium,historical_dataset
2023-12-26T00:00:00,57.13382648146195,17209,1.0,301.21,low,historical_dataset
2023-12-26T00:00:00,38.833214505629755,47867,1.0,1232.63,high,historical_dataset
2023-12-27T00:00:00,56.260726166765046,24445,1.0,434.49,low,historical_dataset
2023-12-27T00:00:00,33.21535367766914,35320,1.0,1063.36,high,historical_dataset
2023-12-27T00:00:00,48.215164567744495,23540,1.0,488.23,low,historical_dataset
2023-12-27T00:00:00,50.578308787454084,32470,1.0,641.97,medium,historical_dataset
2023-12-27T00:00:00,35.81024882542076,40840,1.0,1140.46,high,historical_dataset
2023-12-27T00:00:00,35.22516016261817,26011,1.0,738.42,medium,historical_dataset
2023-12-27T00:00:00,41.209483913152994,39102,1.0,948.86,medium,historical_dataset
2023-12-27T00:00:00,36.23010827147574,8685,1.0,239.72,low,historical_dataset
2023-12-27T00:00:00,51.25583207833968,30857,1.0,602.02,medium,historical_dataset
2023-12-27T00:00:00,50.71642109708517,10880,1.0,214.53,low,historical_dataset
2023-12-28T00:00:00,54.30615396489634,22390,1.0,412.29,low,historical_dataset
2023-12-28T00:00:00,45.879636021353235,15580,1.0,339.58,low,historical_dataset
2023-12-28T00:00:00,30.58430233819483,29051,1.0,949.87,medium,historical_dataset
2023-12-28T00:00:00,34.879801454414256,44489,1.0,1275.49,high,historical_dataset
2023-12-28T00:00:00,51.55539351171018,53222,1.0,1032.33,high,historical_dataset
2023-12-28T00:00:00,50.0669127055722,17702,1.0,353.57,low,historical_dataset
2023-12-28T00:00:00,42.531128576997055,30861,1.0,725.61,medium,historical_dataset
2023-12-29T00:00:00,50.83188845965524,39927,1.0,785.47,medium,historical_dataset
2023-12-29T00:00:00,38.60405447787319,25371,1.0,657.21,medium,historical_dataset
2023-12-29T00:00:00,55.782263572964496,15142,1.0,271.45,low,historical_dataset
2023-12-29T00:00:00,54.278435149452875,15409,1.0,283.89,low,historical_dataset
2023-12-29T00:00:00,20.91545916086617,43925,1.0,2100.12,high,historical_dataset
2023-12-29T00:00:00,31.239675018942297,34512,1.0,1104.75,high,historical_dataset
2023-12-29T00:00:00,30.81440429125783,38878,1.0,1261.68,high,historical_dataset
2023-12-29T00:00:00,40.78801225509214,23595,1.0,578.48,medium,historical_dataset
2023-12-30T00:00:00,27.378958882299305,25176,1.0,919.54,medium,historical_dataset
2023-12-30T00:00:00,38.70038892634993,24569,1.0,634.85,medium,historical_dataset
2023-12-30T00:00:00,31.69216031316374,7533,1.0,237.69,low,historical_dataset
2023-12-30T00:00:00,42.53656332396839,43698,1.0,1027.3,high,historical_dataset
2023-12-30T00:00:00,65.69012324109659,15093,1.0,229.76,low,historical_dataset
2023-12-30T00:00:00,31.728061569094184,35098,1.0,1106.21,high,historical_dataset
2023-12-30T00:00:00,32.40321366687217,36857,1.0,1137.45,high,historical_dataset
2023-12-30T00:00:00,50.77969051523717,17886,1.0,352.23,low,historical_dataset
2023-12-30T00:00:00,20.395815119817218,31295,1.0,1534.38,high,historical_dataset
2023-12-30T00:00:00,39.83403651606815,14496,1.0,363.91,low,historical_dataset
2023-12-31T00:00:00,53.19098696220624,33554,1.0,630.82,medium,historical_dataset
2023-12-31T00:00:00,52.263383101603196,24033,1.0,459.84,low,historical_dataset
2023-12-31T00:00:00,35.92631003917412,28848,1.0,802.98,medium,historical_dataset
2023-12-31T00:00:00,60.885196583612846,23576,1.0,387.22,low,historical_dataset
2023-12-31T00:00:00,35.218386777188186,16132,1.0,458.06,low,historical_dataset
2023-12-31T00:00:00,33.237346243249426,44701,1.0,1344.9,high,historical_dataset
2023-12-31T00:00:00,25.589365909802083,41703,1.0,1629.7,high,historical_dataset
2023-12-31T00:00:00,41.91492500534525,39454,1.0,941.29,medium,historical_dataset
2023-12-31T00:00:00,20.0,26134,1.0,1306.7,high,historical_dataset
2023-12-31T00:00:00,31.820775388962467,17394,1.0,546.62,medium,historical_dataset
2023-12-31T00:00:00,42.44398598090738,28346,1.0,667.84,medium,historical_dataset
2024-01-01T00:00:00,33.01586810209516,11091,1.0,335.93,low,historical_dataset
2024-01-01T00:00:00,35.30358647533479,41919,1.0,1187.39,high,historical_dataset
2024-01-01T00:00:00,44.576497636691,30067,1.0,674.5,medium,historical_dataset
2024-01-01T00:00:00,34.05748445073152,40243,1.0,1181.62,high,historical_dataset
2024-01-01T00:00:00,38.39724100737196,27620,1.0,719.32,medium,historical_dataset
2024-01-01T00:00:00,49.17357403142849,18866,1.0,383.66,low,historical_dataset
2024-01-01T00:00:00,44.09370193440264,9570,1.0,217.04,low,historical_dataset
2024-01-01T00:00:00,37.52497612338726,26650,1.0,710.19,medium,historical_dataset
2024-01-02T00:00:00,53.345771373176106,35552,1.0,666.44,medium,historical_dataset
2024-01-02T00:00:00,41.96988766918673,50801,1.0,1210.42,high,historical_dataset
2024-01-02T00:00:00,50.726825622000625,19548,1.0,385.36,low,historical_dataset
2024-01-02T00:00:00,27.44869176735473,44801,1.0,1632.17,high,historical_dataset
2024-01-02T00:00:00,45.30341593276045,50282,1.0,1109.89,high,historical_dataset
2024-01-02T00:00:00,31.360390459631155,13585,1.0,433.19,low,historical_dataset
2024-01-02T00:00:00,55.96252616575238,14978,1.0,267.64,low,historical_dataset
2024-01-02T00:00:00,51.33339559300703,13610,1.0,265.13,low,historical_dataset
2024-01-02T00:00:00,30.548895368433264,34913,1.0,1142.86,high,historical_dataset
2024-01-02T00:00:00,49.42957344894048,20195,1.0,408.56,low,historical_dataset
2024-01-03T00:00:00,20.33716320740199,38200,1.0,1878.33,high,historical_dataset
2024-01-03T00:00:00,26.571784472827176,37328,1.0,1404.8,high,historical_dataset
2024-01-03T00:00:00,56.6140513119182,22653,1.0,400.13,low,historical_dataset
2024-01-03T00:00:00,50.386699751203395,14278,1.0,283.37,low,historical_dataset
2024-01-03T00:00:00,41.39610903798164,49680,1.0,1200.11,high,historical_dataset
2024-01-03T00:00:00,36.86349571287675,28182,1.0,764.5,medium,historical_dataset
2024-01-03T00:00:00,36.491658342604026,26883,1.0,736.69,medium,historical_dataset
2024-01-03T00:00:00,20.0,35067,1.0,1753.35,high,historical_dataset
2024-01-03T00:00:00,39.648532944697884,16769,1.0,422.94,low,historical_dataset
2024-01-03T00:00:00,44.41073602824557,25757,1.0,579.97,medium,historical_dataset
2024-01-03T00:00:00,29.072147293158757,40403,1.0,1389.75,high,historical_dataset
2024-01-03T00:00:00,43.20681472504453,14959,1.0,346.22,low,historical_dataset
2024-01-03T00:00:00,47.00111415283627,14243,1.0,303.04,low,historical_dataset
2024-01-04T00:00:00,42.80296039494066,28297,1.0,661.1,medium,historical_dataset
2024-01-04T00:00:00,42.89123589510366,13109,1.0,305.63,low,historical_dataset
2024-01-04T00:00:00,32.22503854661299,35843,1.0,1112.27,high,historical_dataset
2024-01-04T00:00:00,41.704284202590856,33348,1.0,799.63,medium,historical_dataset
2024-01-04T00:00:00,40.00161933369499,21261,1.0,531.5,medium,historical_dataset
2024-01-04T00:00:00,34.93436786240095,44676,1.0,1278.86,high,historical_dataset
2024-01-04T00:00:00,24.11505945658992,53812,1.0,2231.47,high,historical_dataset
2024-01-04T00:00:00,51.163780929763476,34150,1.0,667.46,medium,historical_dataset
2024-01-04T00:00:00,59.2492876147127,19670,1.0,331.99,low,historical_dataset
2024-01-05T00:00:00,36.215150153317786,46067,1.0,1272.04,high,historical_dataset
2024-01-05T00:00:00,42.00620754425198,50340,1.0,1198.39,high,historical_dataset
2024-01-05T00:00:00,28.670829011922685,13639,1.0,475.71,low,historical_dataset
2024-01-05T00:00:00,38.378919841483686,23645,1.0,616.09,medium,historical_dataset
2024-01-05T00:00:00,20.0,58859,1.0,2942.95,high,historical_dataset
2024-01-05T00:00:00,42.23398882390646,40711,1.0,963.94,medium,historical_dataset
2024-01-05T00:00:00,48.92145989945297,18866,1.0,385.64,low,historical_dataset
2024-01-05T00:00:00,63.823607199140355,22899,1.0,358.79,low,historical_dataset
2024-01-06T00:00:00,35.164836531086294,24279,1.0,690.43,medium,historical_dataset
2024-01-06T00:00:00,39.646392422602595,57134,1.0,1441.09,high,historical_dataset
2024-01-06T00:00:00,20.0,25505,1.0,1275.25,high,historical_dataset
2024-01-06T00:00:00,31.65720647125082,46739,1.0,1476.41,high,historical_dataset
2024-01-06T00:00:00,32.39185347942632,32901,1.0,1015.72,high,historical_dataset
2024-01-06T00:00:00,41.59991520531521,9122,1.0,219.28,low,historical_dataset
2024-01-06T00:00:00,69.73287167337577,14413,1.0,206.69,low,historical_dataset
2024-01-06T00:00:00,49.8514775582283,38906,1.0,780.44,medium,historical_dataset
2024-01-06T00:00:00,33.79131950931067,23130,1.0,684.5,medium,historical_dataset
2024-01-06T00:00:00,33.89282607621845,36013,1.0,1062.56,high,historical_dataset
2024-01-06T00:00:00,33.73012079287206,35396,1.0,1049.39,high,historical_dataset
2024-01-06T00:00:00,36.91457297501873,28102,1.0,761.27,medium,historical_dataset
2024-01-07T00:00:00,53.70907574109897,39251,1.0,730.81,medium,historical_dataset
2024-01-07T00:00:00,46.956077131804555,22276,1.0,474.4,low,historical_dataset
2024-01-07T00:00:00,51.30917426176163,27456,1.0,535.11,medium,historical_dataset
2024-01-07T00:00:00,32.21084044178547,29919,1.0,928.85,medium,historical_dataset
2024-01-07T00:00:00,29.3621765620982,33040,1.0,1125.26,high,historical_dataset
2024-01-07T00:00:00,20.0,27091,1.0,1354.55,high,historical_dataset
2024-01-07T00:00:00,43.5729838163193,25562,1.0,586.65,medium,historical_dataset
2024-01-07T00:00:00,40.71259282970732,14019,1.0,344.34,low,historical_dataset
2024-01-07T00:00:00,42.03938319652553,21505,1.0,511.54,medium,historical_dataset
2024-01-07T00:00:00,31.409566747143757,9369,1.0,298.28,low,historical_dataset
2024-01-08T00:00:00,32.90061694210893,35900,1.0,1091.16,high,historical_dataset
2024-01-08T00:00:00,48.50380114891179,22508,1.0,464.05,low,historical_dataset
2024-01-08T00:00:00,42.7014441520229,6716,1.0,157.28,low,historical_dataset
2024-01-08T00:00:00,33.02098913703262,26806,1.0,811.79,medium,historical_dataset
2024-01-08T00:00:00,33.912348029047486,58148,1.0,1714.66,high,historical_dataset
2024-01-08T00:00:00,32.32623162863988,43798,1.0,1354.87,high,historical_dataset
2024-01-08T00:00:00,34.05874343488163,16942,1.0,497.43,low,historical_dataset
2024-01-08T00:00:00,31.219714960450197,23663,1.0,757.95,medium,historical_dataset
2024-01-08T00:00:00,20.0,28006,1.0,1400.3,high,historical_dataset
2024-01-08T00:00:00,25.699586160657187,33028,1.0,1285.16,high,historical_dataset
2024-01-08T00:00:00,39.696051855854996,27498,1.0,692.71,medium,historical_dataset
2024-01-08T00:00:00,49.292843681133384,5305,1.0,107.62,low,historical_dataset
2024-01-08T00:00:00,35.06698754179324,17320,1.0,493.91,low,historical_dataset
2024-01-09T00:00:00,20.76154259664795,29282,1.0,1410.4,high,historical_dataset
2024-01-09T00:00:00,60.763941414376866,22177,1.0,364.97,low,historical_dataset
2024-01-09T00:00:00,40.20487561449991,30360,1.0,755.13,medium,historical_dataset
2024-01-09T00:00:00,38.449584157144166,57834,1.0,1504.15,high,historical_dataset
2024-01-09T00:00:00,32.15805312965194,15574,1.0,484.3,low,historical_dataset
2024-01-09T00:00:00,66.6964892345641,20151,1.0,302.13,low,historical_dataset
2024-01-09T00:00:00,36.88937116746886,41636,1.0,1128.67,high,historical_dataset
2024-01-09T00:00:00,37.21899757921202,57031,1.0,1532.31,high,historical_dataset
2024-01-09T00:00:00,24.480950797533215,32697,1.0,1335.61,high,historical_dataset
2024-01-09T00:00:00,45.293118687192994,41906,1.0,925.22,medium,historical_dataset
2024-01-09T00:00:00,45.1999794998433,21551,1.0,476.79,low,historical_dataset
2024-01-10T00:00:00,38.92777315621454,23833,1.0,612.24,medium,historical_dataset
2024-01-10T00:00:00,43.81721559961924,19872,1.0,453.52,low,historical_dataset
2024-01-10T00:00:00,55.78066550109493,27621,1.0,495.17,low,historical_dataset
2024-01-10T00:00:00,30.214831106546956,44888,1.0,1485.63,high,historical_dataset
2024-01-10T00:00:00,47.59981939102779,17566,1.0,369.04,low,historical_dataset
2024-01-10T00:00:00,39.928513281863346,9718,1.0,243.38,low,historical_dataset
2024-01-10T00:00:00,20.18589573045154,35638,1.0,1765.49,high,historical_dataset
2024-01-10T00:00:00,55.82483129496557,7947,1.0,142.36,low,historical_dataset
2024-01-11T00:00:00,37.98212562653842,42204,1.0,1111.15,high,historical_dataset
2024-01-11T00:00:00,31.006266593454967,50058,1.0,1614.45,high,historical_dataset
2024-01-11T00:00:00,31.105230937453456,30042,1.0,965.82,medium,historical_dataset
2024-01-11T00:00:00,45.391588065090936,28708,1.0,632.45,medium,historical_dataset
2024-01-11T00:00:00,22.58044423428993,42078,1.0,1863.47,high,historical_dataset
2024-01-11T00:00:00,47.84155124050601,11834,1.0,247.36,low,historical_dataset
2024-01-11T00:00:00,25.350905980037332,16055,1.0,633.31,medium,historical_dataset
2024-01-11T00:00:00,23.43999869365368,34295,1.0,1463.1,high,historical_dataset
2024-01-11T00:00:00,49.502148358816434,16648,1.0,336.31,low,historical_dataset
2024-01-12T00:00:00,42.88656373502134,34839,1.0,812.35,medium,historical_dataset
2024-01-12T00:00:00,38.60673247822664,45510,1.0,1178.81,high,historical_dataset
2024-01-12T00:00:00,31.63493217137333,8047,1.0,254.37,low,historical_dataset
2024-01-12T00:00:00,20.0,44550,1.0,2227.5,high,historical_dataset
2024-01-12T00:00:00,23.05911498951234,15107,1.0,655.14,medium,historical_dataset
2024-01-12T00:00:00,47.98503178938966,23650,1.0,492.86,low,historical_dataset
2024-01-12T00:00:00,42.35973350518387,24344,1.0,574.7,medium,historical_dataset
2024-01-12T00:00:00,35.634625690451706,25095,1.0,704.23,medium,historical_dataset
2024-01-12T00:00:00,37.0405610242709,11033,1.0,297.86,low,historical_dataset
2024-01-12T00:00:00,20.0,29978,1.0,1498.9,high,historical_dataset
2024-01-13T00:00:00,24.499310375947054,48274,1.0,1970.42,high,historical_dataset
2024-01-13T00:00:00,29.383032906904216,35680,1.0,1214.31,high,historical_dataset
2024-01-13T00:00:00,62.451248394105264,15073,1.0,241.36,low,historical_dataset
2024-01-13T00:00:00,41.59918662335761,28876,1.0,694.15,medium,historical_dataset
2024-01-13T00:00:00,39.63633916662449,46114,1.0,1163.43,high,historical_dataset
2024-01-13T00:00:00,27.531486306454287,27584,1.0,1001.91,high,historical_dataset
2024-01-13T00:00:00,26.917857965578214,40043,1.0,1487.6,high,historical_dataset
2024-01-13T00:00:00,27.909531086357216,50928,1.0,1824.75,high,historical_dataset
2024-01-13T00:00:00,30.912562900121447,39177,1.0,1267.35,high,historical_dataset
2024-01-13T00:00:00,61.996227432932365,20748,1.0,334.67,low,historical_dataset
2024-01-13T00:00:00,33.08334854720689,29298,1.0,885.58,medium,historical_dataset
2024-01-13T00:00:00,37.203188847328484,20555,1.0,552.51,medium,historical_dataset
2024-01-14T00:00:00,46.76876542902168,36423,1.0,778.79,medium,historical_dataset
2024-01-14T00:00:00,51.062035769068245,11495,1.0,225.12,low,historical_dataset
2024-01-14T00:00:00,43.060095922798155,33176,1.0,770.46,medium,historical_dataset
2024-01-14T00:00:00,54.78928072616975,16925,1.0,308.91,low,historical_dataset
2024-01-14T00:00:00,42.42952477721471,52437,1.0,1235.86,high,historical_dataset
2024-01-14T00:00:00,32.97837235169211,26253,1.0,796.07,medium,historical_dataset
2024-01-14T00:00:00,43.70913116751928,21054,1.0,481.68,low,historical_dataset
2024-01-14T00:00:00,28.56376895613639,8621,1.0,301.82,low,historical_dataset
2024-01-14T00:00:00,47.793265336694986,18423,1.0,385.47,low,historical_dataset
2024-01-15T00:00:00,39.48289269995423,29402,1.0,744.68,medium,historical_dataset
2024-01-15T00:00:00,47.69098064658713,20464,1.0,429.1,low,historical_dataset
2024-01-15T00:00:00,35.836975449074274,24133,1.0,673.41,medium,historical_dataset
2024-01-15T00:00:00,41.667332199452716,58205,1.0,1396.9,high,historical_dataset
2024-01-15T00:00:00,50.761137069153705,30452,1.0,599.91,medium,historical_dataset
2024-01-15T00:00:00,26.796694842169252,49330,1.0,1840.9,high,historical_dataset
2024-01-15T00:00:00,34.781634577597764,26030,1.0,748.38,medium,historical_dataset
2024-01-15T00:00:00,31.21140460094579,15363,1.0,492.22,low,historical_dataset
2024-01-15T00:00:00,48.820519481264405,28407,1.0,581.87,medium,historical_dataset
2024-01-15T00:00:00,40.011686540873676,27024,1.0,675.4,medium,historical_dataset
2024-01-16T00:00:00,20.0,25646,1.0,1282.3,high,historical_dataset
2024-01-16T00:00:00,31.3267960481234,32912,1.0,1050.6,high,historical_dataset
2024-01-16T00:00:00,52.190206700863044,34524,1.0,661.5,medium,historical_dataset
2024-01-16T00:00:00,31.60443887303959,16503,1.0,522.17,medium,historical_dataset
2024-01-16T00:00:00,35.167632486525086,29489,1.0,838.53,medium,historical_dataset
2024-01-16T00:00:00,20.0,44768,1.0,2238.4,high,historical_dataset
2024-01-16T00:00:00,32.75477083893394,26035,1.0,794.85,medium,historical_dataset
2024-01-16T00:00:00,26.417072363465884,8302,1.0,314.27,low,historical_dataset
2024-01-16T00:00:00,53.86425992946427,15818,1.0,293.66,low,historical_dataset
2024-01-17T00:00:00,23.511815991984435,47410,1.0,2016.43,high,historical_dataset
2024-01-17T00:00:00,27.526138548316858,25438,1.0,924.14,medium,historical_dataset
2024-01-17T00:00:00,23.82191707499875,30813,1.0,1293.47,high,historical_dataset
2024-01-17T00:00:00,20.0,44738,1.0,2236.9,high,historical_dataset
2024-01-17T00:00:00,46.19164715662317,5151,1.0,111.51,low,historical_dataset
2024-01-17T00:00:00,35.109001168164035,48952,1.0,1394.29,high,historical_dataset
2024-01-17T00:00:00,45.517289062036156,46765,1.0,1027.41,high,historical_dataset
2024-01-17T00:00:00,20.0,30467,1.0,1523.35,high,historical_dataset
2024-01-17T00:00:00,23.691937930693733,45359,1.0,1914.53,high,historical_dataset
2024-01-17T00:00:00,37.771568857509365,19438,1.0,514.62,medium,historical_dataset
2024-01-18T00:00:00,48.44574736857105,39865,1.0,822.88,medium,historical_dataset
2024-01-18T00:00:00,39.49112944185539,38786,1.0,982.14,medium,historical_dataset
2024-01-18T00:00:00,20.0,27335,1.0,1366.75,high,historical_dataset
2024-01-18T00:00:00,31.80956720034553,44227,1.0,1390.37,high,historical_dataset
2024-01-18T00:00:00,39.79855935420893,15990,1.0,401.77,low,historical_dataset
2024-01-18T00:00:00,25.48607615069941,18415,1.0,722.55,medium,historical_dataset
2024-01-18T00:00:00,23.83192441134066,27462,1.0,1152.32,high,historical_dataset
2024-01-18T00:00:00,32.82317677640708,50933,1.0,1551.74,high,historical_dataset
2024-01-18T00:00:00,38.007068509670226,24866,1.0,654.25,medium,historical_dataset
2024-01-18T00:00:00,51.92828906324635,31821,1.0,612.79,medium,historical_dataset
2024-01-18T00:00:00,45.86916669279326,11932,1.0,260.13,low,historical_dataset
2024-01-19T00:00:00,29.70483431867199,29805,1.0,1003.37,high,historical_dataset
2024-01-19T00:00:00,43.91924621966174,8018,1.0,182.56,low,historical_dataset
2024-01-19T00:00:00,45.398820926563914,31729,1.0,698.89,medium,historical_dataset
2024-01-19T00:00:00,33.578408943573294,45390,1.0,1351.76,high,historical_dataset
2024-01-19T00:00:00,48.806050850596336,10267,1.0,210.36,low,historical_dataset
2024-01-19T00:00:00,21.577957260112825,37172,1.0,1722.68,high,historical_dataset
2024-01-19T00:00:00,46.67605612176363,22297,1.0,477.7,low,historical_dataset
2024-01-19T00:00:00,39.907486893228175,19265,1.0,482.74,low,historical_dataset
2024-01-19T00:00:00,50.78120815217641,18111,1.0,356.65,low,historical_dataset
2024-01-19T00:00:00,44.5743101290908,10399,1.0,233.3,low,historical_dataset
2024-01-19T00:00:00,45.28947085536314,13285,1.0,293.34,low,historical_dataset
2024-01-20T00:00:00,39.51111218580412,40315,1.0,1020.35,high,historical_dataset
2024-01-20T00:00:00,49.8429562911068,11947,1.0,239.69,low,historical_dataset
2024-01-20T00:00:00,40.21705549636101,52464,1.0,1304.52,high,historical_dataset
2024-01-20T00:00:00,58.62031571221321,40490,1.0,690.72,medium,historical_dataset
2024-01-20T00:00:00,29.577071385787516,13696,1.0,463.06,low,historical_dataset
2024-01-20T00:00:00,31.63233010983355,22994,1.0,726.91,medium,historical_dataset
2024-01-20T00:00:00,41.13673158954068,10998,1.0,267.35,low,historical_dataset
2024-01-20T00:00:00,35.7545615937099,37711,1.0,1054.72,high,historical_dataset
2024-01-20T00:00:00,29.277341213648743,8678,1.0,296.41,low,historical_dataset
2024-01-20T00:00:00,33.74323926770727,19282,1.0,571.43,medium,historical_dataset
2024-01-21T00:00:00,39.649262328310186,32652,1.0,823.52,medium,historical_dataset
2024-01-21T00:00:00,53.40083725332116,21690,1.0,406.17,low,historical_dataset
2024-01-21T00:00:00,49.02170522955661,24208,1.0,493.82,low,historical_dataset
2024-01-21T00:00:00,48.61487010232541,16237,1.0,333.99,low,historical_dataset
2024-01-21T00:00:00,30.6679365486647,56184,1.0,1832.01,high,historical_dataset
2024-01-21T00:00:00,42.837214111177005,12381,1.0,289.02,low,historical_dataset
2024-01-21T00:00:00,40.04552112316661,39987,1.0,998.54,medium,historical_dataset
2024-01-21T00:00:00,35.49920884874253,36726,1.0,1034.56,high,historical_dataset
2024-01-21T00:00:00,41.520935300359945,23660,1.0,569.83,medium,historical_dataset
2024-01-21T00:00:00,39.58986769799692,30101,1.0,760.32,medium,historical_dataset
2024-01-22T00:00:00,55.3978069666386,34995,1.0,631.7,medium,historical_dataset
2024-01-22T00:00:00,29.016555063947056,12803,1.0,441.23,low,historical_dataset
2024-01-22T00:00:00,26.962971248988527,66286,1.0,2458.41,high,historical_dataset
2024-01-22T00:00:00,22.377929432610802,62996,1.0,2815.1,high,historical_dataset
2024-01-22T00:00:00,37.91974852473779,14797,1.0,390.22,low,historical_dataset
2024-01-22T00:00:00,24.881585432596626,39135,1.0,1572.85,high,historical_dataset
2024-01-22T00:00:00,22.387036813986278,35858,1.0,1601.73,high,historical_dataset
2024-01-22T00:00:00,37.55530110945496,20617,1.0,548.98,medium,historical_dataset
2024-01-22T00:00:00,63.475109846977816,18701,1.0,294.62,low,historical_dataset
2024-01-22T00:00:00,43.126323349943334,33540,1.0,777.72,medium,historical_dataset
2024-01-22T00:00:00,45.12888912504269,13705,1.0,303.69,low,historical_dataset
2024-01-23T00:00:00,34.34497856943726,19057,1.0,554.87,medium,historical_dataset
2024-01-23T00:00:00,37.82039987398173,23954,1.0,633.36,medium,historical_dataset
2024-01-23T00:00:00,25.974582737501894,32338,1.0,1244.99,high,historical_dataset
2024-01-23T00:00:00,51.840945087270256,5791,1.0,111.71,low,historical_dataset
2024-01-23T00:00:00,31.76616360167137,22497,1.0,708.21,medium,historical_dataset
2024-01-23T00:00:00,38.16394622203348,27160,1.0,711.67,medium,historical_dataset
2024-01-23T00:00:00,42.8614720585602,34109,1.0,795.8,medium,historical_dataset
2024-01-24T00:00:00,35.47988950946748,29267,1.0,824.89,medium,historical_dataset
2024-01-24T00:00:00,48.509721760353344,35825,1.0,738.51,medium,historical_dataset
2024-01-24T00:00:00,43.22895569174262,29590,1.0,684.49,medium,historical_dataset
2024-01-24T00:00:00,31.438418530652296,32248,1.0,1025.75,high,historical_dataset
2024-01-24T00:00:00,43.5169656456378,25802,1.0,592.92,medium,historical_dataset
2024-01-24T00:00:00,30.029970809841846,37931,1.0,1263.1,high,historical_dataset
2024-01-24T00:00:00,40.996204901309284,17459,1.0,425.87,low,historical_dataset
2024-01-25T00:00:00,39.91524928261316,25955,1.0,650.25,medium,historical_dataset
2024-01-25T00:00:00,30.31515361071248,25664,1.0,846.57,medium,historical_dataset
2024-01-25T00:00:00,51.03168141535312,31585,1.0,618.93,medium,historical_dataset
2024-01-25T00:00:00,45.94039084374391,33208,1.0,722.85,medium,historical_dataset
2024-01-25T00:00:00,44.7849130009754,25840,1.0,576.98,medium,historical_dataset
2024-01-25T00:00:00,26.11942917561946,25134,1.0,962.27,medium,historical_dataset
2024-01-25T00:00:00,51.367879876876025,8949,1.0,174.21,low,historical_dataset
2024-01-25T00:00:00,35.83004573109505,34899,1.0,974.01,medium,historical_dataset
2024-01-25T00:00:00,32.07277740985995,23516,1.0,733.21,medium,historical_dataset
2024-01-25T00:00:00,47.39590718119857,20082,1.0,423.71,low,historical_dataset
2024-01-26T00:00:00,33.84170153141433,11459,1.0,338.61,low,historical_dataset
2024-01-26T00:00:00,45.623099685375436,26694,1.0,585.1,medium,historical_dataset
2024-01-26T00:00:00,47.172192845204066,27001,1.0,572.39,medium,historical_dataset
2024-01-26T00:00:00,41.65259297211948,33105,1.0,794.79,medium,historical_dataset
2024-01-26T00:00:00,37.598537342960505,32524,1.0,865.03,medium,historical_dataset
2024-01-26T00:00:00,38.728264375472605,28850,1.0,744.93,medium,historical_dataset
2024-01-26T00:00:00,32.319035461963665,19519,1.0,603.95,medium,historical_dataset
2024-01-26T00:00:00,43.117918099550174,13774,1.0,319.45,low,historical_dataset
2024-01-26T00:00:00,28.392155150792032,40536,1.0,1427.72,high,historical_dataset
2024-01-26T00:00:00,38.564299903190864,27929,1.0,724.22,medium,historical_dataset
2024-01-26T00:00:00,50.03000853731089,32418,1.0,647.97,medium,historical_dataset
2024-01-26T00:00:00,31.855265089463458,15913,1.0,499.54,low,historical_dataset
2024-01-27T00:00:00,50.45704328702803,43056,1.0,853.32,medium,historical_dataset
2024-01-27T00:00:00,33.77614573752246,23755,1.0,703.31,medium,historical_dataset
2024-01-27T00:00:00,27.958468342653074,33493,1.0,1197.96,high,historical_dataset
2024-01-27T00:00:00,35.09832391555273,31490,1.0,897.19,medium,historical_dataset
2024-01-27T00:00:00,43.658331582003136,48901,1.0,1120.08,high,historical_dataset
2024-01-27T00:00:00,42.735649500053775,16756,1.0,392.08,low,historical_dataset
2024-01-27T00:00:00,35.67917446548789,40383,1.0,1131.84,high,historical_dataset
2024-01-27T00:00:00,25.207444067052485,39573,1.0,1569.89,high,historical_dataset
2024-01-27T00:00:00,42.64921485271819,20103,1.0,471.36,low,historical_dataset
2024-01-27T00:00:00,48.88451512519463,13796,1.0,282.22,low,historical_dataset
2024-01-28T00:00:00,38.90047311817443,29617,1.0,761.35,medium,historical_dataset
2024-01-28T00:00:00,34.464972710318044,34514,1.0,1001.42,high,historical_dataset
2024-01-28T00:00:00,53.20689452276062,14062,1.0,264.29,low,historical_dataset
2024-01-28T00:00:00,53.155284337831674,60114,1.0,1130.91,high,historical_dataset
2024-01-28T00:00:00,31.44347051687724,26094,1.0,829.87,medium,historical_dataset
2024-01-28T00:00:00,36.412107131380715,18745,1.0,514.8,medium,historical_dataset
2024-01-28T00:00:00,46.02140262627663,28196,1.0,612.67,medium,historical_dataset
2024-01-28T00:00:00,26.236518756535617,34158,1.0,1301.93,high,historical_dataset
2024-01-28T00:00:00,30.409578994052858,30975,1.0,1018.59,high,historical_dataset
2024-01-28T00:00:00,36.799403948057375,16564,1.0,450.12,low,historical_dataset
2024-01-29T00:00:00,21.726756338451544,25977,1.0,1195.62,high,historical_dataset
2024-01-29T00:00:00,31.971404367050173,36437,1.0,1139.67,high,historical_dataset
2024-01-29T00:00:00,74.85091995371862,21591,1.0,288.45,low,historical_dataset
2024-01-29T00:00:00,29.22549742964541,58966,1.0,2017.62,high,historical_dataset
2024-01-29T00:00:00,42.78059634019519,28784,1.0,672.83,medium,historical_dataset
2024-01-29T00:00:00,20.371899691114557,34288,1.0,1683.1,high,historical_dataset
2024-01-29T00:00:00,20.512338850311025,38716,1.0,1887.45,high,historical_dataset
2024-01-29T00:00:00,38.40060455996061,19681,1.0,512.52,medium,historical_dataset
2024-01-29T00:00:00,38.84145121622333,19102,1.0,491.79,low,historical_dataset
2024-01-29T00:00:00,40.85037311045146,30660,1.0,750.54,medium,historical_dataset
2024-01-30T00:00:00,36.92924263260723,10807,1.0,292.64,low,historical_dataset
2024-01-30T00:00:00,37.45911581294022,33394,1.0,891.48,medium,historical_dataset
2024-01-30T00:00:00,41.257742775254094,42378,1.0,1027.15,high,historical_dataset
2024-01-30T00:00:00,54.48503504695191,57860,1.0,1061.94,high,historical_dataset
2024-01-30T00:00:00,52.82199065498171,41545,1.0,786.51,medium,historical_dataset
2024-01-30T00:00:00,20.0,52000,1.0,2600.0,high,historical_dataset
2024-01-30T00:00:00,44.88927992677875,26502,1.0,590.39,medium,historical_dataset
2024-01-30T00:00:00,35.100424399778184,28199,1.0,803.38,medium,historical_dataset
2024-01-30T00:00:00,29.279971346157957,29530,1.0,1008.54,high,historical_dataset
2024-01-31T00:00:00,35.88833705079705,51290,1.0,1429.16,high,historical_dataset
2024-01-31T00:00:00,31.122949073435144,25029,1.0,804.2,medium,historical_dataset
2024-01-31T00:00:00,56.458609838494326,6120,1.0,108.4,low,historical_dataset
2024-01-31T00:00:00,40.43834222539519,17164,1.0,424.45,low,historical_dataset
2024-01-31T00:00:00,28.5232572463555,42389,1.0,1486.12,high,historical_dataset
2024-01-31T00:00:00,37.2416400337824,19225,1.0,516.22,medium,historical_dataset
2024-01-31T00:00:00,37.51511202653661,38216,1.0,1018.68,high,historical_dataset
2024-01-31T00:00:00,40.50364277375911,9679,1.0,238.97,low,historical_dataset
2024-01-31T00:00:00,42.740919926182315,19337,1.0,452.42,low,historical_dataset
2024-02-01T00:00:00,37.684077444243876,32285,1.0,856.73,medium,historical_dataset
2024-02-01T00:00:00,25.8374212014624,44557,1.0,1724.51,high,historical_dataset
2024-02-01T00:00:00,32.95974579171334,15410,1.0,467.54,low,historical_dataset
2024-02-01T00:00:00,22.309750699399174,51665,1.0,2315.8,high,historical_dataset
2024-02-01T00:00:00,20.0,36384,1.0,1819.2,high,historical_dataset
2024-02-01T00:00:00,51.182218285481156,41692,1.0,814.58,medium,historical_dataset
2024-02-01T00:00:00,56.30734165945418,29831,1.0,529.79,medium,historical_dataset
2024-02-01T00:00:00,46.865336849892145,10915,1.0,232.9,low,historical_dataset
2024-02-01T00:00:00,20.0,25909,1.0,1295.45,high,historical_dataset
2024-02-02T00:00:00,25.01896286292863,37720,1.0,1507.66,high,historical_dataset
2024-02-02T00:00:00,29.599920995191667,26712,1.0,902.43,medium,historical_dataset
2024-02-02T00:00:00,34.012760676963566,33467,1.0,983.95,medium,historical_dataset
2024-02-02T00:00:00,28.06795558356955,27426,1.0,977.13,medium,historical_dataset
2024-02-02T00:00:00,30.595255842772076,28611,1.0,935.14,medium,historical_dataset
2024-02-02T00:00:00,35.578822677576134,22739,1.0,639.12,medium,historical_dataset
2024-02-02T00:00:00,51.80368720260226,14731,1.0,284.36,low,historical_dataset
2024-02-02T00:00:00,39.2607296765169,27411,1.0,698.18,medium,historical_dataset
2024-02-03T00:00:00,55.55674580720306,11202,1.0,201.63,low,historical_dataset
2024-02-03T00:00:00,38.035565721567366,30432,1.0,800.09,medium,historical_dataset
2024-02-03T00:00:00,57.81447655624709,14800,1.0,255.99,low,historical_dataset
2024-02-03T00:00:00,40.509698452272254,22635,1.0,558.76,medium,historical_dataset
2024-02-03T00:00:00,49.357934160178445,61293,1.0,1241.81,high,historical_dataset
2024-02-03T00:00:00,51.09445473081475,15116,1.0,295.84,low,historical_dataset
2024-02-03T00:00:00,43.703816784664916,29328,1.0,671.06,medium,historical_dataset
2024-02-03T00:00:00,42.29715065074328,37491,1.0,886.37,medium,historical_dataset
2024-02-03T00:00:00,38.85292924853296,8989,1.0,231.36,low,historical_dataset
2024-02-03T00:00:00,43.77964407021862,19769,1.0,451.56,low,historical_dataset
2024-02-03T00:00:00,30.281805526319722,31228,1.0,1031.25,high,historical_dataset
2024-02-03T00:00:00,20.0,27135,1.0,1356.75,high,historical_dataset
2024-02-04T00:00:00,45.41488037874159,12161,1.0,267.78,low,historical_dataset
2024-02-04T00:00:00,26.962159173456833,25601,1.0,949.52,medium,historical_dataset
2024-02-04T00:00:00,50.28212899135075,7828,1.0,155.68,low,historical_dataset
2024-02-04T00:00:00,34.35311798542237,42997,1.0,1251.62,high,historical_dataset
2024-02-04T00:00:00,36.91779850584191,54454,1.0,1475.01,high,historical_dataset
2024-02-04T00:00:00,32.265870541279774,53622,1.0,1661.88,high,historical_dataset
2024-02-04T00:00:00,34.442379881701285,28044,1.0,814.23,medium,historical_dataset
2024-02-04T00:00:00,34.78310559710485,29887,1.0,859.24,medium,historical_dataset
2024-02-04T00:00:00,44.460453545395154,37412,1.0,841.47,medium,historical_dataset
2024-02-05T00:00:00,43.21770638771219,12874,1.0,297.89,low,historical_dataset
2024-02-05T00:00:00,45.399877079062925,12139,1.0,267.38,low,historical_dataset
2024-02-05T00:00:00,20.0,27407,1.0,1370.35,high,historical_dataset
2024-02-05T00:00:00,55.070707530841894,21040,1.0,382.05,low,historical_dataset
2024-02-05T00:00:00,28.654493749699483,34578,1.0,1206.72,high,historical_dataset
2024-02-05T00:00:00,30.58257831896326,62431,1.0,2041.39,high,historical_dataset
2024-02-05T00:00:00,33.27786931913813,34271,1.0,1029.84,high,historical_dataset
2024-02-05T00:00:00,52.86044561482276,33216,1.0,628.37,medium,historical_dataset
2024-02-05T00:00:00,27.455723672892017,25597,1.0,932.3,medium,historical_dataset
2024-02-05T00:00:00,60.96677113014817,19199,1.0,314.91,low,historical_dataset
2024-02-05T00:00:00,37.84328822278067,23954,1.0,632.98,medium,historical_dataset
2024-02-06T00:00:00,36.9228755242807,34070,1.0,922.73,medium,historical_dataset
2024-02-06T00:00:00,42.55002972632947,43325,1.0,1018.21,high,historical_dataset
2024-02-06T00:00:00,34.4080750277647,29047,1.0,844.19,medium,historical_dataset
2024-02-06T00:00:00,44.80305996475105,41277,1.0,921.3,medium,historical_dataset
2024-02-06T00:00:00,54.91163380987439,23496,1.0,427.89,low,historical_dataset
2024-02-06T00:00:00,25.739364523812572,18595,1.0,722.43,medium,historical_dataset
2024-02-06T00:00:00,45.30320215287292,23460,1.0,517.84,medium,historical_dataset
2024-02-06T00:00:00,44.53911493493016,42904,1.0,963.29,medium,historical_dataset
2024-02-06T00:00:00,39.750693274657166,33302,1.0,837.77,medium,historical_dataset
2024-02-06T00:00:00,60.07982540529463,11811,1.0,196.59,low,historical_dataset
2024-02-06T00:00:00,35.67493228736319,29654,1.0,831.23,medium,historical_dataset
2024-02-06T00:00:00,49.80000947557652,27676,1.0,555.74,medium,historical_dataset
2024-02-07T00:00:00,54.78786596682737,17201,1.0,313.96,low,historical_dataset
2024-02-07T00:00:00,21.381008291836004,30568,1.0,1429.68,high,historical_dataset
2024-02-07T00:00:00,25.587865295840707,53038,1.0,2072.78,high,historical_dataset
2024-02-07T00:00:00,24.087730755239605,44432,1.0,1844.59,high,historical_dataset
2024-02-07T00:00:00,47.28643973703367,17753,1.0,375.44,low,historical_dataset
2024-02-07T00:00:00,31.697483802457207,54725,1.0,1726.48,high,historical_dataset
2024-02-07T00:00:00,28.28796036816145,27818,1.0,983.39,medium,historical_dataset
2024-02-07T00:00:00,53.87731852752029,24968,1.0,463.42,low,historical_dataset
2024-02-07T00:00:00,41.8332424469074,15783,1.0,377.28,low,historical_dataset
2024-02-08T00:00:00,50.46929435654941,31466,1.0,623.47,medium,historical_dataset
2024-02-08T00:00:00,34.368015821267036,22525,1.0,655.41,medium,historical_dataset
2024-02-08T00:00:00,41.04452510295799,41778,1.0,1017.87,high,historical_dataset
2024-02-08T00:00:00,35.923524686565855,44058,1.0,1226.44,high,historical_dataset
2024-02-08T00:00:00,61.05959201420265,16609,1.0,272.01,low,historical_dataset
2024-02-08T00:00:00,43.60811156169998,14018,1.0,321.45,low,historical_dataset
2024-02-08T00:00:00,40.46562402835595,39016,1.0,964.18,medium,historical_dataset
2024-02-09T00:00:00,39.6012202323673,22266,1.0,562.26,medium,historical_dataset
2024-02-09T00:00:00,35.054613233549595,39086,1.0,1115.0,high,historical_dataset
2024-02-09T00:00:00,48.315866731210264,43334,1.0,896.89,medium,historical_dataset
2024-02-09T00:00:00,45.313084809004366,27374,1.0,604.11,medium,historical_dataset
2024-02-09T00:00:00,43.259254293592235,26575,1.0,614.32,medium,historical_dataset
2024-02-09T00:00:00,35.47604266866918,50690,1.0,1428.85,high,historical_dataset
2024-02-09T00:00:00,20.0,34199,1.0,1709.95,high,historical_dataset
2024-02-09T00:00:00,35.38540953484811,31345,1.0,885.82,medium,historical_dataset
2024-02-09T00:00:00,65.33035527073599,8210,1.0,125.67,low,historical_dataset
2024-02-10T00:00:00,39.632756557224695,25465,1.0,642.52,medium,historical_dataset
2024-02-10T00:00:00,26.26534038056692,43629,1.0,1661.09,high,historical_dataset
2024-02-10T00:00:00,39.60160963252231,14077,1.0,355.47,low,historical_dataset
2024-02-10T00:00:00,31.984166394292263,42862,1.0,1340.1,high,historical_dataset
2024-02-10T00:00:00,44.30369329447688,36773,1.0,830.02,medium,historical_dataset
2024-02-10T00:00:00,32.04111893619446,28103,1.0,877.09,medium,historical_dataset
2024-02-10T00:00:00,33.21261619684301,35880,1.0,1080.31,high,historical_dataset
2024-02-10T00:00:00,32.18073227049853,36148,1.0,1123.28,high,historical_dataset
2024-02-10T00:00:00,36.82492898458109,33383,1.0,906.53,medium,historical_dataset
2024-02-11T00:00:00,32.74153264204109,50673,1.0,1547.67,high,historical_dataset
2024-02-11T00:00:00,41.0734366358716,37242,1.0,906.72,medium,historical_dataset
2024-02-11T00:00:00,35.51533822726202,30973,1.0,872.1,medium,historical_dataset
2024-02-11T00:00:00,23.982382774461676,29975,1.0,1249.88,high,historical_dataset
2024-02-11T00:00:00,30.615398941994307,23095,1.0,754.36,medium,historical_dataset
2024-02-11T00:00:00,29.216247300073235,30841,1.0,1055.61,high,historical_dataset
2024-02-11T00:00:00,20.0,36166,1.0,1808.3,high,historical_dataset
2024-02-11T00:00:00,40.10944958508427,29827,1.0,743.64,medium,historical_dataset
2024-02-11T00:00:00,46.696730070776965,34660,1.0,742.24,medium,historical_dataset
2024-02-11T00:00:00,30.10165576294804,25957,1.0,862.31,medium,historical_dataset
2024-02-12T00:00:00,48.43807969588648,35945,1.0,742.08,medium,historical_dataset
2024-02-12T00:00:00,43.73263462409908,23918,1.0,546.91,medium,historical_dataset
2024-02-12T00:00:00,34.69140908048546,7976,1.0,229.91,low,historical_dataset
2024-02-12T00:00:00,35.61566774329612,64251,1.0,1804.01,high,historical_dataset
2024-02-12T00:00:00,81.94472676930516,28358,1.0,346.06,low,historical_dataset
2024-02-12T00:00:00,30.204246193728576,36941,1.0,1223.04,high,historical_dataset
2024-02-12T00:00:00,34.151437738223045,50713,1.0,1484.94,high,historical_dataset
2024-02-12T00:00:00,44.74621857787477,38629,1.0,863.29,medium,historical_dataset
2024-02-12T00:00:00,52.83648499929583,17551,1.0,332.18,low,historical_dataset
2024-02-13T00:00:00,20.0,25646,1.0,1282.3,high,historical_dataset
2024-02-13T00:00:00,50.708220380884654,12489,1.0,246.29,low,historical_dataset
2024-02-13T00:00:00,45.76908598602784,23744,1.0,518.78,medium,historical_dataset
2024-02-13T00:00:00,23.83866728970549,32177,1.0,1349.78,high,historical_dataset
2024-02-13T00:00:00,46.23104034823486,14445,1.0,312.45,low,historical_dataset
2024-02-13T00:00:00,47.05802869695519,46755,1.0,993.56,medium,historical_dataset
2024-02-13T00:00:00,32.688185450738644,35077,1.0,1073.08,high,historical_dataset
2024-02-13T00:00:00,34.125329350233706,16880,1.0,494.65,low,historical_dataset
2024-02-13T00:00:00,28.962358794739465,37276,1.0,1287.05,high,historical_dataset
2024-02-13T00:00:00,62.21467614240118,11973,1.0,192.45,low,historical_dataset
2024-02-14T00:00:00,32.60615030911874,38397,1.0,1177.6,high,historical_dataset
2024-02-14T00:00:00,30.32391265114672,34155,1.0,1126.34,high,historical_dataset
2024-02-14T00:00:00,32.26650822887946,26906,1.0,833.87,medium,historical_dataset
2024-02-14T00:00:00,30.758338057254587,16295,1.0,529.78,medium,historical_dataset
2024-02-14T00:00:00,29.107340695963728,19435,1.0,667.7,medium,historical_dataset
2024-02-14T00:00:00,41.87313341261287,37916,1.0,905.5,medium,historical_dataset
2024-02-14T00:00:00,39.832846033957864,26123,1.0,655.82,medium,historical_dataset
2024-02-14T00:00:00,47.10818081685967,33555,1.0,712.3,medium,historical_dataset
2024-02-14T00:00:00,31.92476955254247,29939,1.0,937.8,medium,historical_dataset
2024-02-15T00:00:00,46.53315665002238,33317,1.0,715.98,medium,historical_dataset
2024-02-15T00:00:00,35.18331761937622,27304,1.0,776.05,medium,historical_dataset
2024-02-15T00:00:00,33.39926055066005,30173,1.0,903.4,medium,historical_dataset
2024-02-15T00:00:00,33.01717409573198,29758,1.0,901.29,medium,historical_dataset
2024-02-15T00:00:00,50.43589094824021,13479,1.0,267.25,low,historical_dataset
2024-02-15T00:00:00,43.398585325833686,27900,1.0,642.88,medium,historical_dataset
2024-02-15T00:00:00,39.465941194333055,27357,1.0,693.18,medium,historical_dataset
2024-02-15T00:00:00,37.83884643476232,18301,1.0,483.66,low,historical_dataset
2024-02-15T00:00:00,35.283633720497356,20899,1.0,592.31,medium,historical_dataset
2024-02-16T00:00:00,27.65968777046112,32860,1.0,1188.01,high,historical_dataset
2024-02-16T00:00:00,28.691808033357805,42536,1.0,1482.51,high,historical_dataset
2024-02-16T00:00:00,38.629472392246335,33564,1.0,868.87,medium,historical_dataset
2024-02-16T00:00:00,55.38583550500133,12589,1.0,227.3,low,historical_dataset
2024-02-16T00:00:00,23.64489365762705,5962,1.0,252.15,low,historical_dataset
2024-02-16T00:00:00,28.524589818243165,40331,1.0,1413.9,high,historical_dataset
2024-02-16T00:00:00,40.3236173965395,16011,1.0,397.06,low,historical_dataset
2024-02-16T00:00:00,34.10084385061276,32281,1.0,946.63,medium,historical_dataset
2024-02-16T00:00:00,70.07860091471464,21870,1.0,312.08,low,historical_dataset
2024-02-16T00:00:00,35.996271025468516,30553,1.0,848.78,medium,historical_dataset
2024-02-17T00:00:00,50.02201190311594,38488,1.0,769.42,medium,historical_dataset
2024-02-17T00:00:00,48.642650352122686,28475,1.0,585.39,medium,historical_dataset
2024-02-17T00:00:00,45.801903919838765,37034,1.0,808.57,medium,historical_dataset
2024-02-17T00:00:00,40.2483689356429,30875,1.0,767.11,medium,historical_dataset
2024-02-17T00:00:00,43.2208199262127,43104,1.0,997.3,medium,historical_dataset
2024-02-17T00:00:00,39.49377578169672,42711,1.0,1081.46,high,historical_dataset
2024-02-17T00:00:00,36.95271820796543,38075,1.0,1030.37,high,historical_dataset
2024-02-17T00:00:00,46.130487336523686,19386,1.0,420.24,low,historical_dataset
2024-02-17T00:00:00,37.07843184648632,9872,1.0,266.25,low,historical_dataset
2024-02-17T00:00:00,33.74589230417752,49783,1.0,1475.23,high,historical_dataset
2024-02-17T00:00:00,30.64288611598339,15816,1.0,516.14,medium,historical_dataset
2024-02-18T00:00:00,49.84335558303559,25157,1.0,504.72,medium,historical_dataset
2024-02-18T00:00:00,21.20390478577044,35038,1.0,1652.43,high,historical_dataset
2024-02-18T00:00:00,38.56452830887936,22683,1.0,588.18,medium,historical_dataset
2024-02-18T00:00:00,34.03439477219414,35354,1.0,1038.77,high,historical_dataset
2024-02-18T00:00:00,41.029086988672674,45961,1.0,1120.21,high,historical_dataset
2024-02-18T00:00:00,38.94811036663592,25828,1.0,663.14,medium,historical_dataset
2024-02-18T00:00:00,66.50339206178309,11367,1.0,170.92,low,historical_dataset
2024-02-18T00:00:00,59.89326197870689,35649,1.0,595.21,medium,historical_dataset
2024-02-18T00:00:00,21.09629618125485,35433,1.0,1679.58,high,historical_dataset
2024-02-18T00:00:00,32.255305418243786,17938,1.0,556.13,medium,historical_dataset
2024-02-19T00:00:00,45.54981206007199,46265,1.0,1015.7,high,historical_dataset
2024-02-19T00:00:00,34.33355117093288,57774,1.0,1682.73,high,historical_dataset
2024-02-19T00:00:00,51.06775891080067,22845,1.0,447.35,low,historical_dataset
2024-02-19T00:00:00,40.24633083317497,44907,1.0,1115.8,high,historical_dataset
2024-02-19T00:00:00,30.715019516356996,37119,1.0,1208.5,high,historical_dataset
2024-02-19T00:00:00,30.982608713414592,58725,1.0,1895.42,high,historical_dataset
2024-02-19T00:00:00,28.84143094342129,28844,1.0,1000.09,high,historical_dataset
2024-02-19T00:00:00,45.274602569754656,18614,1.0,411.14,low,historical_dataset
2024-02-19T00:00:00,51.744027343327936,18364,1.0,354.9,low,historical_dataset
2024-02-20T00:00:00,25.67470985513616,41173,1.0,1603.64,high,historical_dataset
2024-02-20T00:00:00,33.897410906907155,36776,1.0,1084.92,high,historical_dataset
2024-02-20T00:00:00,20.0,42726,1.0,2136.3,high,historical_dataset
2024-02-20T00:00:00,37.95539895312304,44802,1.0,1180.39,high,historical_dataset
2024-02-20T00:00:00,46.52738602554962,13317,1.0,286.22,low,historical_dataset
2024-02-20T00:00:00,47.57614461771567,47795,1.0,1004.6,high,historical_dataset
2024-02-20T00:00:00,37.52488533995446,23173,1.0,617.54,medium,historical_dataset
2024-02-20T00:00:00,23.7594404106337,7512,1.0,316.17,low,historical_dataset
2024-02-20T00:00:00,38.97879636389108,46712,1.0,1198.4,high,historical_dataset
2024-02-20T00:00:00,35.56248608017549,43488,1.0,1222.86,high,historical_dataset
2024-02-20T00:00:00,28.804121329707534,7282,1.0,252.81,low,historical_dataset
2024-02-21T00:00:00,20.0,52161,1.0,2608.05,high,historical_dataset
2024-02-21T00:00:00,56.781983060210294,21997,1.0,387.39,low,historical_dataset
2024-02-21T00:00:00,31.011421381424103,62906,1.0,2028.48,high,historical_dataset
2024-02-21T00:00:00,26.174270922833223,29494,1.0,1126.83,high,historical_dataset
2024-02-21T00:00:00,37.66020677413906,19778,1.0,525.17,medium,historical_dataset
2024-02-21T00:00:00,26.29895358144043,56207,1.0,2137.23,high,historical_dataset
2024-02-21T00:00:00,29.01313265371503,18622,1.0,641.85,medium,historical_dataset
2024-02-21T00:00:00,47.64422079912262,40458,1.0,849.17,medium,historical_dataset
2024-02-21T00:00:00,44.474131680059315,34547,1.0,776.79,medium,historical_dataset
2024-02-22T00:00:00,20.0,35515,1.0,1775.75,high,historical_dataset
2024-02-22T00:00:00,29.779952208318754,54274,1.0,1822.5,high,historical_dataset
2024-02-22T00:00:00,46.26595124964977,8657,1.0,187.11,low,historical_dataset
2024-02-22T00:00:00,26.0710453865724,21976,1.0,842.93,medium,historical_dataset
2024-02-22T00:00:00,51.04767457938557,63021,1.0,1234.55,high,historical_dataset
2024-02-22T00:00:00,64.00862545732315,33472,1.0,522.93,medium,historical_dataset
2024-02-22T00:00:00,44.689308230651214,26346,1.0,589.54,medium,historical_dataset
2024-02-22T00:00:00,34.35454928308594,8993,1.0,261.77,low,historical_dataset
2024-02-22T00:00:00,53.08682154519476,21883,1.0,412.21,low,historical_dataset
2024-02-22T00:00:00,38.799350295270926,22515,1.0,580.29,medium,historical_dataset
2024-02-22T00:00:00,44.11113914918878,20404,1.0,462.56,low,historical_dataset
2024-02-23T00:00:00,43.08632347253098,38516,1.0,893.93,medium,historical_dataset
2024-02-23T00:00:00,60.271387595749495,40161,1.0,666.34,medium,historical_dataset
2024-02-23T00:00:00,34.29338457715023,25866,1.0,754.26,medium,historical_dataset
2024-02-23T00:00:00,44.10774661233748,49412,1.0,1120.26,high,historical_dataset
2024-02-23T00:00:00,20.810318238254826,28848,1.0,1386.24,high,historical_dataset
2024-02-23T00:00:00,20.0,35686,1.0,1784.3,high,historical_dataset
2024-02-23T00:00:00,49.42112047067064,20887,1.0,422.63,low,historical_dataset
2024-02-23T00:00:00,51.3012997569808,19734,1.0,384.67,low,historical_dataset
2024-02-23T00:00:00,47.39950759984462,11240,1.0,237.13,low,historical_dataset
2024-02-23T00:00:00,20.0,36705,1.0,1835.25,high,historical_dataset
2024-02-24T00:00:00,20.818751901835185,33162,1.0,1592.89,high,historical_dataset
2024-02-24T00:00:00,27.787847790383616,30886,1.0,1111.49,high,historical_dataset
2024-02-24T00:00:00,41.37076087690213,16640,1.0,402.22,low,historical_dataset
2024-02-24T00:00:00,38.48733874085432,26571,1.0,690.38,medium,historical_dataset
2024-02-24T00:00:00,29.672263629743654,43718,1.0,1473.36,high,historical_dataset
2024-02-24T00:00:00,34.711095892513605,39854,1.0,1148.16,high,historical_dataset
2024-02-24T00:00:00,29.589457520433115,23018,1.0,777.91,medium,historical_dataset
2024-02-24T00:00:00,55.24546549887689,15695,1.0,284.1,low,historical_dataset
2024-02-25T00:00:00,33.52550591465571,33142,1.0,988.56,medium,historical_dataset
2024-02-25T00:00:00,38.60854886421358,52728,1.0,1365.71,high,historical_dataset
2024-02-25T00:00:00,36.379650059176676,23635,1.0,649.68,medium,historical_dataset
2024-02-25T00:00:00,36.28497678409721,28203,1.0,777.26,medium,historical_dataset
2024-02-25T00:00:00,23.483114988764903,60496,1.0,2576.15,high,historical_dataset
2024-02-25T00:00:00,63.31630940371371,12083,1.0,190.84,low,historical_dataset
2024-02-25T00:00:00,26.908700963758854,39914,1.0,1483.31,high,historical_dataset
2024-02-25T00:00:00,37.51900868620056,25674,1.0,684.29,medium,historical_dataset
2024-02-25T00:00:00,36.07322036571875,30387,1.0,842.37,medium,historical_dataset
2024-02-25T00:00:00,52.14801590685508,30928,1.0,593.08,medium,historical_dataset
2024-02-26T00:00:00,28.88759813907435,25395,1.0,879.1,medium,historical_dataset
2024-02-26T00:00:00,64.5608129881357,11496,1.0,178.06,low,historical_dataset
2024-02-26T00:00:00,43.96524649337054,19990,1.0,454.68,low,historical_dataset
2024-02-26T00:00:00,37.608915165610995,60021,1.0,1595.92,high,historical_dataset
2024-02-26T00:00:00,28.10217549771218,43072,1.0,1532.69,high,historical_dataset
2024-02-26T00:00:00,48.32852567815578,12098,1.0,250.33,low,historical_dataset
2024-02-26T00:00:00,32.34220098928176,35189,1.0,1088.02,high,historical_dataset
2024-02-26T00:00:00,54.41835139799753,27357,1.0,502.72,medium,historical_dataset
2024-02-26T00:00:00,31.38324788945797,28695,1.0,914.34,medium,historical_dataset
2024-02-26T00:00:00,39.18479283694267,21478,1.0,548.12,medium,historical_dataset
2024-02-27T00:00:00,36.31611033595733,38703,1.0,1065.73,high,historical_dataset
2024-02-27T00:00:00,27.601446739051386,23614,1.0,855.53,medium,historical_dataset
2024-02-27T00:00:00,31.073146827474616,11980,1.0,385.54,low,historical_dataset
2024-02-27T00:00:00,29.1542821411839,25076,1.0,860.11,medium,historical_dataset
2024-02-27T00:00:00,26.39762573378159,27145,1.0,1028.31,high,historical_dataset
2024-02-27T00:00:00,41.01865498155513,24937,1.0,607.94,medium,historical_dataset
2024-02-28T00:00:00,41.65638525886452,41200,1.0,989.04,medium,historical_dataset
2024-02-28T00:00:00,20.0,27136,1.0,1356.8,high,historical_dataset
2024-02-28T00:00:00,33.21588957821564,34516,1.0,1039.14,high,historical_dataset
2024-02-28T00:00:00,30.35690358592138,32235,1.0,1061.87,high,historical_dataset
2024-02-28T00:00:00,20.0,27261,1.0,1363.05,high,historical_dataset
2024-02-28T00:00:00,54.638779299257536,20715,1.0,379.13,low,historical_dataset
2024-02-28T00:00:00,28.020334744103085,45307,1.0,1616.93,high,historical_dataset
2024-02-28T00:00:00,31.92229489174004,29555,1.0,925.84,medium,historical_dataset
2024-02-28T00:00:00,54.68864051239973,22040,1.0,403.01,low,historical_dataset
2024-02-29T00:00:00,31.599051076559693,55267,1.0,1749.01,high,historical_dataset
2024-02-29T00:00:00,20.0,43920,1.0,2196.0,high,historical_dataset
2024-02-29T00:00:00,58.69576111364374,14867,1.0,253.29,low,historical_dataset
2024-02-29T00:00:00,46.52542991175334,60578,1.0,1302.04,high,historical_dataset
2024-02-29T00:00:00,30.87854527167957,31716,1.0,1027.12,high,historical_dataset
2024-02-29T00:00:00,25.00458860651969,19723,1.0,788.78,medium,historical_dataset
2024-02-29T00:00:00,35.15163393407031,36580,1.0,1040.63,high,historical_dataset
2024-03-01T00:00:00,27.15206813951338,38557,1.0,1420.04,high,historical_dataset
2024-03-01T00:00:00,35.2001831181194,42638,1.0,1211.3,high,historical_dataset
2024-03-01T00:00:00,52.11867169184262,23538,1.0,451.62,low,historical_dataset
2024-03-01T00:00:00,42.45359229524037,34226,1.0,806.2,medium,historical_dataset
2024-03-01T00:00:00,33.24030832627449,49382,1.0,1485.61,high,historical_dataset
2024-03-01T00:00:00,65.30979350751429,15343,1.0,234.93,low,historical_dataset
2024-03-01T00:00:00,52.59611442367387,43428,1.0,825.69,medium,historical_dataset
2024-03-01T00:00:00,34.7462275275128,52650,1.0,1515.27,high,historical_dataset
2024-03-01T00:00:00,35.429540646569095,8904,1.0,251.32,low,historical_dataset
2024-03-01T00:00:00,54.22189260330602,17016,1.0,313.82,low,historical_dataset
2024-03-01T00:00:00,44.91900174099966,27676,1.0,616.13,medium,historical_dataset
2024-03-01T00:00:00,37.03692248294907,28232,1.0,762.27,medium,historical_dataset
2024-03-01T00:00:00,45.841163819007775,15411,1.0,336.18,low,historical_dataset
2024-03-02T00:00:00,37.33683210584695,12819,1.0,343.33,low,historical_dataset
2024-03-02T00:00:00,33.51229023242966,47132,1.0,1406.41,high,historical_dataset
2024-03-02T00:00:00,51.96344138996307,8893,1.0,171.14,low,historical_dataset
2024-03-02T00:00:00,51.147676685115215,42877,1.0,838.3,medium,historical_dataset
2024-03-02T00:00:00,56.383878850337325,21986,1.0,389.93,low,historical_dataset
2024-03-02T00:00:00,36.568591585557755,16446,1.0,449.73,low,historical_dataset
2024-03-02T00:00:00,41.910158029576756,45740,1.0,1091.38,high,historical_dataset
2024-03-02T00:00:00,32.78433228759546,28146,1.0,858.52,medium,historical_dataset
2024-03-02T00:00:00,32.34717784407407,30081,1.0,929.94,medium,historical_dataset
2024-03-02T00:00:00,22.702765154288123,36258,1.0,1597.07,high,historical_dataset
2024-03-02T00:00:00,35.16555442754682,19721,1.0,560.8,medium,historical_dataset
2024-03-02T00:00:00,32.88756509749427,28386,1.0,863.12,medium,historical_dataset
2024-03-02T00:00:00,34.34199552016638,11117,1.0,323.71,low,historical_dataset
2024-03-03T00:00:00,37.284353826567354,32497,1.0,871.6,medium,historical_dataset
2024-03-03T00:00:00,80.48682397596407,24751,1.0,307.52,low,historical_dataset
2024-03-03T00:00:00,47.71894724996093,16008,1.0,335.46,low,historical_dataset
2024-03-03T00:00:00,40.440881037700485,43191,1.0,1068.0,high,historical_dataset
2024-03-03T00:00:00,43.31130229275483,24947,1.0,575.99,medium,historical_dataset
2024-03-03T00:00:00,40.43754157743103,8799,1.0,217.59,low,historical_dataset
2024-03-03T00:00:00,41.712861218352515,38473,1.0,922.33,medium,historical_dataset
2024-03-03T00:00:00,48.244937712791994,24951,1.0,517.17,medium,historical_dataset
2024-03-03T00:00:00,20.081940518636834,36537,1.0,1819.4,high,historical_dataset
2024-03-03T00:00:00,45.27892061797146,19445,1.0,429.45,low,historical_dataset
2024-03-03T00:00:00,41.332410436365755,19252,1.0,465.78,low,historical_dataset
2024-03-03T00:00:00,20.0,20195,1.0,1009.75,high,historical_dataset
2024-03-04T00:00:00,28.91232533816126,35431,1.0,1225.46,high,historical_dataset
2024-03-04T00:00:00,23.490999510038222,36491,1.0,1553.4,high,historical_dataset
2024-03-04T00:00:00,33.97440386308206,29396,1.0,865.24,medium,historical_dataset
2024-03-04T00:00:00,31.13839504836495,61087,1.0,1961.79,high,historical_dataset
2024-03-04T00:00:00,52.119152449659,8720,1.0,167.31,low,historical_dataset
2024-03-04T00:00:00,37.48241643650006,13340,1.0,355.9,low,historical_dataset
2024-03-04T00:00:00,35.59968592985979,53361,1.0,1498.92,high,historical_dataset
2024-03-04T00:00:00,34.13279366788084,35053,1.0,1026.96,high,historical_dataset
2024-03-04T00:00:00,49.5675956665772,10228,1.0,206.34,low,historical_dataset
2024-03-04T00:00:00,52.407161608373215,20869,1.0,398.21,low,historical_dataset
2024-03-05T00:00:00,37.96601569798775,25192,1.0,663.54,medium,historical_dataset
2024-03-05T00:00:00,36.968923432762736,25339,1.0,685.41,medium,historical_dataset
2024-03-05T00:00:00,58.628511266730996,45757,1.0,780.46,medium,historical_dataset
2024-03-05T00:00:00,20.0,45959,1.0,2297.95,high,historical_dataset
2024-03-05T00:00:00,34.507460799646076,37989,1.0,1100.89,high,historical_dataset
2024-03-05T00:00:00,20.0,42917,1.0,2145.85,high,historical_dataset
2024-03-05T00:00:00,37.21676809237171,37301,1.0,1002.26,high,historical_dataset
2024-03-05T00:00:00,30.386042419292433,13251,1.0,436.09,low,historical_dataset
2024-03-06T00:00:00,42.39548627620022,46298,1.0,1092.05,high,historical_dataset
2024-03-06T00:00:00,56.14418890086905,46082,1.0,820.78,medium,historical_dataset
2024-03-06T00:00:00,51.83142894397666,22572,1.0,435.49,low,historical_dataset
2024-03-06T00:00:00,46.885919874089346,25431,1.0,542.4,medium,historical_dataset
2024-03-06T00:00:00,43.806401734740085,44960,1.0,1026.33,high,historical_dataset
2024-03-06T00:00:00,52.791785974757644,24470,1.0,463.52,low,historical_dataset
2024-03-06T00:00:00,20.0,45848,1.0,2292.4,high,historical_dataset
2024-03-06T00:00:00,31.019871489573458,31298,1.0,1008.97,high,historical_dataset
2024-03-06T00:00:00,36.497276146629105,8239,1.0,225.74,low,historical_dataset
2024-03-06T00:00:00,20.0,28648,1.0,1432.4,high,historical_dataset
2024-03-07T00:00:00,32.38011268557244,12759,1.0,394.04,low,historical_dataset
2024-03-07T00:00:00,29.170622399112386,30864,1.0,1058.05,high,historical_dataset
2024-03-07T00:00:00,49.7499534603574,12820,1.0,257.69,low,historical_dataset
2024-03-07T00:00:00,43.53242867812391,27291,1.0,626.91,medium,historical_dataset
2024-03-07T00:00:00,44.907320788546144,5458,1.0,121.54,low,historical_dataset
2024-03-07T00:00:00,46.22923489954155,50304,1.0,1088.14,high,historical_dataset
2024-03-07T00:00:00,42.860409928082355,23148,1.0,540.08,medium,historical_dataset
2024-03-07T00:00:00,35.054803459979674,23485,1.0,669.95,medium,historical_dataset
2024-03-08T00:00:00,20.0,26028,1.0,1301.4,high,historical_dataset
2024-03-08T00:00:00,46.42225095539139,19301,1.0,415.77,low,historical_dataset
2024-03-08T00:00:00,58.42604788664312,22625,1.0,387.24,low,historical_dataset
2024-03-08T00:00:00,28.721184621475864,57349,1.0,1996.75,high,historical_dataset
2024-03-08T00:00:00,37.903328795205496,24470,1.0,645.59,medium,historical_dataset
2024-03-08T00:00:00,38.38612645088241,28132,1.0,732.87,medium,historical_dataset
2024-03-08T00:00:00,37.392588850063795,51746,1.0,1383.86,high,historical_dataset
2024-03-08T00:00:00,43.13677965415541,20820,1.0,482.65,low,historical_dataset
2024-03-08T00:00:00,36.56864636657244,29028,1.0,793.79,medium,historical_dataset
2024-03-08T00:00:00,46.13659985652161,21240,1.0,460.37,low,historical_dataset
2024-03-09T00:00:00,46.85062203354475,36948,1.0,788.63,medium,historical_dataset
2024-03-09T00:00:00,41.19431131251138,21186,1.0,514.29,medium,historical_dataset
2024-03-09T00:00:00,29.629924150161212,31541,1.0,1064.5,high,historical_dataset
2024-03-09T00:00:00,30.741549977751855,36344,1.0,1182.24,high,historical_dataset
2024-03-09T00:00:00,35.248088624927234,42633,1.0,1209.51,high,historical_dataset
2024-03-09T00:00:00,24.746540609542972,27649,1.0,1117.29,high,historical_dataset
2024-03-09T00:00:00,37.89119724100033,21894,1.0,577.81,medium,historical_dataset
2024-03-09T00:00:00,44.448045287552056,32780,1.0,737.49,medium,historical_dataset
2024-03-09T00:00:00,50.51128400877088,24946,1.0,493.87,low,historical_dataset
2024-03-10T00:00:00,49.39280251796403,23717,1.0,480.17,low,historical_dataset
2024-03-10T00:00:00,26.050410301558795,48968,1.0,1879.74,high,historical_dataset
2024-03-10T00:00:00,58.81926294062186,7524,1.0,127.92,low,historical_dataset
2024-03-10T00:00:00,36.58772076685858,51194,1.0,1399.21,high,historical_dataset
2024-03-10T00:00:00,25.355885954447373,16250,1.0,640.88,medium,historical_dataset
2024-03-10T00:00:00,47.65073825649067,18947,1.0,397.62,low,historical_dataset
2024-03-10T00:00:00,41.16867281845059,39819,1.0,967.22,medium,historical_dataset
2024-03-10T00:00:00,40.10312877645273,30159,1.0,752.04,medium,historical_dataset
2024-03-10T00:00:00,36.16117009925422,27344,1.0,756.17,medium,historical_dataset
2024-03-10T00:00:00,25.559250682863212,9300,1.0,363.86,low,historical_dataset
2024-03-10T00:00:00,42.37931237403184,12537,1.0,295.83,low,historical_dataset
2024-03-11T00:00:00,33.341520829165596,35399,1.0,1061.71,high,historical_dataset
2024-03-11T00:00:00,41.7311185290305,27026,1.0,647.62,medium,historical_dataset
2024-03-11T00:00:00,44.79952556691067,15784,1.0,352.33,low,historical_dataset
2024-03-11T00:00:00,46.29368141771923,25255,1.0,545.54,medium,historical_dataset
2024-03-11T00:00:00,53.73942255972491,53377,1.0,993.26,medium,historical_dataset
2024-03-11T00:00:00,45.852595583841484,13538,1.0,295.25,low,historical_dataset
2024-03-11T00:00:00,34.14830996708431,58483,1.0,1712.62,high,historical_dataset
2024-03-11T00:00:00,42.39369059654807,22425,1.0,528.97,medium,historical_dataset
2024-03-11T00:00:00,31.513695176103464,40342,1.0,1280.14,high,historical_dataset
2024-03-12T00:00:00,26.533053022691092,34575,1.0,1303.09,high,historical_dataset
2024-03-12T00:00:00,53.45006329276087,39508,1.0,739.16,medium,historical_dataset
2024-03-12T00:00:00,49.43326224201352,14266,1.0,288.59,low,historical_dataset
2024-03-12T00:00:00,42.07429305661111,30620,1.0,727.76,medium,historical_dataset
2024-03-12T00:00:00,40.47680766683587,47061,1.0,1162.67,high,historical_dataset
2024-03-12T00:00:00,57.19299791268324,6317,1.0,110.45,low,historical_dataset
2024-03-12T00:00:00,46.037979248593714,52084,1.0,1131.33,high,historical_dataset
2024-03-12T00:00:00,26.837233280348876,34242,1.0,1275.91,high,historical_dataset
2024-03-12T00:00:00,55.6165467704098,24555,1.0,441.51,low,historical_dataset
2024-03-12T00:00:00,62.25706296548039,12001,1.0,192.77,low,historical_dataset
2024-03-13T00:00:00,32.39275448147539,25521,1.0,787.86,medium,historical_dataset
2024-03-13T00:00:00,27.421987003903048,52243,1.0,1905.15,high,historical_dataset
2024-03-13T00:00:00,31.891080146526075,15574,1.0,488.35,low,historical_dataset
2024-03-13T00:00:00,21.696611154094317,55641,1.0,2564.5,high,historical_dataset
2024-03-13T00:00:00,42.616321370828594,12315,1.0,288.97,low,historical_dataset
2024-03-13T00:00:00,36.737480177388605,39202,1.0,1067.08,high,historical_dataset
2024-03-13T00:00:00,48.57350741927299,18910,1.0,389.31,low,historical_dataset
2024-03-13T00:00:00,49.19134917988358,27094,1.0,550.79,medium,historical_dataset
2024-03-13T00:00:00,38.46764489706604,32440,1.0,843.31,medium,historical_dataset
2024-03-13T00:00:00,26.540603103618047,42346,1.0,1595.52,high,historical_dataset
2024-03-13T00:00:00,69.18775382020289,12836,1.0,185.52,low,historical_dataset
2024-03-14T00:00:00,46.06645886700179,45313,1.0,983.64,medium,historical_dataset
2024-03-14T00:00:00,37.35647755039281,30235,1.0,809.36,medium,historical_dataset
2024-03-14T00:00:00,36.84280408024858,52366,1.0,1421.34,high,historical_dataset
2024-03-14T00:00:00,20.0,28218,1.0,1410.9,high,historical_dataset
2024-03-15T00:00:00,42.533740668487226,48093,1.0,1130.7,high,historical_dataset
2024-03-15T00:00:00,42.10719684386226,44169,1.0,1048.97,high,historical_dataset
2024-03-15T00:00:00,48.23829406583289,21070,1.0,436.79,low,historical_dataset
2024-03-15T00:00:00,47.7822919832629,22850,1.0,478.21,low,historical_dataset
2024-03-15T00:00:00,41.97764379236769,29108,1.0,693.42,medium,historical_dataset
2024-03-15T00:00:00,38.619442564301096,47061,1.0,1218.58,high,historical_dataset
2024-03-15T00:00:00,45.28877925778244,21585,1.0,476.61,low,historical_dataset
2024-03-15T00:00:00,36.548200473255555,47461,1.0,1298.59,high,historical_dataset
2024-03-15T00:00:00,48.24265677803112,28594,1.0,592.71,medium,historical_dataset
2024-03-15T00:00:00,42.12438082002224,17636,1.0,418.66,low,historical_dataset
2024-03-15T00:00:00,31.24019348561223,21821,1.0,698.49,medium,historical_dataset
2024-03-15T00:00:00,39.82759767444941,38491,1.0,966.44,medium,historical_dataset
2024-03-15T00:00:00,32.80396889994641,33746,1.0,1028.72,high,historical_dataset
2024-03-16T00:00:00,30.746788747441308,37421,1.0,1217.07,high,historical_dataset
2024-03-16T00:00:00,40.65703017418396,26226,1.0,645.05,medium,historical_dataset
2024-03-16T00:00:00,34.94217524238618,26464,1.0,757.37,medium,historical_dataset
2024-03-16T00:00:00,44.439012817100604,33921,1.0,763.32,medium,historical_dataset
2024-03-16T00:00:00,48.13262176636062,49504,1.0,1028.49,high,historical_dataset
2024-03-16T00:00:00,50.30415854123416,22056,1.0,438.45,low,historical_dataset
2024-03-16T00:00:00,28.143299151667488,34640,1.0,1230.84,high,historical_dataset
2024-03-16T00:00:00,22.79938380930382,36368,1.0,1595.13,high,historical_dataset
2024-03-16T00:00:00,22.271223741804906,35647,1.0,1600.59,high,historical_dataset
2024-03-16T00:00:00,34.28955438649969,23108,1.0,673.91,medium,historical_dataset
2024-03-17T00:00:00,33.73841486483567,23233,1.0,688.62,medium,historical_dataset
2024-03-17T00:00:00,50.731680750393735,24969,1.0,492.18,low,historical_dataset
2024-03-17T00:00:00,60.18818314962753,16041,1.0,266.51,low,historical_dataset
2024-03-17T00:00:00,31.973252001951536,27351,1.0,855.43,medium,historical_dataset
2024-03-17T00:00:00,65.59500676681395,19803,1.0,301.9,low,historical_dataset
2024-03-17T00:00:00,45.95435830419579,19916,1.0,433.39,low,historical_dataset
2024-03-17T00:00:00,48.56724599116765,11335,1.0,233.39,low,historical_dataset
2024-03-17T00:00:00,30.611485991141052,15694,1.0,512.68,medium,historical_dataset
2024-03-18T00:00:00,50.37407343425129,23916,1.0,474.77,low,historical_dataset
2024-03-18T00:00:00,40.97425814345817,47199,1.0,1151.92,high,historical_dataset
2024-03-18T00:00:00,50.35246466892715,27232,1.0,540.83,medium,historical_dataset
2024-03-18T00:00:00,43.53891084573249,54627,1.0,1254.67,high,historical_dataset
2024-03-18T00:00:00,41.86488747445256,58314,1.0,1392.91,high,historical_dataset
2024-03-18T00:00:00,58.115084844033696,29485,1.0,507.36,medium,historical_dataset
2024-03-18T00:00:00,35.5938761610746,33199,1.0,932.72,medium,historical_dataset
2024-03-18T00:00:00,40.77078218046947,13113,1.0,321.63,low,historical_dataset
2024-03-18T00:00:00,30.382082841876727,27207,1.0,895.49,medium,historical_dataset
2024-03-18T00:00:00,46.352024792410695,17527,1.0,378.13,low,historical_dataset
2024-03-18T00:00:00,33.22851765564856,11876,1.0,357.4,low,historical_dataset
2024-03-19T00:00:00,59.40403243686376,23957,1.0,403.29,low,historical_dataset
2024-03-19T00:00:00,36.388794423650765,21246,1.0,583.86,medium,historical_dataset
2024-03-19T00:00:00,32.26717480475453,31591,1.0,979.04,medium,historical_dataset
2024-03-19T00:00:00,46.103324712808906,14314,1.0,310.48,low,historical_dataset
2024-03-19T00:00:00,28.219159681613302,27039,1.0,958.18,medium,historical_dataset
2024-03-19T00:00:00,28.929137088027485,41548,1.0,1436.2,high,historical_dataset
2024-03-19T00:00:00,26.303743487802883,33734,1.0,1282.48,high,historical_dataset
2024-03-19T00:00:00,43.19739848420612,39350,1.0,910.93,medium,historical_dataset
2024-03-19T00:00:00,36.5738126346578,18733,1.0,512.2,medium,historical_dataset
2024-03-20T00:00:00,38.822228811473764,35753,1.0,920.94,medium,historical_dataset
2024-03-20T00:00:00,30.837384409294224,37705,1.0,1222.7,high,historical_dataset
2024-03-20T00:00:00,48.06816065186965,17077,1.0,355.27,low,historical_dataset
2024-03-20T00:00:00,40.19031220762575,61403,1.0,1527.81,high,historical_dataset
2024-03-20T00:00:00,29.30953786951845,44316,1.0,1512.0,high,historical_dataset
2024-03-20T00:00:00,46.019234244545274,20608,1.0,447.81,low,historical_dataset
2024-03-20T00:00:00,20.800717156828664,11188,1.0,537.87,medium,historical_dataset
2024-03-20T00:00:00,38.05634825935557,28900,1.0,759.4,medium,historical_dataset
2024-03-20T00:00:00,58.28537542092314,19231,1.0,329.95,low,historical_dataset
2024-03-21T00:00:00,26.268070947171676,48824,1.0,1858.68,high,historical_dataset
2024-03-21T00:00:00,27.68213886586807,31027,1.0,1120.83,high,historical_dataset
2024-03-21T00:00:00,29.342652491443765,30781,1.0,1049.02,high,historical_dataset
2024-03-21T00:00:00,43.36460302625375,55172,1.0,1272.28,high,historical_dataset
2024-03-21T00:00:00,35.540257357510015,25843,1.0,727.15,medium,historical_dataset
2024-03-21T00:00:00,40.197373939636186,33301,1.0,828.44,medium,historical_dataset
2024-03-21T00:00:00,23.828605700642495,41048,1.0,1722.64,high,historical_dataset
2024-03-21T00:00:00,32.332921338231,41478,1.0,1282.84,high,historical_dataset
2024-03-22T00:00:00,43.49970947640695,26029,1.0,598.37,medium,historical_dataset
2024-03-22T00:00:00,38.81728785015494,41828,1.0,1077.56,high,historical_dataset
2024-03-22T00:00:00,43.166336788370614,29427,1.0,681.71,medium,historical_dataset
2024-03-22T00:00:00,37.41112409116764,25885,1.0,691.91,medium,historical_dataset
2024-03-22T00:00:00,20.25246081971489,55871,1.0,2758.73,high,historical_dataset
2024-03-22T00:00:00,29.759292839682217,30777,1.0,1034.2,high,historical_dataset
2024-03-22T00:00:00,28.348053263070774,30218,1.0,1065.96,high,historical_dataset
2024-03-23T00:00:00,29.6786574139684,37008,1.0,1246.96,high,historical_dataset
2024-03-23T00:00:00,23.72772650391866,24686,1.0,1040.39,high,historical_dataset
2024-03-23T00:00:00,41.48670872437424,7241,1.0,174.54,low,historical_dataset
2024-03-23T00:00:00,22.396997145796746,47034,1.0,2100.01,high,historical_dataset
2024-03-23T00:00:00,58.42514527356355,13488,1.0,230.86,low,historical_dataset
2024-03-23T00:00:00,27.912597140070318,25077,1.0,898.41,medium,historical_dataset
2024-03-23T00:00:00,54.67274198862115,13312,1.0,243.49,low,historical_dataset
2024-03-23T00:00:00,43.0070826151217,36057,1.0,838.4,medium,historical_dataset
2024-03-23T00:00:00,42.46883896430019,20012,1.0,471.22,low,historical_dataset
2024-03-23T00:00:00,20.0,28971,1.0,1448.55,high,historical_dataset
2024-03-24T00:00:00,40.018946599849286,11450,1.0,286.11,low,historical_dataset
2024-03-24T00:00:00,35.24580570928125,23779,1.0,674.66,medium,historical_dataset
2024-03-24T00:00:00,34.786565477870454,48654,1.0,1398.64,high,historical_dataset
2024-03-24T00:00:00,40.067201080767006,30205,1.0,753.86,medium,historical_dataset
2024-03-24T00:00:00,26.729025695221466,36177,1.0,1353.47,high,historical_dataset
2024-03-24T00:00:00,38.15504787101333,31146,1.0,816.3,medium,historical_dataset
2024-03-25T00:00:00,28.789764341527786,33561,1.0,1165.73,high,historical_dataset
2024-03-25T00:00:00,31.094872083907866,23315,1.0,749.8,medium,historical_dataset
2024-03-25T00:00:00,30.040806904804622,33507,1.0,1115.38,high,historical_dataset
2024-03-25T00:00:00,35.284694382643835,19172,1.0,543.35,medium,historical_dataset
2024-03-25T00:00:00,35.98311321864786,60483,1.0,1680.87,high,historical_dataset
2024-03-25T00:00:00,22.459518247745002,25557,1.0,1137.91,high,historical_dataset
2024-03-25T00:00:00,33.82139564524014,43385,1.0,1282.77,high,historical_dataset
2024-03-25T00:00:00,44.864413887752825,23261,1.0,518.47,medium,historical_dataset
2024-03-25T00:00:00,54.85904433077271,10112,1.0,184.33,low,historical_dataset
2024-03-25T00:00:00,40.71298216930282,8578,1.0,210.69,low,historical_dataset
2024-03-25T00:00:00,48.417453752683954,13540,1.0,279.65,low,historical_dataset
2024-03-26T00:00:00,38.435142510917885,47430,1.0,1234.03,high,historical_dataset
2024-03-26T00:00:00,50.02712565795725,11774,1.0,235.35,low,historical_dataset
2024-03-26T00:00:00,38.839558294957506,9214,1.0,237.23,low,historical_dataset
2024-03-26T00:00:00,43.4722928849832,17112,1.0,393.63,low,historical_dataset
2024-03-26T00:00:00,35.48999815246497,29057,1.0,818.74,medium,historical_dataset
2024-03-26T00:00:00,28.11560983886098,56404,1.0,2006.15,high,historical_dataset
2024-03-26T00:00:00,33.504411948213075,12424,1.0,370.82,low,historical_dataset
2024-03-26T00:00:00,32.068926926412765,40876,1.0,1274.63,high,historical_dataset
2024-03-26T00:00:00,36.80660155678644,16044,1.0,435.9,low,historical_dataset
2024-03-26T00:00:00,31.730910927989946,34510,1.0,1087.58,high,historical_dataset
2024-03-26T00:00:00,36.08438441019422,28639,1.0,793.67,medium,historical_dataset
2024-03-27T00:00:00,46.62751198510907,22786,1.0,488.68,low,historical_dataset
2024-03-27T00:00:00,30.985434624823416,44823,1.0,1446.58,high,historical_dataset
2024-03-27T00:00:00,28.27558998584587,63816,1.0,2256.93,high,historical_dataset
2024-03-27T00:00:00,49.06011085686007,41230,1.0,840.4,medium,historical_dataset
2024-03-27T00:00:00,46.1772974594773,18774,1.0,406.56,low,historical_dataset
2024-03-27T00:00:00,28.713645689686402,9045,1.0,315.01,low,historical_dataset
2024-03-27T00:00:00,49.24106919084008,13172,1.0,267.5,low,historical_dataset
2024-03-27T00:00:00,47.25422071416792,6228,1.0,131.8,low,historical_dataset
2024-03-28T00:00:00,41.98744843360631,11467,1.0,273.11,low,historical_dataset
2024-03-28T00:00:00,39.431233041295684,37680,1.0,955.59,medium,historical_dataset
2024-03-28T00:00:00,51.02053789397232,30794,1.0,603.56,medium,historical_dataset
2024-03-28T00:00:00,25.557721331486402,43087,1.0,1685.87,high,historical_dataset
2024-03-28T00:00:00,46.84799185519097,30581,1.0,652.77,medium,historical_dataset
2024-03-28T00:00:00,48.95454327184744,19709,1.0,402.6,low,historical_dataset
2024-03-28T00:00:00,34.114451443738844,39404,1.0,1155.05,high,historical_dataset
2024-03-28T00:00:00,43.93366173988016,24563,1.0,559.09,medium,historical_dataset
2024-03-28T00:00:00,20.0,37234,1.0,1861.7,high,historical_dataset
2024-03-28T00:00:00,29.600317443248784,25595,1.0,864.69,medium,historical_dataset
2024-03-29T00:00:00,21.75705241439944,38472,1.0,1768.25,high,historical_dataset
2024-03-29T00:00:00,21.73336090613056,24859,1.0,1143.82,high,historical_dataset
2024-03-29T00:00:00,33.73028927311927,9585,1.0,284.17,low,historical_dataset
2024-03-29T00:00:00,24.01103656097895,31306,1.0,1303.82,high,historical_dataset
2024-03-29T00:00:00,42.44067339624549,12306,1.0,289.96,low,historical_dataset
2024-03-29T00:00:00,23.900520816582613,24184,1.0,1011.86,high,historical_dataset
2024-03-29T00:00:00,20.0,27385,1.0,1369.25,high,historical_dataset
2024-03-29T00:00:00,20.093170929446543,34075,1.0,1695.85,high,historical_dataset
2024-03-30T00:00:00,53.08355968836344,36163,1.0,681.25,medium,historical_dataset
2024-03-30T00:00:00,53.78275524058393,17914,1.0,333.08,low,historical_dataset
2024-03-30T00:00:00,33.26871942702202,17268,1.0,519.05,medium,historical_dataset
2024-03-30T00:00:00,25.496027888645813,55658,1.0,2183.01,high,historical_dataset
2024-03-30T00:00:00,36.22624019020465,46776,1.0,1291.22,high,historical_dataset
2024-03-30T00:00:00,47.281776779148025,21548,1.0,455.74,low,historical_dataset
2024-03-30T00:00:00,30.314492862379634,43680,1.0,1440.89,high,historical_dataset
2024-03-30T00:00:00,39.77289557626713,25740,1.0,647.17,medium,historical_dataset
2024-03-31T00:00:00,36.64490571986278,27671,1.0,755.11,medium,historical_dataset
2024-03-31T00:00:00,47.63093870263438,21588,1.0,453.23,low,historical_dataset
2024-03-31T00:00:00,21.106330290144086,27863,1.0,1320.13,high,historical_dataset
2024-03-31T00:00:00,48.22074751566551,8465,1.0,175.55,low,historical_dataset
2024-03-31T00:00:00,40.48018711618761,26537,1.0,655.56,medium,historical_dataset
2024-03-31T00:00:00,47.194126216444616,40016,1.0,847.9,medium,historical_dataset
2024-03-31T00:00:00,52.08847473129894,17678,1.0,339.38,low,historical_dataset
2024-03-31T00:00:00,42.08579691090743,23566,1.0,559.95,medium,historical_dataset
2024-04-01T00:00:00,22.302286023708476,35649,1.0,1598.45,high,historical_dataset
2024-04-01T00:00:00,29.781927670062412,36725,1.0,1233.13,high,historical_dataset
2024-04-01T00:00:00,38.95315457926663,17045,1.0,437.58,low,historical_dataset
2024-04-01T00:00:00,28.28170876258485,38044,1.0,1345.18,high,historical_dataset
2024-04-01T00:00:00,35.70153449726487,32180,1.0,901.36,medium,historical_dataset
2024-04-01T00:00:00,32.59479052209474,26929,1.0,826.17,medium,historical_dataset
2024-04-01T00:00:00,50.718336134585215,16910,1.0,333.41,low,historical_dataset
2024-04-01T00:00:00,43.94108720864126,49514,1.0,1126.83,high,historical_dataset
2024-04-01T00:00:00,36.5490886505597,26704,1.0,730.63,medium,historical_dataset
2024-04-01T00:00:00,48.14610988184914,21275,1.0,441.88,low,historical_dataset
2024-04-01T00:00:00,35.805033431821315,21615,1.0,603.69,medium,historical_dataset
2024-04-02T00:00:00,26.526927036113932,35061,1.0,1321.71,high,historical_dataset
2024-04-02T00:00:00,41.01248273081286,36243,1.0,883.71,medium,historical_dataset
2024-04-02T00:00:00,36.189830455180896,20317,1.0,561.4,medium,historical_dataset
2024-04-02T00:00:00,32.10744529479262,24495,1.0,762.91,medium,historical_dataset
2024-04-02T00:00:00,20.799586394886504,45210,1.0,2173.6,high,historical_dataset
2024-04-02T00:00:00,39.58164429873123,55962,1.0,1413.84,high,historical_dataset
2024-04-02T00:00:00,36.34736233141299,17976,1.0,494.56,low,historical_dataset
2024-04-02T00:00:00,40.70840983591353,26435,1.0,649.37,medium,historical_dataset
2024-04-02T00:00:00,38.82511938147182,21533,1.0,554.62,medium,historical_dataset
2024-04-02T00:00:00,39.99620870471094,8979,1.0,224.5,low,historical_dataset
2024-04-02T00:00:00,40.68556275170954,8205,1.0,201.67,low,historical_dataset
2024-04-02T00:00:00,44.73236447267012,21429,1.0,479.05,low,historical_dataset
2024-04-02T00:00:00,37.44180064545547,8059,1.0,215.24,low,historical_dataset
2024-04-03T00:00:00,55.50337301834791,23648,1.0,426.06,low,historical_dataset
2024-04-03T00:00:00,34.914528407200436,10979,1.0,314.45,low,historical_dataset
2024-04-03T00:00:00,39.944435156555905,28881,1.0,723.03,medium,historical_dataset
2024-04-03T00:00:00,45.41515447150566,39870,1.0,877.9,medium,historical_dataset
2024-04-03T00:00:00,47.081780458970144,25897,1.0,550.04,medium,historical_dataset
2024-04-03T00:00:00,38.89318408704203,31876,1.0,819.58,medium,historical_dataset
2024-04-03T00:00:00,20.0,26004,1.0,1300.2,high,historical_dataset
2024-04-04T00:00:00,20.0,25065,1.0,1253.25,high,historical_dataset
2024-04-04T00:00:00,62.45840955988244,24362,1.0,390.05,low,historical_dataset
2024-04-04T00:00:00,54.294774140507585,15990,1.0,294.5,low,historical_dataset
2024-04-04T00:00:00,45.15814856613775,39992,1.0,885.6,medium,historical_dataset
2024-04-04T00:00:00,41.18397830825303,13502,1.0,327.85,low,historical_dataset
2024-04-04T00:00:00,58.674189051617454,14725,1.0,250.96,low,historical_dataset
2024-04-04T00:00:00,37.35056658953169,17792,1.0,476.35,low,historical_dataset
2024-04-04T00:00:00,39.98434213997913,39856,1.0,996.79,medium,historical_dataset
2024-04-04T00:00:00,39.66601234158264,18736,1.0,472.34,low,historical_dataset
2024-04-04T00:00:00,40.561905295419855,18400,1.0,453.63,low,historical_dataset
2024-04-04T00:00:00,46.71389621828618,15801,1.0,338.25,low,historical_dataset
2024-04-05T00:00:00,36.75314501395945,25941,1.0,705.82,medium,historical_dataset
2024-04-05T00:00:00,44.08768576040356,29624,1.0,671.93,medium,historical_dataset
2024-04-05T00:00:00,38.660521768859745,48098,1.0,1244.11,high,historical_dataset
2024-04-05T00:00:00,30.772802157349282,39137,1.0,1271.8,high,historical_dataset
2024-04-05T00:00:00,54.91647348057349,18934,1.0,344.78,low,historical_dataset
2024-04-05T00:00:00,20.99151295132608,32697,1.0,1557.63,high,historical_dataset
2024-04-06T00:00:00,43.519777337019356,25898,1.0,595.09,medium,historical_dataset
2024-04-06T00:00:00,37.629689936279235,35584,1.0,945.64,medium,historical_dataset
2024-04-06T00:00:00,68.63716829859294,15406,1.0,224.46,low,historical_dataset
2024-04-06T00:00:00,29.545184976150797,45794,1.0,1549.96,high,historical_dataset
2024-04-06T00:00:00,41.12351621854187,39513,1.0,960.84,medium,historical_dataset
2024-04-06T00:00:00,30.32096490450945,26750,1.0,882.23,medium,historical_dataset
2024-04-06T00:00:00,26.514578931443012,27333,1.0,1030.87,high,historical_dataset
2024-04-06T00:00:00,27.527146372067588,31533,1.0,1145.52,high,historical_dataset
2024-04-07T00:00:00,38.92238567325276,37083,1.0,952.74,medium,historical_dataset
2024-04-07T00:00:00,36.22363226884162,25921,1.0,715.58,medium,historical_dataset
2024-04-07T00:00:00,39.127853025401535,22478,1.0,574.48,medium,historical_dataset
2024-04-07T00:00:00,32.705843700772995,62232,1.0,1902.78,high,historical_dataset
2024-04-07T00:00:00,30.8011207917273,28415,1.0,922.53,medium,historical_dataset
2024-04-07T00:00:00,52.499966067643996,24585,1.0,468.29,low,historical_dataset
2024-04-07T00:00:00,45.732073708325515,40837,1.0,892.96,medium,historical_dataset
2024-04-07T00:00:00,43.84438828305401,16150,1.0,368.35,low,historical_dataset
2024-04-08T00:00:00,22.0145374290095,45170,1.0,2051.83,high,historical_dataset
2024-04-08T00:00:00,42.73932323559964,39519,1.0,924.65,medium,historical_dataset
2024-04-08T00:00:00,23.714468518473225,31151,1.0,1313.59,high,historical_dataset
2024-04-08T00:00:00,43.34974453230573,14539,1.0,335.39,low,historical_dataset
2024-04-08T00:00:00,32.46718268415919,55823,1.0,1719.37,high,historical_dataset
2024-04-08T00:00:00,37.25182655967309,11007,1.0,295.48,low,historical_dataset
2024-04-08T00:00:00,33.42918920989825,47630,1.0,1424.8,high,historical_dataset
2024-04-08T00:00:00,30.228320854659426,13257,1.0,438.56,low,historical_dataset
2024-04-08T00:00:00,32.92335166489842,7192,1.0,218.45,low,historical_dataset
2024-04-08T00:00:00,23.87997372632816,26081,1.0,1092.17,high,historical_dataset
2024-04-08T00:00:00,41.033642278335364,41289,1.0,1006.22,high,historical_dataset
2024-04-08T00:00:00,45.212220769944935,18215,1.0,402.88,low,historical_dataset
2024-04-08T00:00:00,60.810954707244555,21472,1.0,353.09,low,historical_dataset
2024-04-09T00:00:00,35.94442397562284,35295,1.0,981.93,medium,historical_dataset
2024-04-09T00:00:00,45.706038723706556,22538,1.0,493.11,low,historical_dataset
2024-04-09T00:00:00,41.573276354446485,20213,1.0,486.2,low,historical_dataset
2024-04-09T00:00:00,26.27967229832572,28792,1.0,1095.6,high,historical_dataset
2024-04-09T00:00:00,37.40475815963108,64168,1.0,1715.5,high,historical_dataset
2024-04-09T00:00:00,67.0920178108329,16401,1.0,244.46,low,historical_dataset
2024-04-09T00:00:00,43.256948934408435,27815,1.0,643.02,medium,historical_dataset
2024-04-09T00:00:00,33.262457530334856,29319,1.0,881.44,medium,historical_dataset
2024-04-09T00:00:00,50.56182446018707,17602,1.0,348.13,low,historical_dataset
2024-04-10T00:00:00,32.024890795176724,33249,1.0,1038.22,high,historical_dataset
2024-04-10T00:00:00,36.95877044186381,41564,1.0,1124.6,high,historical_dataset
2024-04-10T00:00:00,37.55958887160475,48883,1.0,1301.48,high,historical_dataset
2024-04-10T00:00:00,49.3843691242267,29805,1.0,603.53,medium,historical_dataset
2024-04-10T00:00:00,51.87143675590343,4772,1.0,92.0,low,historical_dataset
2024-04-10T00:00:00,32.99400805527124,5554,1.0,168.33,low,historical_dataset
2024-04-10T00:00:00,43.64293651782637,28286,1.0,648.12,medium,historical_dataset
2024-04-10T00:00:00,36.672919015752925,9343,1.0,254.77,low,historical_dataset
2024-04-10T00:00:00,35.596815138437314,37852,1.0,1063.35,high,historical_dataset
2024-04-10T00:00:00,51.43272942486605,22527,1.0,437.99,low,historical_dataset
2024-04-10T00:00:00,30.911345119381643,29785,1.0,963.56,medium,historical_dataset
2024-04-10T00:00:00,60.28106354963312,23852,1.0,395.68,low,historical_dataset
2024-04-11T00:00:00,25.480943916989286,34203,1.0,1342.3,high,historical_dataset
2024-04-11T00:00:00,23.814101556912362,40375,1.0,1695.42,high,historical_dataset
2024-04-11T00:00:00,55.526080309680935,14255,1.0,256.73,low,historical_dataset
2024-04-11T00:00:00,37.516926656913014,63725,1.0,1698.57,high,historical_dataset
2024-04-11T00:00:00,49.01882238435558,43873,1.0,895.02,medium,historical_dataset
2024-04-11T00:00:00,60.02112136256144,36320,1.0,605.12,medium,historical_dataset
2024-04-11T00:00:00,32.30668032381319,19254,1.0,595.98,medium,historical_dataset
2024-04-11T00:00:00,38.0617869136001,32850,1.0,863.07,medium,historical_dataset
2024-04-11T00:00:00,31.747279286177605,36279,1.0,1142.74,high,historical_dataset
2024-04-11T00:00:00,50.642538737387426,29639,1.0,585.26,medium,historical_dataset
2024-04-12T00:00:00,20.0,45083,1.0,2254.15,high,historical_dataset
2024-04-12T00:00:00,30.617588532584026,30213,1.0,986.79,medium,historical_dataset
2024-04-12T00:00:00,31.44087989480652,45431,1.0,1444.97,high,historical_dataset
2024-04-12T00:00:00,52.311308600006655,19536,1.0,373.46,low,historical_dataset
2024-04-12T00:00:00,39.43710052138057,35603,1.0,902.78,medium,historical_dataset
2024-04-12T00:00:00,28.85617440831254,36998,1.0,1282.15,high,historical_dataset
2024-04-12T00:00:00,42.913893718952046,31730,1.0,739.39,medium,historical_dataset
2024-04-13T00:00:00,58.37695412740421,15406,1.0,263.91,low,historical_dataset
2024-04-13T00:00:00,30.487429797553524,59084,1.0,1937.98,high,historical_dataset
2024-04-13T00:00:00,48.90955470698547,28806,1.0,588.96,medium,historical_dataset
2024-04-13T00:00:00,49.48662324013674,21695,1.0,438.4,low,historical_dataset
2024-04-13T00:00:00,47.00156748770805,24926,1.0,530.32,medium,historical_dataset
2024-04-13T00:00:00,26.31734654483752,36062,1.0,1370.27,high,historical_dataset
2024-04-13T00:00:00,38.0359514765629,18976,1.0,498.9,low,historical_dataset
2024-04-13T00:00:00,53.94410767304467,10914,1.0,202.32,low,historical_dataset
2024-04-14T00:00:00,46.18130144964023,31662,1.0,685.6,medium,historical_dataset
2024-04-14T00:00:00,30.20056063310743,61462,1.0,2035.13,high,historical_dataset
2024-04-14T00:00:00,51.97791284920059,9219,1.0,177.36,low,historical_dataset
2024-04-14T00:00:00,38.98332277171833,26469,1.0,678.98,medium,historical_dataset
2024-04-14T00:00:00,47.477530837395165,36700,1.0,773.0,medium,historical_dataset
2024-04-14T00:00:00,32.162795708618205,9443,1.0,293.6,low,historical_dataset
2024-04-14T00:00:00,37.2913475490329,28158,1.0,755.08,medium,historical_dataset
2024-04-14T00:00:00,56.40331031553685,30015,1.0,532.15,medium,historical_dataset
2024-04-14T00:00:00,39.29231074186156,16563,1.0,421.53,low,historical_dataset
2024-04-15T00:00:00,29.495931585724804,39405,1.0,1335.95,high,historical_dataset
2024-04-15T00:00:00,38.46460908757466,64229,1.0,1669.82,high,historical_dataset
2024-04-15T00:00:00,54.320637920426385,11360,1.0,209.13,low,historical_dataset
2024-04-15T00:00:00,45.02155700319548,25639,1.0,569.48,medium,historical_dataset
2024-04-15T00:00:00,40.789185091125155,17983,1.0,440.88,low,historical_dataset
2024-04-15T00:00:00,40.438947489367436,42126,1.0,1041.72,high,historical_dataset
2024-04-15T00:00:00,34.99200718957149,38877,1.0,1111.03,high,historical_dataset
2024-04-16T00:00:00,49.715995262978815,52777,1.0,1061.57,high,historical_dataset
2024-04-16T00:00:00,29.564376168416082,32513,1.0,1099.74,high,historical_dataset
2024-04-16T00:00:00,50.83736525454758,24151,1.0,475.06,low,historical_dataset
2024-04-16T00:00:00,34.10661260351644,28196,1.0,826.7,medium,historical_dataset
2024-04-16T00:00:00,33.3860571287395,27237,1.0,815.82,medium,historical_dataset
2024-04-16T00:00:00,31.128391784631056,33275,1.0,1068.96,high,historical_dataset
2024-04-16T00:00:00,46.34485818970764,19049,1.0,411.03,low,historical_dataset
2024-04-16T00:00:00,48.303448945868325,23995,1.0,496.76,low,historical_dataset
2024-04-16T00:00:00,36.75672478600728,50193,1.0,1365.55,high,historical_dataset
2024-04-16T00:00:00,20.0,29125,1.0,1456.25,high,historical_dataset
2024-04-16T00:00:00,51.083622645277686,9733,1.0,190.53,low,historical_dataset
2024-04-16T00:00:00,48.667855044653315,19492,1.0,400.51,low,historical_dataset
2024-04-16T00:00:00,54.188259549727555,13677,1.0,252.4,low,historical_dataset
2024-04-16T00:00:00,39.617266098036296,16015,1.0,404.24,low,historical_dataset
2024-04-17T00:00:00,35.002857178494494,49894,1.0,1425.43,high,historical_dataset
2024-04-17T00:00:00,46.638284889402584,14319,1.0,307.02,low,historical_dataset
2024-04-17T00:00:00,41.58983999033184,46684,1.0,1122.49,high,historical_dataset
2024-04-17T00:00:00,42.41728488445879,59040,1.0,1391.89,high,historical_dataset
2024-04-17T00:00:00,34.77535803827506,49213,1.0,1415.17,high,historical_dataset
2024-04-17T00:00:00,48.98707087148346,21430,1.0,437.46,low,historical_dataset
2024-04-17T00:00:00,50.60026004972904,14141,1.0,279.46,low,historical_dataset
2024-04-18T00:00:00,52.97226105375582,10697,1.0,201.94,low,historical_dataset
2024-04-18T00:00:00,41.2297855543315,35421,1.0,859.11,medium,historical_dataset
2024-04-18T00:00:00,37.52837376266144,22334,1.0,595.12,medium,historical_dataset
2024-04-18T00:00:00,40.04858181972939,48725,1.0,1216.65,high,historical_dataset
2024-04-18T00:00:00,34.195922921435894,57899,1.0,1693.16,high,historical_dataset
2024-04-18T00:00:00,44.64695721390667,21018,1.0,470.76,low,historical_dataset
2024-04-18T00:00:00,43.598115927824225,55650,1.0,1276.43,high,historical_dataset
2024-04-18T00:00:00,54.26541362106122,41279,1.0,760.69,medium,historical_dataset
2024-04-18T00:00:00,26.705609369740017,27901,1.0,1044.76,high,historical_dataset
2024-04-18T00:00:00,56.92323631429104,22927,1.0,402.77,low,historical_dataset
2024-04-19T00:00:00,22.440451220589104,44407,1.0,1978.88,high,historical_dataset
2024-04-19T00:00:00,20.0,48125,1.0,2406.25,high,historical_dataset
2024-04-19T00:00:00,22.513171955654187,20699,1.0,919.42,medium,historical_dataset
2024-04-19T00:00:00,36.88164651701715,27727,1.0,751.78,medium,historical_dataset
2024-04-19T00:00:00,25.586702660546294,37990,1.0,1484.76,high,historical_dataset
2024-04-19T00:00:00,39.38861180144875,25666,1.0,651.61,medium,historical_dataset
2024-04-19T00:00:00,39.41949472516728,19704,1.0,499.85,low,historical_dataset
2024-04-19T00:00:00,20.0,36326,1.0,1816.3,high,historical_dataset
2024-04-19T00:00:00,44.22845277114877,27927,1.0,631.43,medium,historical_dataset
2024-04-19T00:00:00,41.90091472629096,33150,1.0,791.15,medium,historical_dataset
2024-04-20T00:00:00,31.59635259579848,40226,1.0,1273.12,high,historical_dataset
2024-04-20T00:00:00,56.78174308204697,11587,1.0,204.06,low,historical_dataset
2024-04-20T00:00:00,45.1174513570052,7703,1.0,170.73,low,historical_dataset
2024-04-20T00:00:00,34.20468302789689,15230,1.0,445.26,low,historical_dataset
2024-04-20T00:00:00,25.608227789189932,47203,1.0,1843.27,high,historical_dataset
2024-04-20T00:00:00,28.916718294422118,21753,1.0,752.26,medium,historical_dataset
2024-04-20T00:00:00,39.78235789041821,21997,1.0,552.93,medium,historical_dataset
2024-04-21T00:00:00,37.40130474192673,45951,1.0,1228.59,high,historical_dataset
2024-04-21T00:00:00,35.84547807853917,56322,1.0,1571.24,high,historical_dataset
2024-04-21T00:00:00,37.67404877461349,59444,1.0,1577.85,high,historical_dataset
2024-04-21T00:00:00,29.187059858717163,17850,1.0,611.57,medium,historical_dataset
2024-04-21T00:00:00,33.93388104909249,30160,1.0,888.79,medium,historical_dataset
2024-04-21T00:00:00,59.7078780361136,35289,1.0,591.03,medium,historical_dataset
2024-04-22T00:00:00,43.76495217513671,39327,1.0,898.6,medium,historical_dataset
2024-04-22T00:00:00,34.60793041123204,41168,1.0,1189.55,high,historical_dataset
2024-04-22T00:00:00,39.40749987768992,19833,1.0,503.28,medium,historical_dataset
2024-04-22T00:00:00,52.06033534397688,42076,1.0,808.22,medium,historical_dataset
2024-04-22T00:00:00,39.77971113365251,23966,1.0,602.47,medium,historical_dataset
2024-04-22T00:00:00,30.809829335276596,36323,1.0,1178.94,high,historical_dataset
2024-04-22T00:00:00,50.67498685697586,32255,1.0,636.51,medium,historical_dataset
2024-04-22T00:00:00,40.4567769080777,21650,1.0,535.14,medium,historical_dataset
2024-04-23T00:00:00,33.183753910498694,39425,1.0,1188.08,high,historical_dataset
2024-04-23T00:00:00,54.460503508853904,8216,1.0,150.86,low,historical_dataset
2024-04-23T00:00:00,43.089311760579264,23790,1.0,552.11,medium,historical_dataset
2024-04-23T00:00:00,40.401567909810225,57024,1.0,1411.43,high,historical_dataset
2024-04-23T00:00:00,29.427769363262495,19404,1.0,659.38,medium,historical_dataset
2024-04-23T00:00:00,38.26710318757885,38996,1.0,1019.05,high,historical_dataset
2024-04-23T00:00:00,42.05211738748599,25016,1.0,594.88,medium,historical_dataset
2024-04-23T00:00:00,20.0,25397,1.0,1269.85,high,historical_dataset
2024-04-23T00:00:00,36.05409710885013,35283,1.0,978.61,medium,historical_dataset
2024-04-24T00:00:00,56.000866375629755,24480,1.0,437.14,low,historical_dataset
2024-04-24T00:00:00,80.23139882443289,13205,1.0,164.59,low,historical_dataset
2024-04-24T00:00:00,33.177030120086016,30381,1.0,915.72,medium,historical_dataset
2024-04-24T00:00:00,38.504636596130844,58310,1.0,1514.36,high,historical_dataset
2024-04-24T00:00:00,47.326668573733684,38115,1.0,805.36,medium,historical_dataset
2024-04-24T00:00:00,35.61627811607513,8556,1.0,240.23,low,historical_dataset
2024-04-24T00:00:00,44.69996062543049,34780,1.0,778.08,medium,historical_dataset
2024-04-24T00:00:00,42.629487158311385,28676,1.0,672.68,medium,historical_dataset
2024-04-24T00:00:00,42.71918114679951,9807,1.0,229.57,low,historical_dataset
2024-04-24T00:00:00,27.272280013044345,32952,1.0,1208.26,high,historical_dataset
2024-04-25T00:00:00,39.03954616207439,33164,1.0,849.5,medium,historical_dataset
2024-04-25T00:00:00,52.57558702619073,42266,1.0,803.91,medium,historical_dataset
2024-04-25T00:00:00,32.55635909165943,33459,1.0,1027.73,high,historical_dataset
2024-04-25T00:00:00,50.312397892159424,22151,1.0,440.27,low,historical_dataset
2024-04-25T00:00:00,41.62589897707756,37749,1.0,906.86,medium,historical_dataset
2024-04-25T00:00:00,28.38434494471091,25721,1.0,906.17,medium,historical_dataset
2024-04-25T00:00:00,44.608046238740506,20709,1.0,464.24,low,historical_dataset
2024-04-26T00:00:00,56.965383200177605,11137,1.0,195.5,low,historical_dataset
2024-04-26T00:00:00,37.0937813376872,7916,1.0,213.41,low,historical_dataset
2024-04-26T00:00:00,28.64584958179317,44933,1.0,1568.57,high,historical_dataset
2024-04-26T00:00:00,46.007676697874054,38948,1.0,846.55,medium,historical_dataset
2024-04-26T00:00:00,38.02738684186554,53764,1.0,1413.82,high,historical_dataset
2024-04-26T00:00:00,21.876217358576824,35290,1.0,1613.17,high,historical_dataset
2024-04-26T00:00:00,71.299872385904,20380,1.0,285.84,low,historical_dataset
2024-04-26T00:00:00,28.59684533131148,30776,1.0,1076.2,high,historical_dataset
2024-04-26T00:00:00,34.604869900405276,26603,1.0,768.76,medium,historical_dataset
2024-04-27T00:00:00,49.09063912121835,24802,1.0,505.23,medium,historical_dataset
2024-04-27T00:00:00,39.31130503181637,20809,1.0,529.34,medium,historical_dataset
2024-04-27T00:00:00,43.16863589019838,14666,1.0,339.74,low,historical_dataset
2024-04-27T00:00:00,44.72095919545843,31415,1.0,702.47,medium,historical_dataset
2024-04-27T00:00:00,48.73625964602713,40481,1.0,830.61,medium,historical_dataset
2024-04-27T00:00:00,26.56392137782462,27287,1.0,1027.22,high,historical_dataset
2024-04-27T00:00:00,42.447872924681036,35269,1.0,830.88,medium,historical_dataset
2024-04-27T00:00:00,31.949634928431557,22042,1.0,689.9,medium,historical_dataset
2024-04-27T00:00:00,53.26996256958519,21226,1.0,398.46,low,historical_dataset
2024-04-28T00:00:00,37.987210131243806,40409,1.0,1063.75,high,historical_dataset
2024-04-28T00:00:00,20.0,43900,1.0,2195.0,high,historical_dataset
2024-04-28T00:00:00,39.62083338736594,45971,1.0,1160.27,high,historical_dataset
2024-04-28T00:00:00,56.50287218961418,24640,1.0,436.08,low,historical_dataset
2024-04-28T00:00:00,25.08267068005369,39050,1.0,1556.85,high,historical_dataset
2024-04-28T00:00:00,41.77911884678816,17648,1.0,422.41,low,historical_dataset
2024-04-29T00:00:00,52.59553017456682,35545,1.0,675.82,medium,historical_dataset
2024-04-29T00:00:00,25.62855627816593,20341,1.0,793.68,medium,historical_dataset
2024-04-29T00:00:00,36.82033674446568,34329,1.0,932.34,medium,historical_dataset
2024-04-29T00:00:00,23.77060832801994,29348,1.0,1234.63,high,historical_dataset
2024-04-29T00:00:00,27.463485226127023,12138,1.0,441.97,low,historical_dataset
2024-04-29T00:00:00,22.956946040874115,48478,1.0,2111.69,high,historical_dataset
2024-04-29T00:00:00,29.296451508016744,39418,1.0,1345.49,high,historical_dataset
2024-04-29T00:00:00,41.57182548621134,25739,1.0,619.15,medium,historical_dataset
2024-04-29T00:00:00,44.89675361043015,22803,1.0,507.9,medium,historical_dataset
2024-04-29T00:00:00,40.972019719876975,19775,1.0,482.65,low,historical_dataset
2024-04-29T00:00:00,33.96114834399758,6973,1.0,205.32,low,historical_dataset
2024-04-29T00:00:00,41.97859122836719,17981,1.0,428.34,low,historical_dataset
2024-04-30T00:00:00,42.621149927425826,55240,1.0,1296.07,high,historical_dataset
2024-04-30T00:00:00,39.2881432410989,38017,1.0,967.65,medium,historical_dataset
2024-04-30T00:00:00,35.291665648847584,24935,1.0,706.54,medium,historical_dataset
2024-04-30T00:00:00,23.05383167075206,28787,1.0,1248.69,high,historical_dataset
2024-04-30T00:00:00,30.01519027710012,56130,1.0,1870.05,high,historical_dataset
2024-04-30T00:00:00,36.04231454613029,11392,1.0,316.07,low,historical_dataset
2024-04-30T00:00:00,41.24983498836669,28269,1.0,685.31,medium,historical_dataset
2024-04-30T00:00:00,20.51298086143133,28414,1.0,1385.17,high,historical_dataset
2024-04-30T00:00:00,44.93413428769856,22344,1.0,497.26,low,historical_dataset
2024-04-30T00:00:00,26.005614924217454,44978,1.0,1729.55,high,historical_dataset
2024-04-30T00:00:00,46.01474933874581,17722,1.0,385.14,low,historical_dataset
2024-05-01T00:00:00,38.49094962909075,23658,1.0,614.64,medium,historical_dataset
2024-05-01T00:00:00,37.61161692448235,17470,1.0,464.48,low,historical_dataset
2024-05-01T00:00:00,20.0,61853,1.0,3092.65,high,historical_dataset
2024-05-01T00:00:00,49.48554353866929,42926,1.0,867.45,medium,historical_dataset
2024-05-01T00:00:00,41.40135027522441,16598,1.0,400.9,low,historical_dataset
2024-05-01T00:00:00,45.29735974837107,29839,1.0,658.74,medium,historical_dataset
2024-05-01T00:00:00,39.04496882340757,41499,1.0,1062.85,high,historical_dataset
2024-05-01T00:00:00,64.57651858784658,14854,1.0,230.02,low,historical_dataset
2024-05-01T00:00:00,32.55640683571802,41550,1.0,1276.25,high,historical_dataset
2024-05-02T00:00:00,31.709126465464458,41516,1.0,1309.28,high,historical_dataset
2024-05-02T00:00:00,36.725795453183636,31125,1.0,847.5,medium,historical_dataset
2024-05-02T00:00:00,33.19197134219357,23671,1.0,713.15,medium,historical_dataset
2024-05-02T00:00:00,35.73493517427488,47725,1.0,1335.53,high,historical_dataset
2024-05-02T00:00:00,54.56936508787509,27146,1.0,497.46,low,historical_dataset
2024-05-02T00:00:00,31.999652188708612,19388,1.0,605.88,medium,historical_dataset
2024-05-02T00:00:00,34.6905587405251,26399,1.0,760.99,medium,historical_dataset
2024-05-02T00:00:00,40.68668235308461,41830,1.0,1028.1,high,historical_dataset
2024-05-02T00:00:00,48.72206390378074,43333,1.0,889.39,medium,historical_dataset
2024-05-02T00:00:00,60.38360110703475,23843,1.0,394.86,low,historical_dataset
2024-05-03T00:00:00,51.36551826296116,36257,1.0,705.86,medium,historical_dataset
2024-05-03T00:00:00,25.03380412766305,17382,1.0,694.34,medium,historical_dataset
2024-05-03T00:00:00,49.16823608717313,48939,1.0,995.34,medium,historical_dataset
2024-05-03T00:00:00,20.0,41988,1.0,2099.4,high,historical_dataset
2024-05-03T00:00:00,48.201842966720235,5600,1.0,116.18,low,historical_dataset
2024-05-03T00:00:00,25.09447673355284,25154,1.0,1002.37,high,historical_dataset
2024-05-03T00:00:00,27.9460270639205,34370,1.0,1229.87,high,historical_dataset
2024-05-03T00:00:00,42.24741164468394,30906,1.0,731.55,medium,historical_dataset
2024-05-03T00:00:00,50.491015615364674,32182,1.0,637.38,medium,historical_dataset
2024-05-03T00:00:00,45.73309431272416,17369,1.0,379.79,low,historical_dataset
2024-05-03T00:00:00,25.541331193823158,28897,1.0,1131.38,high,historical_dataset
2024-05-03T00:00:00,41.33983866215656,8650,1.0,209.24,low,historical_dataset
2024-05-03T00:00:00,54.94321055644971,13725,1.0,249.8,low,historical_dataset
2024-05-04T00:00:00,43.43342316783563,20399,1.0,469.66,low,historical_dataset
2024-05-04T00:00:00,58.66282600752357,21770,1.0,371.1,low,historical_dataset
2024-05-04T00:00:00,40.18626397697975,17299,1.0,430.47,low,historical_dataset
2024-05-04T00:00:00,47.37212710334988,20092,1.0,424.13,low,historical_dataset
2024-05-04T00:00:00,31.0966810481703,31210,1.0,1003.64,high,historical_dataset
2024-05-04T00:00:00,20.0,25137,1.0,1256.85,high,historical_dataset
2024-05-04T00:00:00,26.978075716836283,51218,1.0,1898.5,high,historical_dataset
2024-05-04T00:00:00,52.046254095786466,53513,1.0,1028.18,high,historical_dataset
2024-05-04T00:00:00,30.968193939792982,28648,1.0,925.08,medium,historical_dataset
2024-05-04T00:00:00,20.88127977564302,37181,1.0,1780.59,high,historical_dataset
2024-05-04T00:00:00,39.70382924599195,21274,1.0,535.82,medium,historical_dataset
2024-05-04T00:00:00,43.69973573320239,24386,1.0,558.04,medium,historical_dataset
2024-05-05T00:00:00,40.469200899162864,39745,1.0,982.1,medium,historical_dataset
2024-05-05T00:00:00,46.65671888129478,11955,1.0,256.23,low,historical_dataset
2024-05-05T00:00:00,44.30409272816188,32569,1.0,735.12,medium,historical_dataset
2024-05-05T00:00:00,47.93845505070705,27883,1.0,581.64,medium,historical_dataset
2024-05-05T00:00:00,35.67513877093908,44709,1.0,1253.23,high,historical_dataset
2024-05-05T00:00:00,46.08347478150154,5983,1.0,129.83,low,historical_dataset
2024-05-05T00:00:00,45.022190784865266,29630,1.0,658.12,medium,historical_dataset
2024-05-06T00:00:00,20.0,31211,1.0,1560.55,high,historical_dataset
2024-05-06T00:00:00,38.93831287784726,24666,1.0,633.46,medium,historical_dataset
2024-05-06T00:00:00,39.324321743565065,22672,1.0,576.54,medium,historical_dataset
2024-05-06T00:00:00,49.649377637161685,39446,1.0,794.49,medium,historical_dataset
2024-05-06T00:00:00,34.81311576506515,44227,1.0,1270.41,high,historical_dataset
2024-05-06T00:00:00,27.44942265373677,41013,1.0,1494.13,high,historical_dataset
2024-05-06T00:00:00,44.294675768413256,19602,1.0,442.54,low,historical_dataset
2024-05-06T00:00:00,37.13135351008838,39152,1.0,1054.42,high,historical_dataset
2024-05-06T00:00:00,31.416177893137338,25622,1.0,815.57,medium,historical_dataset
2024-05-07T00:00:00,48.13962247556859,39841,1.0,827.61,medium,historical_dataset
2024-05-07T00:00:00,25.253640511601702,26836,1.0,1062.66,high,historical_dataset
2024-05-07T00:00:00,27.244016706468134,12281,1.0,450.78,low,historical_dataset
2024-05-07T00:00:00,46.671284275765856,12306,1.0,263.67,low,historical_dataset
2024-05-07T00:00:00,43.97377504216387,11096,1.0,252.33,low,historical_dataset
2024-05-07T00:00:00,38.59025437335528,38277,1.0,991.88,medium,historical_dataset
2024-05-07T00:00:00,66.63047612266234,10273,1.0,154.18,low,historical_dataset
2024-05-07T00:00:00,51.09446695619607,23402,1.0,458.01,low,historical_dataset
2024-05-08T00:00:00,20.0,49599,1.0,2479.95,high,historical_dataset
2024-05-08T00:00:00,56.86048079309373,24379,1.0,428.75,low,historical_dataset
2024-05-08T00:00:00,43.90643565599096,14948,1.0,340.45,low,historical_dataset
2024-05-08T00:00:00,58.40021947713551,43984,1.0,753.15,medium,historical_dataset
2024-05-08T00:00:00,33.277640905479316,13490,1.0,405.38,low,historical_dataset
2024-05-08T00:00:00,47.01155937313832,24161,1.0,513.94,medium,historical_dataset
2024-05-08T00:00:00,53.05798917810573,39851,1.0,751.08,medium,historical_dataset
2024-05-08T00:00:00,34.38987894138866,27693,1.0,805.27,medium,historical_dataset
2024-05-08T00:00:00,33.65580115206551,30873,1.0,917.32,medium,historical_dataset
2024-05-08T00:00:00,35.52613518405503,39033,1.0,1098.71,high,historical_dataset
2024-05-08T00:00:00,41.724874957156445,21660,1.0,519.11,medium,historical_dataset
2024-05-08T00:00:00,32.413538185899384,27932,1.0,861.74,medium,historical_dataset
2024-05-08T00:00:00,57.985620805701046,17876,1.0,308.28,low,historical_dataset
2024-05-08T00:00:00,52.135183859345574,36312,1.0,696.5,medium,historical_dataset
2024-05-09T00:00:00,22.523371194718464,35987,1.0,1597.76,high,historical_dataset
2024-05-09T00:00:00,50.78021068836987,23833,1.0,469.34,low,historical_dataset
2024-05-09T00:00:00,33.121575446384206,22999,1.0,694.38,medium,historical_dataset
2024-05-09T00:00:00,28.15367270216397,38413,1.0,1364.4,high,historical_dataset
2024-05-09T00:00:00,39.57979631218299,35760,1.0,903.49,medium,historical_dataset
2024-05-09T00:00:00,41.73961182267097,19741,1.0,472.96,low,historical_dataset
2024-05-09T00:00:00,32.595880503013916,29903,1.0,917.39,medium,historical_dataset
2024-05-10T00:00:00,43.473467325831145,25470,1.0,585.87,medium,historical_dataset
2024-05-10T00:00:00,37.0287298063719,51242,1.0,1383.84,high,historical_dataset
2024-05-10T00:00:00,30.035454962466616,19651,1.0,654.26,medium,historical_dataset
2024-05-10T00:00:00,36.01184209525489,52559,1.0,1459.49,high,historical_dataset
2024-05-10T00:00:00,45.57214555593999,24221,1.0,531.49,medium,historical_dataset
2024-05-10T00:00:00,53.231354613599464,17020,1.0,319.74,low,historical_dataset
2024-05-10T00:00:00,52.91370198917606,19628,1.0,370.94,low,historical_dataset
2024-05-11T00:00:00,46.78004375037333,20513,1.0,438.5,low,historical_dataset
2024-05-11T00:00:00,20.0,37916,1.0,1895.8,high,historical_dataset
2024-05-11T00:00:00,41.29769982896822,24301,1.0,588.43,medium,historical_dataset
2024-05-11T00:00:00,40.541543948139235,58986,1.0,1454.95,high,historical_dataset
2024-05-11T00:00:00,47.46569247667909,28243,1.0,595.02,medium,historical_dataset
2024-05-11T00:00:00,51.60080508835921,11424,1.0,221.39,low,historical_dataset
2024-05-11T00:00:00,33.24970624464996,12868,1.0,387.01,low,historical_dataset
2024-05-11T00:00:00,48.673873646815004,23342,1.0,479.56,low,historical_dataset
2024-05-11T00:00:00,28.92970307085386,36368,1.0,1257.12,high,historical_dataset
2024-05-11T00:00:00,52.69991838556437,8620,1.0,163.57,low,historical_dataset
2024-05-11T00:00:00,52.98592057054233,20775,1.0,392.09,low,historical_dataset
2024-05-12T00:00:00,35.87192753008696,48134,1.0,1341.83,high,historical_dataset
2024-05-12T00:00:00,53.91079350692623,11292,1.0,209.46,low,historical_dataset
2024-05-12T00:00:00,49.93226210258489,18228,1.0,365.05,low,historical_dataset
2024-05-12T00:00:00,32.452463771174266,44891,1.0,1383.28,high,historical_dataset
2024-05-12T00:00:00,20.0,26076,1.0,1303.8,high,historical_dataset
2024-05-12T00:00:00,41.43661221845089,52949,1.0,1277.83,high,historical_dataset
2024-05-12T00:00:00,50.49325083996601,9576,1.0,189.65,low,historical_dataset
2024-05-13T00:00:00,23.04248355870901,38537,1.0,1672.43,high,historical_dataset
2024-05-13T00:00:00,31.957565461654116,38963,1.0,1219.21,high,historical_dataset
2024-05-13T00:00:00,61.67166279300895,18922,1.0,306.82,low,historical_dataset
2024-05-13T00:00:00,32.18095304451133,29791,1.0,925.73,medium,historical_dataset
2024-05-13T00:00:00,26.79931707528034,38956,1.0,1453.62,high,historical_dataset
2024-05-13T00:00:00,41.95012269497353,39188,1.0,934.16,medium,historical_dataset
2024-05-13T00:00:00,31.228878419115745,39410,1.0,1261.97,high,historical_dataset
2024-05-14T00:00:00,39.0786106809247,26757,1.0,684.7,medium,historical_dataset
2024-05-14T00:00:00,34.51640982600485,47334,1.0,1371.35,high,historical_dataset
2024-05-14T00:00:00,50.94911113668017,23384,1.0,458.97,low,historical_dataset
2024-05-14T00:00:00,42.23592769940788,17781,1.0,420.99,low,historical_dataset
2024-05-14T00:00:00,49.5760265082434,48638,1.0,981.08,medium,historical_dataset
2024-05-14T00:00:00,36.96785815934015,14293,1.0,386.63,low,historical_dataset
2024-05-14T00:00:00,41.08597044911703,20786,1.0,505.91,medium,historical_dataset
2024-05-14T00:00:00,52.21179796511472,37578,1.0,719.72,medium,historical_dataset
2024-05-14T00:00:00,36.786106737785296,26179,1.0,711.65,medium,historical_dataset
2024-05-14T00:00:00,42.22544927592477,33263,1.0,787.75,medium,historical_dataset
2024-05-14T00:00:00,47.7938532592714,19071,1.0,399.03,low,historical_dataset
2024-05-14T00:00:00,56.94689054125632,21783,1.0,382.51,low,historical_dataset
2024-05-15T00:00:00,48.21186074296703,20120,1.0,417.32,low,historical_dataset
2024-05-15T00:00:00,33.67626115667024,48843,1.0,1450.37,high,historical_dataset
2024-05-15T00:00:00,33.057465997637266,42028,1.0,1271.36,high,historical_dataset
2024-05-15T00:00:00,39.08806015979186,42965,1.0,1099.18,high,historical_dataset
2024-05-15T00:00:00,30.148012123954036,49041,1.0,1626.67,high,historical_dataset
2024-05-15T00:00:00,54.2747055915983,22234,1.0,409.66,low,historical_dataset
2024-05-15T00:00:00,62.07996490672079,15655,1.0,252.17,low,historical_dataset
2024-05-15T00:00:00,52.14642952053632,10624,1.0,203.73,low,historical_dataset
2024-05-15T00:00:00,55.87786777902081,8926,1.0,159.74,low,historical_dataset
2024-05-16T00:00:00,44.840608870359404,12961,1.0,289.05,low,historical_dataset
2024-05-16T00:00:00,26.7187509159537,36453,1.0,1364.32,high,historical_dataset
2024-05-16T00:00:00,36.90398087278015,28934,1.0,784.03,medium,historical_dataset
2024-05-16T00:00:00,36.46654490508755,41315,1.0,1132.96,high,historical_dataset
2024-05-16T00:00:00,41.15711629469916,24116,1.0,585.95,medium,historical_dataset
2024-05-16T00:00:00,36.10306964910252,40851,1.0,1131.51,high,historical_dataset
2024-05-16T00:00:00,48.8762459083558,18414,1.0,376.75,low,historical_dataset
2024-05-16T00:00:00,48.145099734628324,21917,1.0,455.23,low,historical_dataset
2024-05-17T00:00:00,37.029968608912675,36484,1.0,985.26,medium,historical_dataset
2024-05-17T00:00:00,55.43439067685274,16876,1.0,304.43,low,historical_dataset
2024-05-17T00:00:00,42.388483646927305,55105,1.0,1300.0,high,historical_dataset
2024-05-17T00:00:00,20.32672384193439,38292,1.0,1883.83,high,historical_dataset
2024-05-17T00:00:00,38.110839346538974,43966,1.0,1153.64,high,historical_dataset
2024-05-18T00:00:00,25.95018902387107,34571,1.0,1332.21,high,historical_dataset
2024-05-18T00:00:00,55.14316924809293,22692,1.0,411.51,low,historical_dataset
2024-05-18T00:00:00,20.0,27452,1.0,1372.6,high,historical_dataset
2024-05-18T00:00:00,44.73795624352356,9371,1.0,209.46,low,historical_dataset
2024-05-18T00:00:00,33.5768272680111,47660,1.0,1419.43,high,historical_dataset
2024-05-18T00:00:00,35.6014184789868,14025,1.0,393.94,low,historical_dataset
2024-05-18T00:00:00,36.02303769691141,44839,1.0,1244.73,high,historical_dataset
2024-05-18T00:00:00,36.12657090054598,52327,1.0,1448.44,high,historical_dataset
2024-05-18T00:00:00,54.80589486711665,21064,1.0,384.34,low,historical_dataset
2024-05-19T00:00:00,45.12011475745751,36933,1.0,818.55,medium,historical_dataset
2024-05-19T00:00:00,42.75462811337661,24354,1.0,569.62,medium,historical_dataset
2024-05-19T00:00:00,47.172603804330514,22316,1.0,473.07,low,historical_dataset
2024-05-19T00:00:00,36.731733729327615,45738,1.0,1245.19,high,historical_dataset
2024-05-19T00:00:00,45.19135082336878,45112,1.0,998.24,medium,historical_dataset
2024-05-19T00:00:00,47.140440465479,35428,1.0,751.54,medium,historical_dataset
2024-05-19T00:00:00,55.172975243451894,8636,1.0,156.53,low,historical_dataset
2024-05-19T00:00:00,21.957613981944707,8730,1.0,397.58,low,historical_dataset
2024-05-20T00:00:00,51.73526998788106,21801,1.0,421.4,low,historical_dataset
2024-05-20T00:00:00,46.94455192136265,8157,1.0,173.76,low,historical_dataset
2024-05-20T00:00:00,42.61952795283998,29507,1.0,692.34,medium,historical_dataset
2024-05-20T00:00:00,48.06863843420618,44282,1.0,921.22,medium,historical_dataset
2024-05-20T00:00:00,49.04223287478198,6162,1.0,125.65,low,historical_dataset
2024-05-20T00:00:00,63.533065123864745,10676,1.0,168.04,low,historical_dataset
2024-05-20T00:00:00,44.36335310440615,36951,1.0,832.92,medium,historical_dataset
2024-05-20T00:00:00,25.42790712586619,26203,1.0,1030.48,high,historical_dataset
2024-05-20T00:00:00,20.0,32189,1.0,1609.45,high,historical_dataset
2024-05-21T00:00:00,53.331674336363214,12521,1.0,234.78,low,historical_dataset
2024-05-21T00:00:00,44.859183947067194,50643,1.0,1128.93,high,historical_dataset
2024-05-21T00:00:00,45.236233247789364,9404,1.0,207.89,low,historical_dataset
2024-05-21T00:00:00,28.951417910951953,17178,1.0,593.34,medium,historical_dataset
2024-05-21T00:00:00,47.23262108899547,5995,1.0,126.92,low,historical_dataset
2024-05-21T00:00:00,37.86444338876835,45284,1.0,1195.95,high,historical_dataset
2024-05-21T00:00:00,41.13377223194205,38497,1.0,935.9,medium,historical_dataset
2024-05-21T00:00:00,27.555451167340863,30627,1.0,1111.47,high,historical_dataset
2024-05-21T00:00:00,48.209320548124325,33668,1.0,698.37,medium,historical_dataset
2024-05-22T00:00:00,27.9155519530988,45542,1.0,1631.42,high,historical_dataset
2024-05-22T00:00:00,50.94307156285526,11921,1.0,234.01,low,historical_dataset
2024-05-22T00:00:00,37.31720775305647,21578,1.0,578.23,medium,historical_dataset
2024-05-22T00:00:00,49.88170793395828,15867,1.0,318.09,low,historical_dataset
2024-05-22T00:00:00,42.77721843933686,14293,1.0,334.13,low,historical_dataset
2024-05-22T00:00:00,29.09259591814165,45947,1.0,1579.34,high,historical_dataset
2024-05-22T00:00:00,43.070451978977516,48742,1.0,1131.68,high,historical_dataset
2024-05-22T00:00:00,59.51677107611919,39126,1.0,657.39,medium,historical_dataset
2024-05-22T00:00:00,20.0,33408,1.0,1670.4,high,historical_dataset
2024-05-22T00:00:00,29.528219162272492,15945,1.0,539.99,medium,historical_dataset
2024-05-23T00:00:00,46.77879602020187,23255,1.0,497.13,low,historical_dataset
2024-05-23T00:00:00,29.612015304485233,39517,1.0,1334.49,high,historical_dataset
2024-05-23T00:00:00,49.00845273893333,9272,1.0,189.19,low,historical_dataset
2024-05-23T00:00:00,57.42586434079041,23676,1.0,412.29,low,historical_dataset
2024-05-23T00:00:00,31.893285339019076,11224,1.0,351.92,low,historical_dataset
2024-05-23T00:00:00,52.85042404572667,54201,1.0,1025.55,high,historical_dataset
2024-05-24T00:00:00,33.34571689459911,22564,1.0,676.67,medium,historical_dataset
2024-05-24T00:00:00,34.898507882216556,34602,1.0,991.5,medium,historical_dataset
2024-05-24T00:00:00,44.64164492733515,14189,1.0,317.84,low,historical_dataset
2024-05-24T00:00:00,28.83551404017699,33200,1.0,1151.36,high,historical_dataset
2024-05-24T00:00:00,38.77441603081874,31134,1.0,802.95,medium,historical_dataset
2024-05-24T00:00:00,45.31859958558398,21421,1.0,472.68,low,historical_dataset
2024-05-24T00:00:00,42.938957486769674,26303,1.0,612.57,medium,historical_dataset
2024-05-24T00:00:00,47.969718000252826,31694,1.0,660.71,medium,historical_dataset
2024-05-24T00:00:00,50.620626327732325,15474,1.0,305.69,low,historical_dataset
2024-05-24T00:00:00,58.59308726807636,16723,1.0,285.41,low,historical_dataset
2024-05-25T00:00:00,39.046436458366884,50908,1.0,1303.78,high,historical_dataset
2024-05-25T00:00:00,41.04592164611465,30108,1.0,733.52,medium,historical_dataset
2024-05-25T00:00:00,27.43991211806128,30289,1.0,1103.83,high,historical_dataset
2024-05-25T00:00:00,42.08862106438095,57991,1.0,1377.83,high,historical_dataset
2024-05-25T00:00:00,47.64653483195804,60798,1.0,1276.02,high,historical_dataset
2024-05-25T00:00:00,26.200574858879314,25129,1.0,959.1,medium,historical_dataset
2024-05-25T00:00:00,37.10860420945379,43582,1.0,1174.44,high,historical_dataset
2024-05-25T00:00:00,40.36714398113088,37983,1.0,940.94,medium,historical_dataset
2024-05-25T00:00:00,33.343296669830565,33043,1.0,990.99,medium,historical_dataset
2024-05-25T00:00:00,61.33689630574787,20914,1.0,340.97,low,historical_dataset
2024-05-25T00:00:00,35.50737798699716,11827,1.0,333.09,low,historical_dataset
2024-05-26T00:00:00,29.813812180706485,35592,1.0,1193.81,high,historical_dataset
2024-05-26T00:00:00,73.05582473691996,12748,1.0,174.5,low,historical_dataset
2024-05-26T00:00:00,57.42591942752881,20930,1.0,364.47,low,historical_dataset
2024-05-26T00:00:00,29.593958257771874,38813,1.0,1311.52,high,historical_dataset
2024-05-26T00:00:00,31.01891490525898,50200,1.0,1618.37,high,historical_dataset
2024-05-26T00:00:00,37.62927243956456,11013,1.0,292.67,low,historical_dataset
2024-05-27T00:00:00,37.85621820023165,42162,1.0,1113.74,high,historical_dataset
2024-05-27T00:00:00,27.664320114241054,41340,1.0,1494.34,high,historical_dataset
2024-05-27T00:00:00,28.709773787057,23784,1.0,828.43,medium,historical_dataset
2024-05-27T00:00:00,47.59455835794739,15721,1.0,330.31,low,historical_dataset
2024-05-27T00:00:00,37.16450583796282,19088,1.0,513.61,medium,historical_dataset
2024-05-27T00:00:00,30.31407728233107,26570,1.0,876.49,medium,historical_dataset
2024-05-27T00:00:00,40.95396719878886,17908,1.0,437.27,low,historical_dataset
2024-05-27T00:00:00,51.34303664512403,29568,1.0,575.89,medium,historical_dataset
2024-05-27T00:00:00,20.0,42725,1.0,2136.25,high,historical_dataset
2024-05-28T00:00:00,41.343646832508874,40114,1.0,970.26,medium,historical_dataset
2024-05-28T00:00:00,55.375014142682815,14989,1.0,270.68,low,historical_dataset
2024-05-28T00:00:00,50.50251265466311,29244,1.0,579.06,medium,historical_dataset
2024-05-28T00:00:00,30.814305580935013,15862,1.0,514.76,medium,historical_dataset
2024-05-28T00:00:00,45.35876535576878,12469,1.0,274.9,low,historical_dataset
2024-05-28T00:00:00,33.386670948963,26697,1.0,799.63,medium,historical_dataset
2024-05-28T00:00:00,46.12288702173526,23185,1.0,502.68,medium,historical_dataset
2024-05-28T00:00:00,27.379391774973648,32241,1.0,1177.56,high,historical_dataset
2024-05-28T00:00:00,51.52867937622991,15164,1.0,294.28,low,historical_dataset
2024-05-29T00:00:00,26.84511792972761,34519,1.0,1285.86,high,historical_dataset
2024-05-29T00:00:00,38.50764514521257,15912,1.0,413.22,low,historical_dataset
2024-05-29T00:00:00,45.309562249746435,24659,1.0,544.23,medium,historical_dataset
2024-05-29T00:00:00,23.368343144036736,43845,1.0,1876.26,high,historical_dataset
2024-05-29T00:00:00,32.97499692025984,62443,1.0,1893.65,high,historical_dataset
2024-05-29T00:00:00,46.75281533503551,13734,1.0,293.76,low,historical_dataset
2024-05-29T00:00:00,20.0,39552,1.0,1977.6,high,historical_dataset
2024-05-29T00:00:00,33.63361857128145,25485,1.0,757.72,medium,historical_dataset
2024-05-29T00:00:00,43.84380445698007,32546,1.0,742.32,medium,historical_dataset
2024-05-29T00:00:00,35.335582747092474,24075,1.0,681.32,medium,historical_dataset
2024-05-29T00:00:00,43.62384530954798,34425,1.0,789.13,medium,historical_dataset
2024-05-29T00:00:00,35.22683585650695,38029,1.0,1079.55,high,historical_dataset
2024-05-29T00:00:00,41.009564382582326,20613,1.0,502.64,medium,historical_dataset
2024-05-29T00:00:00,46.44920829337895,14823,1.0,319.12,low,historical_dataset
2024-05-30T00:00:00,21.902408651879448,25923,1.0,1183.57,high,historical_dataset
2024-05-30T00:00:00,21.170445350497353,31325,1.0,1479.66,high,historical_dataset
2024-05-30T00:00:00,50.19159630026633,24691,1.0,491.93,low,historical_dataset
2024-05-30T00:00:00,40.2354866855746,52761,1.0,1311.31,high,historical_dataset
2024-05-30T00:00:00,34.73313446500543,47819,1.0,1376.75,high,historical_dataset
2024-05-30T00:00:00,35.671102532149476,21981,1.0,616.21,medium,historical_dataset
2024-05-30T00:00:00,36.75784887772471,17648,1.0,480.12,low,historical_dataset
2024-05-30T00:00:00,38.752722052596546,31365,1.0,809.36,medium,historical_dataset
2024-05-30T00:00:00,57.49838012672722,26563,1.0,461.98,low,historical_dataset
2024-05-31T00:00:00,56.48977111663076,23414,1.0,414.48,low,historical_dataset
2024-05-31T00:00:00,44.6207550458315,33569,1.0,752.32,medium,historical_dataset
2024-05-31T00:00:00,29.062033791710896,29891,1.0,1028.52,high,historical_dataset
2024-05-31T00:00:00,39.29567514981938,36174,1.0,920.56,medium,historical_dataset
2024-05-31T00:00:00,32.22070917233302,45582,1.0,1414.68,high,historical_dataset
2024-05-31T00:00:00,43.73250249324584,11532,1.0,263.69,low,historical_dataset
2024-05-31T00:00:00,42.53335847558102,10241,1.0,240.78,low,historical_dataset
2024-05-31T00:00:00,41.25444486620119,39059,1.0,946.78,medium,historical_dataset
2024-05-31T00:00:00,45.68676765802924,24779,1.0,542.37,medium,historical_dataset
2024-05-31T00:00:00,70.90898443596882,16119,1.0,227.32,low,historical_dataset
2024-06-01T00:00:00,55.08693612825841,36961,1.0,670.96,medium,historical_dataset
2024-06-01T00:00:00,29.833183409921148,32194,1.0,1079.13,high,historical_dataset
2024-06-01T00:00:00,37.70441638016647,43437,1.0,1152.04,high,historical_dataset
2024-06-01T00:00:00,30.71602850929013,43090,1.0,1402.85,high,historical_dataset
2024-06-01T00:00:00,20.0,40419,1.0,2020.95,high,historical_dataset
2024-06-01T00:00:00,31.27978254048916,40136,1.0,1283.13,high,historical_dataset
2024-06-01T00:00:00,48.70358028337289,23130,1.0,474.91,low,historical_dataset
2024-06-01T00:00:00,35.010339854397756,15279,1.0,436.41,low,historical_dataset
2024-06-01T00:00:00,48.275745151062964,20906,1.0,433.05,low,historical_dataset
2024-06-02T00:00:00,60.55563096238362,11270,1.0,186.11,low,historical_dataset
2024-06-02T00:00:00,20.0,49913,1.0,2495.65,high,historical_dataset
2024-06-02T00:00:00,32.245074360645795,39655,1.0,1229.8,high,historical_dataset
2024-06-02T00:00:00,20.0,44945,1.0,2247.25,high,historical_dataset
2024-06-02T00:00:00,33.20852612913295,43347,1.0,1305.3,high,historical_dataset
2024-06-02T00:00:00,40.7432112273982,26482,1.0,649.97,medium,historical_dataset
2024-06-02T00:00:00,39.71097199504338,37085,1.0,933.87,medium,historical_dataset
2024-06-02T00:00:00,45.200201901259476,17768,1.0,393.1,low,historical_dataset
2024-06-02T00:00:00,37.352606323313466,14408,1.0,385.73,low,historical_dataset
2024-06-03T00:00:00,45.098727513471715,22995,1.0,509.88,medium,historical_dataset
2024-06-03T00:00:00,20.814501124907423,36027,1.0,1730.86,high,historical_dataset
2024-06-03T00:00:00,36.486319924466486,29073,1.0,796.82,medium,historical_dataset
2024-06-03T00:00:00,51.93408513479764,39794,1.0,766.24,medium,historical_dataset
2024-06-03T00:00:00,47.22282372650395,41559,1.0,880.06,medium,historical_dataset
2024-06-03T00:00:00,30.522007557277956,25930,1.0,849.55,medium,historical_dataset
2024-06-03T00:00:00,48.57257044576148,21394,1.0,440.45,low,historical_dataset
2024-06-03T00:00:00,39.290534995735975,21884,1.0,556.98,medium,historical_dataset
2024-06-03T00:00:00,36.02323050380259,15591,1.0,432.8,low,historical_dataset
2024-06-04T00:00:00,48.49869962899016,23821,1.0,491.17,low,historical_dataset
2024-06-04T00:00:00,55.728628357410216,50576,1.0,907.54,medium,historical_dataset
2024-06-04T00:00:00,50.63157861907264,19492,1.0,384.98,low,historical_dataset
2024-06-04T00:00:00,20.0,14267,1.0,713.35,medium,historical_dataset
2024-06-04T00:00:00,49.70956090071571,19481,1.0,391.9,low,historical_dataset
2024-06-05T00:00:00,39.67570471708999,41304,1.0,1041.04,high,historical_dataset
2024-06-05T00:00:00,36.16988104830195,39100,1.0,1081.01,high,historical_dataset
2024-06-05T00:00:00,54.700134764330414,31226,1.0,570.86,medium,historical_dataset
2024-06-05T00:00:00,50.61741228605017,30303,1.0,598.67,medium,historical_dataset
2024-06-05T00:00:00,38.03586703336121,14253,1.0,374.73,low,historical_dataset
2024-06-05T00:00:00,47.97819353446136,25973,1.0,541.35,medium,historical_dataset
2024-06-05T00:00:00,48.97851837677708,17200,1.0,351.17,low,historical_dataset
2024-06-05T00:00:00,32.602599467685664,29850,1.0,915.57,medium,historical_dataset
2024-06-05T00:00:00,44.02463412737618,30265,1.0,687.46,medium,historical_dataset
2024-06-05T00:00:00,28.630686301082196,6399,1.0,223.5,low,historical_dataset
2024-06-05T00:00:00,52.276858176228146,31752,1.0,607.38,medium,historical_dataset
2024-06-06T00:00:00,55.926803868379096,52656,1.0,941.52,medium,historical_dataset
2024-06-06T00:00:00,34.419275454514235,48499,1.0,1409.07,high,historical_dataset
2024-06-06T00:00:00,27.794964691910288,47166,1.0,1696.93,high,historical_dataset
2024-06-06T00:00:00,20.0,25486,1.0,1274.3,high,historical_dataset
2024-06-06T00:00:00,50.593945722459,24189,1.0,478.1,low,historical_dataset
2024-06-06T00:00:00,27.589332864218413,39401,1.0,1428.12,high,historical_dataset
2024-06-06T00:00:00,45.96885007716803,19386,1.0,421.72,low,historical_dataset
2024-06-06T00:00:00,35.587103209146846,22211,1.0,624.13,medium,historical_dataset
2024-06-07T00:00:00,30.3918897784274,25625,1.0,843.15,medium,historical_dataset
2024-06-07T00:00:00,38.1661897302883,26757,1.0,701.07,medium,historical_dataset
2024-06-07T00:00:00,54.80231292781542,17818,1.0,325.13,low,historical_dataset
2024-06-07T00:00:00,35.69876262301487,11941,1.0,334.49,low,historical_dataset
2024-06-07T00:00:00,47.937577639604775,10390,1.0,216.74,low,historical_dataset
2024-06-07T00:00:00,26.9349421692019,24761,1.0,919.29,medium,historical_dataset
2024-06-07T00:00:00,32.49650152778091,38781,1.0,1193.39,high,historical_dataset
2024-06-07T00:00:00,46.52469921683076,21250,1.0,456.75,low,historical_dataset
2024-06-07T00:00:00,46.26413002936269,24658,1.0,532.98,medium,historical_dataset
2024-06-07T00:00:00,54.32237185824371,16336,1.0,300.72,low,historical_dataset
2024-06-08T00:00:00,52.26380125984288,11246,1.0,215.18,low,historical_dataset
2024-06-08T00:00:00,59.38054447050992,23681,1.0,398.8,low,historical_dataset
2024-06-08T00:00:00,36.60032554938725,19360,1.0,528.96,medium,historical_dataset
2024-06-08T00:00:00,47.14652869283658,13668,1.0,289.9,low,historical_dataset
2024-06-08T00:00:00,39.56555445098781,29837,1.0,754.12,medium,historical_dataset
2024-06-08T00:00:00,39.825561554824446,31736,1.0,796.88,medium,historical_dataset
2024-06-08T00:00:00,40.90728124185975,23669,1.0,578.6,medium,historical_dataset
2024-06-08T00:00:00,40.567234983808824,10952,1.0,269.97,low,historical_dataset
2024-06-08T00:00:00,49.29536292269313,7684,1.0,155.88,low,historical_dataset
2024-06-08T00:00:00,39.27506634061328,37515,1.0,955.19,medium,historical_dataset
2024-06-09T00:00:00,64.4572088489243,21747,1.0,337.39,low,historical_dataset
2024-06-09T00:00:00,20.0,20940,1.0,1047.0,high,historical_dataset
2024-06-09T00:00:00,35.99365809832182,59463,1.0,1652.04,high,historical_dataset
2024-06-09T00:00:00,44.481307311863965,12051,1.0,270.92,low,historical_dataset
2024-06-09T00:00:00,50.6948263408266,24420,1.0,481.71,low,historical_dataset
2024-06-09T00:00:00,49.05891568955756,18085,1.0,368.64,low,historical_dataset
2024-06-09T00:00:00,31.617754745777436,33392,1.0,1056.12,high,historical_dataset
2024-06-09T00:00:00,21.428640842976783,28545,1.0,1332.1,high,historical_dataset
2024-06-09T00:00:00,41.92244988123243,21100,1.0,503.31,medium,historical_dataset
2024-06-09T00:00:00,49.842589040945704,24841,1.0,498.39,low,historical_dataset
2024-06-10T00:00:00,43.061305255857825,35208,1.0,817.63,medium,historical_dataset
2024-06-10T00:00:00,30.66302332952726,53374,1.0,1740.66,high,historical_dataset
2024-06-10T00:00:00,51.221928271978186,21956,1.0,428.64,low,historical_dataset
2024-06-10T00:00:00,36.3974949718319,46937,1.0,1289.57,high,historical_dataset
2024-06-10T00:00:00,40.77156714653697,49428,1.0,1212.32,high,historical_dataset
2024-06-10T00:00:00,49.3266045939021,26177,1.0,530.69,medium,historical_dataset
2024-06-10T00:00:00,28.576424838085384,38819,1.0,1358.43,high,historical_dataset
2024-06-10T00:00:00,54.11352581451402,17950,1.0,331.71,low,historical_dataset
2024-06-10T00:00:00,24.738866300974422,30599,1.0,1236.88,high,historical_dataset
2024-06-10T00:00:00,40.3159034216924,11800,1.0,292.69,low,historical_dataset
2024-06-11T00:00:00,23.68419825589186,32724,1.0,1381.68,high,historical_dataset
2024-06-11T00:00:00,44.40766885174295,24061,1.0,541.82,medium,historical_dataset
2024-06-11T00:00:00,44.62612458228989,26294,1.0,589.21,medium,historical_dataset
2024-06-11T00:00:00,21.451139073241993,32528,1.0,1516.38,high,historical_dataset
2024-06-11T00:00:00,42.98865248131748,10939,1.0,254.46,low,historical_dataset
2024-06-11T00:00:00,26.88473340800691,52780,1.0,1963.2,high,historical_dataset
2024-06-11T00:00:00,67.4024140344811,8312,1.0,123.32,low,historical_dataset
2024-06-11T00:00:00,58.01078796061613,18858,1.0,325.08,low,historical_dataset
2024-06-11T00:00:00,41.34910038082826,29459,1.0,712.45,medium,historical_dataset
2024-06-11T00:00:00,63.7313207422191,23724,1.0,372.25,low,historical_dataset
2024-06-11T00:00:00,41.415476056461,8424,1.0,203.4,low,historical_dataset
2024-06-12T00:00:00,34.384323878058254,43611,1.0,1268.34,high,historical_dataset
2024-06-12T00:00:00,33.03403903791273,48078,1.0,1455.41,high,historical_dataset
2024-06-12T00:00:00,34.109005855887595,19169,1.0,561.99,medium,historical_dataset
2024-06-12T00:00:00,38.725208916829935,44573,1.0,1151.01,high,historical_dataset
2024-06-12T00:00:00,40.96208090524553,5844,1.0,142.67,low,historical_dataset
2024-06-12T00:00:00,40.54135924438585,23753,1.0,585.9,medium,historical_dataset
2024-06-12T00:00:00,57.98881157844504,20802,1.0,358.72,low,historical_dataset
2024-06-12T00:00:00,64.45395663845342,18059,1.0,280.18,low,historical_dataset
2024-06-12T00:00:00,52.14006105578865,43680,1.0,837.74,medium,historical_dataset
2024-06-13T00:00:00,27.937743700370188,41762,1.0,1494.82,high,historical_dataset
2024-06-13T00:00:00,32.370910453302876,43318,1.0,1338.18,high,historical_dataset
2024-06-13T00:00:00,33.83087896523768,21337,1.0,630.7,medium,historical_dataset
2024-06-13T00:00:00,55.64713205319403,18238,1.0,327.74,low,historical_dataset
2024-06-13T00:00:00,69.16448192638572,10689,1.0,154.54,low,historical_dataset
2024-06-13T00:00:00,29.206043831251264,54808,1.0,1876.6,high,historical_dataset
2024-06-13T00:00:00,32.6854845733956,34576,1.0,1057.84,high,historical_dataset
2024-06-13T00:00:00,36.9308433122205,29238,1.0,791.7,medium,historical_dataset
2024-06-13T00:00:00,52.720099912827266,34749,1.0,659.12,medium,historical_dataset
2024-06-13T00:00:00,65.22842401852272,18702,1.0,286.72,low,historical_dataset
2024-06-14T00:00:00,34.94630174171519,25944,1.0,742.4,medium,historical_dataset
2024-06-14T00:00:00,40.98533205834813,11265,1.0,274.85,low,historical_dataset
2024-06-14T00:00:00,50.478321594976194,46018,1.0,911.64,medium,historical_dataset
2024-06-14T00:00:00,40.59631205569543,15746,1.0,387.87,low,historical_dataset
2024-06-14T00:00:00,24.051832946696344,54602,1.0,2270.18,high,historical_dataset
2024-06-14T00:00:00,26.88659940934634,43709,1.0,1625.68,high,historical_dataset
2024-06-14T00:00:00,36.34206755144725,34859,1.0,959.19,medium,historical_dataset
2024-06-14T00:00:00,36.76692082891667,33779,1.0,918.73,medium,historical_dataset
2024-06-14T00:00:00,31.48648636801833,17877,1.0,567.77,medium,historical_dataset
2024-06-15T00:00:00,29.302868754380732,28112,1.0,959.36,medium,historical_dataset
2024-06-15T00:00:00,43.853717087363755,24876,1.0,567.25,medium,historical_dataset
2024-06-15T00:00:00,36.28603595367233,25156,1.0,693.27,medium,historical_dataset
2024-06-15T00:00:00,48.636032327717515,16199,1.0,333.07,low,historical_dataset
2024-06-15T00:00:00,23.618332272764537,29802,1.0,1261.82,high,historical_dataset
2024-06-15T00:00:00,38.86576947950607,20223,1.0,520.33,medium,historical_dataset
2024-06-15T00:00:00,45.17935595274642,15669,1.0,346.82,low,historical_dataset
2024-06-15T00:00:00,29.11155210868956,33412,1.0,1147.72,high,historical_dataset
2024-06-15T00:00:00,47.047384013645235,40690,1.0,864.87,medium,historical_dataset
2024-06-15T00:00:00,24.084337425923835,27568,1.0,1144.64,high,historical_dataset
2024-06-15T00:00:00,42.07346225766155,37971,1.0,902.49,medium,historical_dataset
2024-06-16T00:00:00,28.917047022916194,46404,1.0,1604.73,high,historical_dataset
2024-06-16T00:00:00,31.89186297895929,34620,1.0,1085.54,high,historical_dataset
2024-06-16T00:00:00,53.31661651634201,7919,1.0,148.53,low,historical_dataset
2024-06-16T00:00:00,32.91413690931879,13172,1.0,400.19,low,historical_dataset
2024-06-16T00:00:00,54.986274853723,9779,1.0,177.84,low,historical_dataset
2024-06-16T00:00:00,34.783470226865624,29941,1.0,860.78,medium,historical_dataset
2024-06-16T00:00:00,51.80521246466558,44240,1.0,853.97,medium,historical_dataset
2024-06-16T00:00:00,49.36713325469623,23037,1.0,466.65,low,historical_dataset
2024-06-16T00:00:00,27.716533670708113,19225,1.0,693.63,medium,historical_dataset
2024-06-16T00:00:00,20.0,15848,1.0,792.4,medium,historical_dataset
2024-06-16T00:00:00,29.45908415425828,7772,1.0,263.82,low,historical_dataset
2024-06-16T00:00:00,39.20037223078297,31913,1.0,814.1,medium,historical_dataset
2024-06-17T00:00:00,36.12102185253773,24942,1.0,690.51,medium,historical_dataset
2024-06-17T00:00:00,32.36758604457776,29834,1.0,921.72,medium,historical_dataset
2024-06-17T00:00:00,52.99447695372496,15110,1.0,285.12,low,historical_dataset
2024-06-17T00:00:00,63.29361638742827,24812,1.0,392.01,low,historical_dataset
2024-06-17T00:00:00,20.0,28040,1.0,1402.0,high,historical_dataset
2024-06-17T00:00:00,39.477686495173344,44924,1.0,1137.96,high,historical_dataset
2024-06-17T00:00:00,45.58240239552771,36540,1.0,801.63,medium,historical_dataset
2024-06-17T00:00:00,39.360608739456126,27380,1.0,695.62,medium,historical_dataset
2024-06-17T00:00:00,52.09176320330603,32138,1.0,616.95,medium,historical_dataset
2024-06-17T00:00:00,46.70324553519581,30090,1.0,644.28,medium,historical_dataset
2024-06-17T00:00:00,43.01214597733075,24046,1.0,559.05,medium,historical_dataset
2024-06-18T00:00:00,35.11334243887907,43635,1.0,1242.69,high,historical_dataset
2024-06-18T00:00:00,39.867665822158514,37987,1.0,952.83,medium,historical_dataset
2024-06-18T00:00:00,20.0,25193,1.0,1259.65,high,historical_dataset
2024-06-18T00:00:00,34.065282781581786,25820,1.0,757.96,medium,historical_dataset
2024-06-18T00:00:00,31.492442740706668,26658,1.0,846.49,medium,historical_dataset
2024-06-18T00:00:00,23.28135666848826,40122,1.0,1723.35,high,historical_dataset
2024-06-18T00:00:00,40.976804853784046,28811,1.0,703.11,medium,historical_dataset
2024-06-19T00:00:00,24.983181049300164,36703,1.0,1469.11,high,historical_dataset
2024-06-19T00:00:00,41.40151221635428,25171,1.0,607.97,medium,historical_dataset
2024-06-19T00:00:00,47.37900388726779,18538,1.0,391.27,low,historical_dataset
2024-06-19T00:00:00,35.81095912685246,33330,1.0,930.72,medium,historical_dataset
2024-06-19T00:00:00,20.0,29276,1.0,1463.8,high,historical_dataset
2024-06-19T00:00:00,55.216823934871144,19899,1.0,360.38,low,historical_dataset
2024-06-20T00:00:00,47.68972245056758,21486,1.0,450.54,low,historical_dataset
2024-06-20T00:00:00,43.51613050827115,42956,1.0,987.13,medium,historical_dataset
2024-06-20T00:00:00,45.11573735216094,16815,1.0,372.71,low,historical_dataset
2024-06-20T00:00:00,37.71962343145685,12083,1.0,320.34,low,historical_dataset
2024-06-20T00:00:00,28.071209013682108,28750,1.0,1024.18,high,historical_dataset
2024-06-20T00:00:00,37.94665986580531,28005,1.0,738.01,medium,historical_dataset
2024-06-20T00:00:00,38.29720255032231,18982,1.0,495.65,low,historical_dataset
2024-06-20T00:00:00,38.26661345069257,37887,1.0,990.08,medium,historical_dataset
2024-06-20T00:00:00,43.17466765479932,44973,1.0,1041.65,high,historical_dataset
2024-06-20T00:00:00,37.764667445466415,15400,1.0,407.79,low,historical_dataset
2024-06-20T00:00:00,33.311132084364715,40761,1.0,1223.64,high,historical_dataset
2024-06-21T00:00:00,20.0,32766,1.0,1638.3,high,historical_dataset
2024-06-21T00:00:00,52.66903772701838,19798,1.0,375.89,low,historical_dataset
2024-06-21T00:00:00,43.97027121404683,16604,1.0,377.62,low,historical_dataset
2024-06-21T00:00:00,32.3019776575328,29306,1.0,907.25,medium,historical_dataset
2024-06-21T00:00:00,55.899740300887274,11444,1.0,204.72,low,historical_dataset
2024-06-21T00:00:00,36.77085859945925,37891,1.0,1030.46,high,historical_dataset
2024-06-21T00:00:00,32.89950987281637,12690,1.0,385.72,low,historical_dataset
2024-06-21T00:00:00,28.940513517721907,15891,1.0,549.09,medium,historical_dataset
2024-06-21T00:00:00,24.568805780129384,26125,1.0,1063.34,high,historical_dataset
2024-06-21T00:00:00,57.565425081952895,6310,1.0,109.61,low,historical_dataset
2024-06-22T00:00:00,35.64572934698649,33600,1.0,942.61,medium,historical_dataset
2024-06-22T00:00:00,59.48441228599728,23191,1.0,389.87,low,historical_dataset
2024-06-22T00:00:00,41.400323303663114,12125,1.0,292.87,low,historical_dataset
2024-06-22T00:00:00,46.27648798400334,16185,1.0,349.75,low,historical_dataset
2024-06-22T00:00:00,44.746870267187134,59279,1.0,1324.76,high,historical_dataset
2024-06-22T00:00:00,44.976417999586204,41838,1.0,930.22,medium,historical_dataset
2024-06-22T00:00:00,41.51066323432736,40360,1.0,972.28,medium,historical_dataset
2024-06-22T00:00:00,22.253047639428274,29607,1.0,1330.47,high,historical_dataset
2024-06-22T00:00:00,49.564358902884294,18628,1.0,375.83,low,historical_dataset
2024-06-23T00:00:00,39.79652909356267,38259,1.0,961.37,medium,historical_dataset
2024-06-23T00:00:00,44.785147048149426,13561,1.0,302.8,low,historical_dataset
2024-06-23T00:00:00,28.141669994060305,57513,1.0,2043.7,high,historical_dataset
2024-06-23T00:00:00,52.79712382273502,32536,1.0,616.25,medium,historical_dataset
2024-06-23T00:00:00,35.4967390355909,40696,1.0,1146.47,high,historical_dataset
2024-06-23T00:00:00,59.330524486951404,8839,1.0,148.98,low,historical_dataset
2024-06-23T00:00:00,49.65991560603767,24044,1.0,484.17,low,historical_dataset
2024-06-24T00:00:00,41.8744187349333,22027,1.0,526.03,medium,historical_dataset
2024-06-24T00:00:00,23.885192166121303,38412,1.0,1608.19,high,historical_dataset
2024-06-24T00:00:00,39.7868238862814,34010,1.0,854.81,medium,historical_dataset
2024-06-24T00:00:00,20.0,44268,1.0,2213.4,high,historical_dataset
2024-06-24T00:00:00,41.755715917409326,43131,1.0,1032.94,high,historical_dataset
2024-06-24T00:00:00,30.639275577519008,41080,1.0,1340.76,high,historical_dataset
2024-06-24T00:00:00,40.469242340738845,29078,1.0,718.52,medium,historical_dataset
2024-06-24T00:00:00,20.0,37946,1.0,1897.3,high,historical_dataset
2024-06-25T00:00:00,41.9683580630468,38041,1.0,906.42,medium,historical_dataset
2024-06-25T00:00:00,43.8746254137423,13044,1.0,297.3,low,historical_dataset
2024-06-25T00:00:00,32.872282425341716,39831,1.0,1211.69,high,historical_dataset
2024-06-25T00:00:00,21.29610685763655,37920,1.0,1780.61,high,historical_dataset
2024-06-25T00:00:00,49.48379696498615,24162,1.0,488.28,low,historical_dataset
2024-06-25T00:00:00,24.86821045813101,14353,1.0,577.16,medium,historical_dataset
2024-06-25T00:00:00,41.087051151960374,32624,1.0,794.02,medium,historical_dataset
2024-06-25T00:00:00,37.155745884912264,39197,1.0,1054.94,high,historical_dataset
2024-06-25T00:00:00,50.11219834788485,19849,1.0,396.09,low,historical_dataset
2024-06-26T00:00:00,56.883383274473786,46366,1.0,815.11,medium,historical_dataset
2024-06-26T00:00:00,51.8562047052742,22842,1.0,440.49,low,historical_dataset
2024-06-26T00:00:00,51.955015123459404,21542,1.0,414.63,low,historical_dataset
2024-06-26T00:00:00,29.451945936982977,29762,1.0,1010.53,high,historical_dataset
2024-06-26T00:00:00,45.12733231313216,10362,1.0,229.62,low,historical_dataset
2024-06-26T00:00:00,26.70518153473081,20646,1.0,773.11,medium,historical_dataset
2024-06-26T00:00:00,50.7064887076662,55858,1.0,1101.59,high,historical_dataset
2024-06-26T00:00:00,32.31258918709924,25082,1.0,776.23,medium,historical_dataset
2024-06-26T00:00:00,39.84897299273506,36661,1.0,920.0,medium,historical_dataset
2024-06-26T00:00:00,29.420881967939316,48753,1.0,1657.09,high,historical_dataset
2024-06-26T00:00:00,46.380873198295504,9242,1.0,199.26,low,historical_dataset
2024-06-27T00:00:00,46.742312983227514,24057,1.0,514.67,medium,historical_dataset
2024-06-27T00:00:00,46.780086153111874,24741,1.0,528.88,medium,historical_dataset
2024-06-27T00:00:00,30.5583731325097,9854,1.0,322.46,low,historical_dataset
2024-06-27T00:00:00,29.96040718173299,49927,1.0,1666.43,high,historical_dataset
2024-06-27T00:00:00,37.60228845082496,13625,1.0,362.34,low,historical_dataset
2024-06-27T00:00:00,39.3197948246524,54054,1.0,1374.73,high,historical_dataset
2024-06-27T00:00:00,69.43736062649339,30040,1.0,432.62,low,historical_dataset
2024-06-27T00:00:00,52.1318756438212,15226,1.0,292.07,low,historical_dataset
2024-06-27T00:00:00,48.20789714083034,9599,1.0,199.12,low,historical_dataset
2024-06-27T00:00:00,49.188951343402096,23522,1.0,478.2,low,historical_dataset
2024-06-28T00:00:00,57.24976662650916,44956,1.0,785.26,medium,historical_dataset
2024-06-28T00:00:00,51.159113526138825,10165,1.0,198.69,low,historical_dataset
2024-06-28T00:00:00,38.84702518043737,20918,1.0,538.47,medium,historical_dataset
2024-06-28T00:00:00,23.65142110860118,15703,1.0,663.93,medium,historical_dataset
2024-06-28T00:00:00,26.944965857174125,43716,1.0,1622.42,high,historical_dataset
2024-06-28T00:00:00,42.9347403907963,11376,1.0,264.96,low,historical_dataset
2024-06-28T00:00:00,20.0,38872,1.0,1943.6,high,historical_dataset
2024-06-28T00:00:00,33.12885253229692,13078,1.0,394.76,low,historical_dataset
2024-06-28T00:00:00,21.26842288366192,30632,1.0,1440.26,high,historical_dataset
2024-06-29T00:00:00,20.0,48547,1.0,2427.35,high,historical_dataset
2024-06-29T00:00:00,65.19587535200675,21761,1.0,333.78,low,historical_dataset
2024-06-29T00:00:00,47.196962445653455,18055,1.0,382.55,low,historical_dataset
2024-06-29T00:00:00,75.53032676902066,8805,1.0,116.58,low,historical_dataset
2024-06-29T00:00:00,31.59945017422097,45797,1.0,1449.3,high,historical_dataset
2024-06-29T00:00:00,33.61669235063104,16141,1.0,480.15,low,historical_dataset
2024-06-29T00:00:00,35.690465777252484,12832,1.0,359.54,low,historical_dataset
2024-06-29T00:00:00,54.74375176406308,14075,1.0,257.11,low,historical_dataset
2024-06-29T00:00:00,34.87113958104359,43481,1.0,1246.91,high,historical_dataset
2024-06-29T00:00:00,38.140580957146526,35627,1.0,934.1,medium,historical_dataset
2024-06-29T00:00:00,33.93559482571098,33781,1.0,995.44,medium,historical_dataset
2024-06-29T00:00:00,40.27833603616412,19318,1.0,479.61,low,historical_dataset
2024-06-30T00:00:00,32.86301183180852,37670,1.0,1146.27,high,historical_dataset
2024-06-30T00:00:00,44.18185183548227,51059,1.0,1155.66,high,historical_dataset
2024-06-30T00:00:00,45.9746195437617,30486,1.0,663.1,medium,historical_dataset
2024-06-30T00:00:00,22.556634210742494,42430,1.0,1881.04,high,historical_dataset
2024-06-30T00:00:00,43.690450213124116,17804,1.0,407.5,low,historical_dataset
2024-06-30T00:00:00,51.734268272126556,36442,1.0,704.41,medium,historical_dataset
2024-06-30T00:00:00,30.696794411474475,57030,1.0,1857.85,high,historical_dataset
2024-06-30T00:00:00,34.20043904052324,16555,1.0,484.06,low,historical_dataset
2024-06-30T00:00:00,39.38524673638758,19090,1.0,484.7,low,historical_dataset
2024-06-30T00:00:00,48.121318126380885,19750,1.0,410.42,low,historical_dataset
2024-07-01T00:00:00,39.52763123394114,43525,1.0,1101.13,high,historical_dataset
2024-07-01T00:00:00,28.327481267741216,24970,1.0,881.48,medium,historical_dataset
2024-07-01T00:00:00,37.846979254181086,33093,1.0,874.39,medium,historical_dataset
2024-07-01T00:00:00,49.24133045476096,14415,1.0,292.74,low,historical_dataset
2024-07-01T00:00:00,33.645534581369326,27245,1.0,809.77,medium,historical_dataset
2024-07-01T00:00:00,34.38377658770241,28984,1.0,842.96,medium,historical_dataset
2024-07-01T00:00:00,44.52192945332452,42222,1.0,948.34,medium,historical_dataset
2024-07-01T00:00:00,41.82545794223646,48821,1.0,1167.26,high,historical_dataset
2024-07-01T00:00:00,50.05170271932115,33727,1.0,673.84,medium,historical_dataset
2024-07-01T00:00:00,33.09292998491012,30497,1.0,921.56,medium,historical_dataset
2024-07-01T00:00:00,48.271991879589805,22082,1.0,457.45,low,historical_dataset
2024-07-02T00:00:00,39.09673486015681,36852,1.0,942.59,medium,historical_dataset
2024-07-02T00:00:00,37.792817268194476,48539,1.0,1284.34,high,historical_dataset
2024-07-02T00:00:00,23.00458540295164,47736,1.0,2075.06,high,historical_dataset
2024-07-02T00:00:00,40.405911166267344,41515,1.0,1027.45,high,historical_dataset
2024-07-02T00:00:00,37.225803113004105,18891,1.0,507.47,medium,historical_dataset
2024-07-02T00:00:00,36.44416676598609,49805,1.0,1366.61,high,historical_dataset
2024-07-02T00:00:00,40.12596143375047,28413,1.0,708.1,medium,historical_dataset
2024-07-02T00:00:00,50.11358096457372,13709,1.0,273.56,low,historical_dataset
2024-07-03T00:00:00,32.148993440024654,25752,1.0,801.02,medium,historical_dataset
2024-07-03T00:00:00,66.25094216190895,24464,1.0,369.26,low,historical_dataset
2024-07-03T00:00:00,20.0,35091,1.0,1754.55,high,historical_dataset
2024-07-03T00:00:00,50.43315038401633,20820,1.0,412.82,low,historical_dataset
2024-07-03T00:00:00,38.46592918088899,29465,1.0,766.0,medium,historical_dataset
2024-07-03T00:00:00,36.42691290616127,36313,1.0,996.87,medium,historical_dataset
2024-07-03T00:00:00,43.70311619615525,26761,1.0,612.34,medium,historical_dataset
2024-07-03T00:00:00,32.454472883296575,36813,1.0,1134.3,high,historical_dataset
2024-07-03T00:00:00,25.57741350118474,28390,1.0,1109.96,high,historical_dataset
2024-07-04T00:00:00,35.56866504828336,40605,1.0,1141.59,high,historical_dataset
2024-07-04T00:00:00,33.37588604076911,46890,1.0,1404.91,high,historical_dataset
2024-07-04T00:00:00,46.846005163685476,10603,1.0,226.34,low,historical_dataset
2024-07-04T00:00:00,52.44389401148905,39146,1.0,746.44,medium,historical_dataset
2024-07-04T00:00:00,25.905979500116505,13699,1.0,528.8,medium,historical_dataset
2024-07-04T00:00:00,42.338077299240524,29299,1.0,692.02,medium,historical_dataset
2024-07-05T00:00:00,60.043478908765096,34315,1.0,571.5,medium,historical_dataset
2024-07-05T00:00:00,49.6809821035566,24558,1.0,494.31,low,historical_dataset
2024-07-05T00:00:00,51.66245161144576,7388,1.0,143.01,low,historical_dataset
2024-07-05T00:00:00,39.73163670640544,41598,1.0,1046.97,high,historical_dataset
2024-07-05T00:00:00,48.19890716564865,20910,1.0,433.83,low,historical_dataset
2024-07-05T00:00:00,37.588568473755885,24025,1.0,639.16,medium,historical_dataset
2024-07-05T00:00:00,23.42732398283478,35728,1.0,1525.06,high,historical_dataset
2024-07-05T00:00:00,42.39014455301613,9795,1.0,231.07,low,historical_dataset
2024-07-05T00:00:00,44.30088793870541,20541,1.0,463.67,low,historical_dataset
2024-07-05T00:00:00,55.36213950883156,14449,1.0,260.99,low,historical_dataset
2024-07-05T00:00:00,39.60724243225651,17336,1.0,437.7,low,historical_dataset
2024-07-06T00:00:00,37.43538346691215,36724,1.0,981.0,medium,historical_dataset
2024-07-06T00:00:00,24.183374242435452,25180,1.0,1041.21,high,historical_dataset
2024-07-06T00:00:00,25.235982367953188,6290,1.0,249.25,low,historical_dataset
2024-07-06T00:00:00,63.174506140620906,35045,1.0,554.73,medium,historical_dataset
2024-07-06T00:00:00,38.153070329498085,30183,1.0,791.1,medium,historical_dataset
2024-07-06T00:00:00,47.85619532746164,24805,1.0,518.32,medium,historical_dataset
2024-07-06T00:00:00,36.381669954884416,19522,1.0,536.59,medium,historical_dataset
2024-07-06T00:00:00,34.104295356676445,24669,1.0,723.34,medium,historical_dataset
2024-07-06T00:00:00,30.369716375251045,31418,1.0,1034.52,high,historical_dataset
2024-07-06T00:00:00,34.107224264756674,31721,1.0,930.04,medium,historical_dataset
2024-07-07T00:00:00,33.25270857838716,36755,1.0,1105.32,high,historical_dataset
2024-07-07T00:00:00,35.100361261462915,26610,1.0,758.11,medium,historical_dataset
2024-07-07T00:00:00,47.70718774379211,55191,1.0,1156.87,high,historical_dataset
2024-07-07T00:00:00,59.78975409298521,24834,1.0,415.36,low,historical_dataset
2024-07-07T00:00:00,37.19938221730427,23081,1.0,620.47,medium,historical_dataset
2024-07-07T00:00:00,42.893634418680804,16942,1.0,394.98,low,historical_dataset
2024-07-07T00:00:00,50.374492237798634,22019,1.0,437.11,low,historical_dataset
2024-07-07T00:00:00,50.691788884116576,14385,1.0,283.77,low,historical_dataset
2024-07-08T00:00:00,43.61666186637238,35228,1.0,807.67,medium,historical_dataset
2024-07-08T00:00:00,20.0,26566,1.0,1328.3,high,historical_dataset
2024-07-08T00:00:00,26.153700814055227,47853,1.0,1829.68,high,historical_dataset
2024-07-08T00:00:00,24.388838031238556,63018,1.0,2583.89,high,historical_dataset
2024-07-08T00:00:00,24.265816053531665,37115,1.0,1529.52,high,historical_dataset
2024-07-08T00:00:00,26.05632878100961,25299,1.0,970.93,medium,historical_dataset
2024-07-08T00:00:00,59.49803236837947,16712,1.0,280.88,low,historical_dataset
2024-07-08T00:00:00,29.326104893846406,42615,1.0,1453.14,high,historical_dataset
2024-07-08T00:00:00,55.40796883168623,48259,1.0,870.98,medium,historical_dataset
2024-07-08T00:00:00,44.95382718746706,22030,1.0,490.06,low,historical_dataset
2024-07-08T00:00:00,50.4121364720141,16136,1.0,320.08,low,historical_dataset
2024-07-09T00:00:00,38.57037526970029,50420,1.0,1307.22,high,historical_dataset
2024-07-09T00:00:00,20.0,34626,1.0,1731.3,high,historical_dataset
2024-07-09T00:00:00,36.642533891018736,35310,1.0,963.63,medium,historical_dataset
2024-07-09T00:00:00,41.04474136364963,47292,1.0,1152.21,high,historical_dataset
2024-07-09T00:00:00,22.077088941669345,54500,1.0,2468.62,high,historical_dataset
2024-07-09T00:00:00,61.60514132905966,50510,1.0,819.9,medium,historical_dataset
2024-07-09T00:00:00,45.5961694824428,14856,1.0,325.82,low,historical_dataset
2024-07-09T00:00:00,42.9550586772758,12496,1.0,290.91,low,historical_dataset
2024-07-10T00:00:00,20.0,33762,1.0,1688.1,high,historical_dataset
2024-07-10T00:00:00,38.258226734510046,28394,1.0,742.17,medium,historical_dataset
2024-07-10T00:00:00,44.00143367772469,28470,1.0,647.02,medium,historical_dataset
2024-07-10T00:00:00,46.181999389453445,15010,1.0,325.02,low,historical_dataset
2024-07-10T00:00:00,53.59437941929369,45376,1.0,846.66,medium,historical_dataset
2024-07-10T00:00:00,60.03103054911516,19451,1.0,324.02,low,historical_dataset
2024-07-10T00:00:00,48.43622799871907,38942,1.0,803.98,medium,historical_dataset
2024-07-10T00:00:00,46.587840363374426,30978,1.0,664.94,medium,historical_dataset
2024-07-10T00:00:00,41.32019508284173,21033,1.0,509.02,medium,historical_dataset
2024-07-10T00:00:00,55.498662397080516,9535,1.0,171.81,low,historical_dataset
2024-07-10T00:00:00,34.703009988085405,21513,1.0,619.92,medium,historical_dataset
2024-07-10T00:00:00,28.974868852412833,28245,1.0,974.81,medium,historical_dataset
2024-07-11T00:00:00,43.03087457328384,37551,1.0,872.65,medium,historical_dataset
2024-07-11T00:00:00,37.480518423974246,42031,1.0,1121.41,high,historical_dataset
2024-07-11T00:00:00,23.535916864060837,42823,1.0,1819.47,high,historical_dataset
2024-07-11T00:00:00,37.301499162357764,46720,1.0,1252.5,high,historical_dataset
2024-07-11T00:00:00,26.80593108821995,46004,1.0,1716.19,high,historical_dataset
2024-07-11T00:00:00,48.18408109784272,23306,1.0,483.69,low,historical_dataset
2024-07-11T00:00:00,38.041355673625674,8319,1.0,218.68,low,historical_dataset
2024-07-12T00:00:00,20.0,30534,1.0,1526.7,high,historical_dataset
2024-07-12T00:00:00,39.04150601770366,39204,1.0,1004.16,high,historical_dataset
2024-07-12T00:00:00,44.86127291766034,16290,1.0,363.12,low,historical_dataset
2024-07-12T00:00:00,32.91149180117075,31902,1.0,969.33,medium,historical_dataset
2024-07-12T00:00:00,44.18220921409801,12423,1.0,281.18,low,historical_dataset
2024-07-12T00:00:00,39.30131438238461,24149,1.0,614.46,medium,historical_dataset
2024-07-12T00:00:00,39.44362930026506,16381,1.0,415.3,low,historical_dataset
2024-07-12T00:00:00,51.53279869364655,44605,1.0,865.57,medium,historical_dataset
2024-07-12T00:00:00,44.162285845263966,21079,1.0,477.31,low,historical_dataset
2024-07-13T00:00:00,27.04903104292096,23892,1.0,883.28,medium,historical_dataset
2024-07-13T00:00:00,30.28094790746688,8498,1.0,280.64,low,historical_dataset
2024-07-13T00:00:00,34.358558637809125,41595,1.0,1210.62,high,historical_dataset
2024-07-13T00:00:00,61.0898097074345,14586,1.0,238.76,low,historical_dataset
2024-07-13T00:00:00,30.976152958603482,9900,1.0,319.6,low,historical_dataset
2024-07-13T00:00:00,32.453221215613794,22075,1.0,680.21,medium,historical_dataset
2024-07-13T00:00:00,50.312890590843914,40623,1.0,807.41,medium,historical_dataset
2024-07-13T00:00:00,51.22920658202949,16133,1.0,314.92,low,historical_dataset
2024-07-13T00:00:00,36.01793172177003,25906,1.0,719.25,medium,historical_dataset
2024-07-13T00:00:00,39.63742309771964,28206,1.0,711.6,medium,historical_dataset
2024-07-13T00:00:00,41.401998984164415,24017,1.0,580.09,medium,historical_dataset
2024-07-14T00:00:00,35.63482376994976,42493,1.0,1192.46,high,historical_dataset
2024-07-14T00:00:00,46.011493914001974,23240,1.0,505.09,medium,historical_dataset
2024-07-14T00:00:00,36.27567688405075,25431,1.0,701.05,medium,historical_dataset
2024-07-14T00:00:00,30.83970278846491,34082,1.0,1105.13,high,historical_dataset
2024-07-14T00:00:00,37.73438947653791,49124,1.0,1301.84,high,historical_dataset
2024-07-14T00:00:00,36.37010921782576,33251,1.0,914.24,medium,historical_dataset
2024-07-14T00:00:00,33.255571851995306,46153,1.0,1387.83,high,historical_dataset
2024-07-14T00:00:00,35.505716863977504,27616,1.0,777.79,medium,historical_dataset
2024-07-14T00:00:00,55.781981202192824,44405,1.0,796.05,medium,historical_dataset
2024-07-14T00:00:00,39.11733793038165,29442,1.0,752.66,medium,historical_dataset
2024-07-14T00:00:00,56.42879133961122,23607,1.0,418.35,low,historical_dataset
2024-07-14T00:00:00,28.698276379602817,19549,1.0,681.19,medium,historical_dataset
2024-07-14T00:00:00,48.975785121567604,17110,1.0,349.36,low,historical_dataset
2024-07-15T00:00:00,46.92883730438514,37789,1.0,805.24,medium,historical_dataset
2024-07-15T00:00:00,43.70329332467807,28694,1.0,656.56,medium,historical_dataset
2024-07-15T00:00:00,24.632775237348167,20420,1.0,828.98,medium,historical_dataset
2024-07-15T00:00:00,36.06195102676867,34991,1.0,970.3,medium,historical_dataset
2024-07-15T00:00:00,36.66591322315323,24544,1.0,669.4,medium,historical_dataset
2024-07-15T00:00:00,53.891141145825046,15353,1.0,284.89,low,historical_dataset
2024-07-15T00:00:00,38.18753826449329,19075,1.0,499.51,low,historical_dataset
2024-07-15T00:00:00,40.85518206727754,19316,1.0,472.79,low,historical_dataset
2024-07-15T00:00:00,49.54192082021874,16335,1.0,329.72,low,historical_dataset
2024-07-16T00:00:00,20.0,42375,1.0,2118.75,high,historical_dataset
2024-07-16T00:00:00,32.719735746535434,49625,1.0,1516.67,high,historical_dataset
2024-07-16T00:00:00,22.92255319467926,21663,1.0,945.05,medium,historical_dataset
2024-07-16T00:00:00,41.49448842594615,59437,1.0,1432.41,high,historical_dataset
2024-07-16T00:00:00,20.0,27273,1.0,1363.65,high,historical_dataset
2024-07-16T00:00:00,65.68945627831167,11853,1.0,180.44,low,historical_dataset
2024-07-16T00:00:00,45.96764056570598,35496,1.0,772.2,medium,historical_dataset
2024-07-16T00:00:00,60.35606721056091,22833,1.0,378.3,low,historical_dataset
2024-07-16T00:00:00,53.5414343555011,27026,1.0,504.77,medium,historical_dataset
2024-07-16T00:00:00,38.263979842819936,17825,1.0,465.84,low,historical_dataset
2024-07-16T00:00:00,20.0,42107,1.0,2105.35,high,historical_dataset
2024-07-16T00:00:00,51.4268948775492,6411,1.0,124.66,low,historical_dataset
2024-07-17T00:00:00,52.559631667413406,21974,1.0,418.08,low,historical_dataset
2024-07-17T00:00:00,47.657220826224275,22800,1.0,478.42,low,historical_dataset
2024-07-17T00:00:00,42.42683237876098,50908,1.0,1199.9,high,historical_dataset
2024-07-17T00:00:00,31.185770506898265,63933,1.0,2050.07,high,historical_dataset
2024-07-17T00:00:00,31.82547871779732,52301,1.0,1643.37,high,historical_dataset
2024-07-17T00:00:00,39.168893323523996,33972,1.0,867.32,medium,historical_dataset
2024-07-17T00:00:00,35.658669713164954,27939,1.0,783.51,medium,historical_dataset
2024-07-17T00:00:00,30.0976207340414,29847,1.0,991.67,medium,historical_dataset
2024-07-17T00:00:00,31.42515605546491,37901,1.0,1206.07,high,historical_dataset
2024-07-18T00:00:00,20.0,35397,1.0,1769.85,high,historical_dataset
2024-07-18T00:00:00,47.51544004070491,35680,1.0,750.91,medium,historical_dataset
2024-07-18T00:00:00,45.26317214842014,23460,1.0,518.3,medium,historical_dataset
2024-07-18T00:00:00,26.555636012883255,41264,1.0,1553.87,high,historical_dataset
2024-07-18T00:00:00,38.07705292790366,9521,1.0,250.05,low,historical_dataset
2024-07-18T00:00:00,43.93331239002951,27449,1.0,624.79,medium,historical_dataset
2024-07-18T00:00:00,38.67453341860249,31155,1.0,805.57,medium,historical_dataset
2024-07-18T00:00:00,20.0,23896,1.0,1194.8,high,historical_dataset
2024-07-19T00:00:00,41.42685535727024,34099,1.0,823.11,medium,historical_dataset
2024-07-19T00:00:00,46.30576060477247,20170,1.0,435.58,low,historical_dataset
2024-07-19T00:00:00,39.78563760408332,45745,1.0,1149.79,high,historical_dataset
2024-07-19T00:00:00,34.92008864945223,33692,1.0,964.83,medium,historical_dataset
2024-07-19T00:00:00,41.26872540791663,8295,1.0,201.0,low,historical_dataset
2024-07-19T00:00:00,31.44657184422411,24632,1.0,783.3,medium,historical_dataset
2024-07-19T00:00:00,34.40024401248427,54580,1.0,1586.62,high,historical_dataset
2024-07-19T00:00:00,48.22165649748831,41178,1.0,853.93,medium,historical_dataset
2024-07-19T00:00:00,36.85188964859721,30400,1.0,824.92,medium,historical_dataset
2024-07-19T00:00:00,41.90975580151576,17939,1.0,428.04,low,historical_dataset
2024-07-19T00:00:00,37.32158737784054,12182,1.0,326.41,low,historical_dataset
2024-07-20T00:00:00,43.843735993972636,38412,1.0,876.11,medium,historical_dataset
2024-07-20T00:00:00,23.23181027537944,39521,1.0,1701.16,high,historical_dataset
2024-07-20T00:00:00,48.10363574311432,20541,1.0,427.02,low,historical_dataset
2024-07-20T00:00:00,53.81881706201807,54821,1.0,1018.62,high,historical_dataset
2024-07-20T00:00:00,20.0,31085,1.0,1554.25,high,historical_dataset
2024-07-20T00:00:00,32.72250816195107,32019,1.0,978.5,medium,historical_dataset
2024-07-20T00:00:00,39.582652613371124,15227,1.0,384.69,low,historical_dataset
2024-07-21T00:00:00,36.54564389903091,11733,1.0,321.05,low,historical_dataset
2024-07-21T00:00:00,50.74063411904418,35517,1.0,699.97,medium,historical_dataset
2024-07-21T00:00:00,43.99778306447765,15938,1.0,362.25,low,historical_dataset
2024-07-21T00:00:00,21.446424037399222,27585,1.0,1286.23,high,historical_dataset
2024-07-21T00:00:00,20.23673186173538,16474,1.0,814.06,medium,historical_dataset
2024-07-21T00:00:00,30.844687014192356,25888,1.0,839.3,medium,historical_dataset
2024-07-21T00:00:00,30.705663075701114,12543,1.0,408.49,low,historical_dataset
2024-07-21T00:00:00,47.16775879975122,21553,1.0,456.94,low,historical_dataset
2024-07-21T00:00:00,20.0,41673,1.0,2083.65,high,historical_dataset
2024-07-22T00:00:00,39.38400473205166,34750,1.0,882.34,medium,historical_dataset
2024-07-22T00:00:00,46.94316313389235,23086,1.0,491.79,low,historical_dataset
2024-07-22T00:00:00,51.708177527448385,13116,1.0,253.65,low,historical_dataset
2024-07-22T00:00:00,51.449935035684426,25776,1.0,500.99,medium,historical_dataset
2024-07-22T00:00:00,53.53016171393486,10647,1.0,198.9,low,historical_dataset
2024-07-22T00:00:00,65.31941677584705,19750,1.0,302.36,low,historical_dataset
2024-07-22T00:00:00,48.07155827840059,21523,1.0,447.73,low,historical_dataset
2024-07-22T00:00:00,37.65315308572048,13697,1.0,363.77,low,historical_dataset
2024-07-23T00:00:00,32.901153468584724,34216,1.0,1039.96,high,historical_dataset
2024-07-23T00:00:00,28.524669263923183,32048,1.0,1123.52,high,historical_dataset
2024-07-23T00:00:00,41.56669682915104,30196,1.0,726.45,medium,historical_dataset
2024-07-23T00:00:00,44.91098780368231,31333,1.0,697.67,medium,historical_dataset
2024-07-23T00:00:00,30.05417043281215,45598,1.0,1517.19,high,historical_dataset
2024-07-23T00:00:00,33.15451265196117,33068,1.0,997.39,medium,historical_dataset
2024-07-23T00:00:00,44.679643911463685,28004,1.0,626.77,medium,historical_dataset
2024-07-23T00:00:00,20.0,27122,1.0,1356.1,high,historical_dataset
2024-07-23T00:00:00,56.8520170606897,17647,1.0,310.4,low,historical_dataset
2024-07-24T00:00:00,39.8935776190345,49128,1.0,1231.48,high,historical_dataset
2024-07-24T00:00:00,22.732852927059348,17660,1.0,776.85,medium,historical_dataset
2024-07-24T00:00:00,48.87540058504591,40158,1.0,821.64,medium,historical_dataset
2024-07-24T00:00:00,44.46877380455367,50233,1.0,1129.62,high,historical_dataset
2024-07-24T00:00:00,44.587801879385694,11540,1.0,258.82,low,historical_dataset
2024-07-24T00:00:00,43.46563348550761,22989,1.0,528.9,medium,historical_dataset
2024-07-24T00:00:00,56.671746271010846,23785,1.0,419.7,low,historical_dataset
2024-07-24T00:00:00,38.557925010531754,20350,1.0,527.78,medium,historical_dataset
2024-07-24T00:00:00,34.89254910471184,33634,1.0,963.93,medium,historical_dataset
2024-07-24T00:00:00,36.435516224793744,31383,1.0,861.33,medium,historical_dataset
2024-07-25T00:00:00,46.55419107632852,11375,1.0,244.34,low,historical_dataset
2024-07-25T00:00:00,45.760858881414215,39949,1.0,872.99,medium,historical_dataset
2024-07-25T00:00:00,33.50516525161267,27553,1.0,822.35,medium,historical_dataset
2024-07-25T00:00:00,55.47915667079809,34022,1.0,613.24,medium,historical_dataset
2024-07-25T00:00:00,42.88149704352523,42046,1.0,980.52,medium,historical_dataset
2024-07-25T00:00:00,34.572464449579954,41635,1.0,1204.28,high,historical_dataset
2024-07-25T00:00:00,35.54365056371296,56193,1.0,1580.96,high,historical_dataset
2024-07-25T00:00:00,37.592988112297306,26144,1.0,695.45,medium,historical_dataset
2024-07-25T00:00:00,47.85317790739718,22606,1.0,472.4,low,historical_dataset
2024-07-25T00:00:00,40.67307864882896,16509,1.0,405.9,low,historical_dataset
2024-07-26T00:00:00,44.35297468122259,11173,1.0,251.91,low,historical_dataset
2024-07-26T00:00:00,35.53128078848396,35350,1.0,994.9,medium,historical_dataset
2024-07-26T00:00:00,44.21450877394514,15456,1.0,349.57,low,historical_dataset
2024-07-26T00:00:00,56.92082312551953,15363,1.0,269.9,low,historical_dataset
2024-07-26T00:00:00,67.7522664833247,4987,1.0,73.61,low,historical_dataset
2024-07-26T00:00:00,63.98267190741836,12621,1.0,197.26,low,historical_dataset
2024-07-26T00:00:00,26.68370108944993,9944,1.0,372.66,low,historical_dataset
2024-07-26T00:00:00,30.066928500474138,38502,1.0,1280.54,high,historical_dataset
2024-07-26T00:00:00,36.96319986251417,7667,1.0,207.42,low,historical_dataset
2024-07-26T00:00:00,45.24293137515765,20893,1.0,461.8,low,historical_dataset
2024-07-27T00:00:00,36.40795754673839,56031,1.0,1538.98,high,historical_dataset
2024-07-27T00:00:00,28.06246384773188,34501,1.0,1229.44,high,historical_dataset
2024-07-27T00:00:00,41.7507943533689,32674,1.0,782.6,medium,historical_dataset
2024-07-27T00:00:00,24.699732590930388,47150,1.0,1908.93,high,historical_dataset
2024-07-27T00:00:00,35.607816495894525,45783,1.0,1285.76,high,historical_dataset
2024-07-27T00:00:00,56.87241609000061,37852,1.0,665.56,medium,historical_dataset
2024-07-27T00:00:00,38.316593160411045,13551,1.0,353.66,low,historical_dataset
2024-07-27T00:00:00,39.129539222108136,25192,1.0,643.81,medium,historical_dataset
2024-07-27T00:00:00,40.27141882147218,19802,1.0,491.71,low,historical_dataset
2024-07-28T00:00:00,50.15126626983933,11193,1.0,223.18,low,historical_dataset
2024-07-28T00:00:00,20.759211925495222,47446,1.0,2285.54,high,historical_dataset
2024-07-28T00:00:00,49.32249432332364,21867,1.0,443.35,low,historical_dataset
2024-07-28T00:00:00,36.739083045395276,47403,1.0,1290.26,high,historical_dataset
2024-07-28T00:00:00,34.24017684175785,36733,1.0,1072.8,high,historical_dataset
2024-07-28T00:00:00,33.20201561687586,36141,1.0,1088.52,high,historical_dataset
2024-07-28T00:00:00,56.77718461359521,19262,1.0,339.26,low,historical_dataset
2024-07-28T00:00:00,49.018800634440055,21236,1.0,433.22,low,historical_dataset
2024-07-28T00:00:00,40.74932454249702,27700,1.0,679.77,medium,historical_dataset
2024-07-28T00:00:00,42.70995387868091,31010,1.0,726.06,medium,historical_dataset
2024-07-29T00:00:00,50.76151802596367,22519,1.0,443.62,low,historical_dataset
2024-07-29T00:00:00,37.0421304982593,7613,1.0,205.52,low,historical_dataset
2024-07-29T00:00:00,47.32889361207865,47602,1.0,1005.77,high,historical_dataset
2024-07-29T00:00:00,23.370431807012608,42010,1.0,1797.57,high,historical_dataset
2024-07-29T00:00:00,39.480504774347835,28052,1.0,710.53,medium,historical_dataset
2024-07-29T00:00:00,48.44620624648279,51489,1.0,1062.81,high,historical_dataset
2024-07-29T00:00:00,49.374327083925856,40217,1.0,814.53,medium,historical_dataset
2024-07-29T00:00:00,50.198615773441524,27215,1.0,542.15,medium,historical_dataset
2024-07-29T00:00:00,50.421808130908985,8965,1.0,177.8,low,historical_dataset
2024-07-29T00:00:00,53.28282116697815,18400,1.0,345.33,low,historical_dataset
2024-07-30T00:00:00,33.69920756139627,47177,1.0,1399.94,high,historical_dataset
2024-07-30T00:00:00,38.54441976661687,32232,1.0,836.23,medium,historical_dataset
2024-07-30T00:00:00,28.820612496846856,31240,1.0,1083.95,high,historical_dataset
2024-07-30T00:00:00,46.397827288690664,16637,1.0,358.57,low,historical_dataset
2024-07-30T00:00:00,39.30411473766888,45072,1.0,1146.75,high,historical_dataset
2024-07-30T00:00:00,34.1239342050398,29908,1.0,876.45,medium,historical_dataset
2024-07-30T00:00:00,44.919186383607084,28018,1.0,623.74,medium,historical_dataset
2024-07-30T00:00:00,32.641662081812186,26777,1.0,820.33,medium,historical_dataset
2024-07-30T00:00:00,47.26382677282126,8630,1.0,182.59,low,historical_dataset
2024-07-30T00:00:00,41.89150585131792,15047,1.0,359.19,low,historical_dataset
2024-07-30T00:00:00,55.70130621485104,31793,1.0,570.78,medium,historical_dataset
2024-07-30T00:00:00,60.235768872562545,11170,1.0,185.44,low,historical_dataset
2024-07-31T00:00:00,38.982360148624075,13689,1.0,351.16,low,historical_dataset
2024-07-31T00:00:00,47.16020393840197,44444,1.0,942.4,medium,historical_dataset
2024-07-31T00:00:00,48.88795761349395,10136,1.0,207.33,low,historical_dataset
2024-07-31T00:00:00,44.049353170870674,44374,1.0,1007.37,high,historical_dataset
2024-07-31T00:00:00,37.71157752477588,48639,1.0,1289.76,high,historical_dataset
2024-07-31T00:00:00,34.78045174172663,20560,1.0,591.14,medium,historical_dataset
2024-07-31T00:00:00,40.548797509588205,36016,1.0,888.21,medium,historical_dataset
2024-07-31T00:00:00,51.73528019415319,9734,1.0,188.15,low,historical_dataset
2024-08-01T00:00:00,44.66467487991214,26424,1.0,591.61,medium,historical_dataset
2024-08-01T00:00:00,22.17718771198399,27236,1.0,1228.11,high,historical_dataset
2024-08-01T00:00:00,36.065830565125864,23665,1.0,656.16,medium,historical_dataset
2024-08-01T00:00:00,35.49941392320025,46495,1.0,1309.74,high,historical_dataset
2024-08-01T00:00:00,31.95131686158707,29666,1.0,928.48,medium,historical_dataset
2024-08-01T00:00:00,36.9910629412649,10001,1.0,270.36,low,historical_dataset
2024-08-01T00:00:00,49.781558973033825,15323,1.0,307.8,low,historical_dataset
2024-08-01T00:00:00,32.58858166884712,29838,1.0,915.6,medium,historical_dataset
2024-08-01T00:00:00,49.20889838837399,37728,1.0,766.69,medium,historical_dataset
2024-08-01T00:00:00,37.17971191829934,26073,1.0,701.27,medium,historical_dataset
2024-08-01T00:00:00,42.730862488066194,39137,1.0,915.9,medium,historical_dataset
2024-08-01T00:00:00,20.0,13685,1.0,684.25,medium,historical_dataset
2024-08-02T00:00:00,46.21795057461665,11561,1.0,250.14,low,historical_dataset
2024-08-02T00:00:00,35.68013640874023,50361,1.0,1411.46,high,historical_dataset
2024-08-02T00:00:00,39.66851936560558,52751,1.0,1329.8,high,historical_dataset
2024-08-02T00:00:00,27.398552377727434,56673,1.0,2068.47,high,historical_dataset
2024-08-02T00:00:00,34.223861871604505,29447,1.0,860.42,medium,historical_dataset
2024-08-02T00:00:00,30.040735843956593,41300,1.0,1374.8,high,historical_dataset
2024-08-02T00:00:00,52.73661046968404,23143,1.0,438.84,low,historical_dataset
2024-08-02T00:00:00,34.228958381324524,13888,1.0,405.74,low,historical_dataset
2024-08-03T00:00:00,46.079516133410785,22703,1.0,492.69,low,historical_dataset
2024-08-03T00:00:00,35.31221812515345,41887,1.0,1186.19,high,historical_dataset
2024-08-03T00:00:00,38.17680961351614,26640,1.0,697.81,medium,historical_dataset
2024-08-03T00:00:00,35.41136806976691,43258,1.0,1221.59,high,historical_dataset
2024-08-03T00:00:00,33.062075551871494,46853,1.0,1417.12,high,historical_dataset
2024-08-03T00:00:00,51.18890283790002,16943,1.0,330.99,low,historical_dataset
2024-08-03T00:00:00,29.02954918083802,53539,1.0,1844.29,high,historical_dataset
2024-08-03T00:00:00,54.129009135738606,14447,1.0,266.9,low,historical_dataset
2024-08-03T00:00:00,45.062166484982846,20727,1.0,459.96,low,historical_dataset
2024-08-03T00:00:00,39.86700714659076,18183,1.0,456.09,low,historical_dataset
2024-08-03T00:00:00,30.07668909413221,11503,1.0,382.46,low,historical_dataset
2024-08-04T00:00:00,45.623861186661706,41104,1.0,900.93,medium,historical_dataset
2024-08-04T00:00:00,39.81891023696853,11907,1.0,299.03,low,historical_dataset
2024-08-04T00:00:00,27.615694186049687,34371,1.0,1244.62,high,historical_dataset
2024-08-04T00:00:00,27.82949036391134,57795,1.0,2076.75,high,historical_dataset
2024-08-04T00:00:00,38.920088918101854,31136,1.0,800.0,medium,historical_dataset
2024-08-04T00:00:00,37.9865751054658,40723,1.0,1072.04,high,historical_dataset
2024-08-04T00:00:00,29.768690779318224,26739,1.0,898.23,medium,historical_dataset
2024-08-04T00:00:00,41.10140536812316,32945,1.0,801.55,medium,historical_dataset
2024-08-05T00:00:00,57.82640679754896,24718,1.0,427.45,low,historical_dataset
2024-08-05T00:00:00,40.321138600810265,11208,1.0,277.97,low,historical_dataset
2024-08-05T00:00:00,58.60395865589253,24916,1.0,425.16,low,historical_dataset
2024-08-05T00:00:00,37.48876474792154,45301,1.0,1208.39,high,historical_dataset
2024-08-05T00:00:00,48.76159616933389,18127,1.0,371.75,low,historical_dataset
2024-08-05T00:00:00,48.37893446901781,24949,1.0,515.7,medium,historical_dataset
2024-08-05T00:00:00,33.46250528443865,25575,1.0,764.29,medium,historical_dataset
2024-08-05T00:00:00,31.776172104533366,29910,1.0,941.27,medium,historical_dataset
2024-08-05T00:00:00,31.98658635845738,31166,1.0,974.35,medium,historical_dataset
2024-08-06T00:00:00,35.46405809531217,37154,1.0,1047.65,high,historical_dataset
2024-08-06T00:00:00,36.68814707395037,32723,1.0,891.92,medium,historical_dataset
2024-08-06T00:00:00,39.29216845411699,24933,1.0,634.55,medium,historical_dataset
2024-08-06T00:00:00,21.640950981813535,69158,1.0,3195.7,high,historical_dataset
2024-08-06T00:00:00,31.87840699626932,42179,1.0,1323.12,high,historical_dataset
2024-08-06T00:00:00,39.98012771851333,14428,1.0,360.88,low,historical_dataset
2024-08-06T00:00:00,43.69990308827369,37064,1.0,848.15,medium,historical_dataset
2024-08-06T00:00:00,29.92263664702042,26629,1.0,889.93,medium,historical_dataset
2024-08-06T00:00:00,40.754301136034464,8985,1.0,220.47,low,historical_dataset
2024-08-06T00:00:00,44.63381457234014,12561,1.0,281.42,low,historical_dataset
2024-08-06T00:00:00,37.69803973907817,20912,1.0,554.72,medium,historical_dataset
2024-08-07T00:00:00,39.86976231758564,10893,1.0,273.21,low,historical_dataset
2024-08-07T00:00:00,35.37803999398456,37221,1.0,1052.09,high,historical_dataset
2024-08-07T00:00:00,32.326592881476394,24793,1.0,766.95,medium,historical_dataset
2024-08-07T00:00:00,56.5940317420292,8152,1.0,144.04,low,historical_dataset
2024-08-07T00:00:00,34.673766380270905,29731,1.0,857.45,medium,historical_dataset
2024-08-07T00:00:00,48.58436634783543,44529,1.0,916.53,medium,historical_dataset
2024-08-07T00:00:00,41.69813219123506,15234,1.0,365.34,low,historical_dataset
2024-08-07T00:00:00,32.83328741814739,11751,1.0,357.9,low,historical_dataset
2024-08-07T00:00:00,46.87804466782988,14164,1.0,302.15,low,historical_dataset
2024-08-07T00:00:00,56.673497167836096,22027,1.0,388.66,low,historical_dataset
2024-08-07T00:00:00,39.333780747277885,21547,1.0,547.8,medium,historical_dataset
2024-08-08T00:00:00,20.0,52465,1.0,2623.25,high,historical_dataset
2024-08-08T00:00:00,32.731127592162366,23999,1.0,733.22,medium,historical_dataset
2024-08-08T00:00:00,61.12027884102616,24579,1.0,402.14,low,historical_dataset
2024-08-08T00:00:00,31.05161449304568,43994,1.0,1416.8,high,historical_dataset
2024-08-08T00:00:00,31.517755516440825,28605,1.0,907.58,medium,historical_dataset
2024-08-08T00:00:00,42.18494105221827,27399,1.0,649.5,medium,historical_dataset
2024-08-08T00:00:00,52.30144203252302,16410,1.0,313.76,low,historical_dataset
2024-08-08T00:00:00,36.97052514390682,27385,1.0,740.73,medium,historical_dataset
2024-08-08T00:00:00,35.8749414524928,27809,1.0,775.17,medium,historical_dataset
2024-08-08T00:00:00,40.27914201825152,10563,1.0,262.24,low,historical_dataset
2024-08-09T00:00:00,24.92514336471592,33339,1.0,1337.57,high,historical_dataset
2024-08-09T00:00:00,38.47176783521982,37265,1.0,968.63,medium,historical_dataset
2024-08-09T00:00:00,20.0,27673,1.0,1383.65,high,historical_dataset
2024-08-09T00:00:00,43.13845101889725,58992,1.0,1367.5,high,historical_dataset
2024-08-09T00:00:00,23.440275851889886,11387,1.0,485.79,low,historical_dataset
2024-08-09T00:00:00,45.16842939087733,36477,1.0,807.58,medium,historical_dataset
2024-08-09T00:00:00,22.028609231444214,42822,1.0,1943.93,high,historical_dataset
2024-08-09T00:00:00,52.2547982927275,20540,1.0,393.07,low,historical_dataset
2024-08-09T00:00:00,31.128966990614785,14705,1.0,472.39,low,historical_dataset
